{"type":"Topology","arcs":[[[31143,12910],[-8,74],[75,0],[-1,10],[46,1],[-3,23],[11,6],[31,1],[2,28],[20,19],[40,1],[28,6],[20,-4],[10,16],[3,42],[-2,138],[1,68],[227,4],[46,0],[1,-45],[65,1],[0,23],[160,3],[9,20]],[[31924,13345],[1,-55]],[[31925,13290],[0,-9]],[[31925,13281],[0,-25]],[[31925,13256],[2,-136]],[[31927,13120],[0,-21]],[[31927,13099],[0,-21]],[[31927,13078],[3,-262]],[[31930,12816],[1,-8]],[[31931,12808],[1,-86]],[[31932,12722],[1,-139]],[[31933,12583],[2,-132]],[[31935,12451],[2,-143]],[[31937,12308],[0,-6]],[[31937,12302],[0,-1]],[[31937,12301],[1,-30]],[[31938,12271],[1,-73]],[[31939,12198],[2,-175]],[[31941,12023],[2,-116]],[[31943,11907],[3,-193]],[[31946,11714],[-2,-4]],[[31944,11710],[-413,-8]],[[31531,11702],[-20,0]],[[31511,11702],[-71,-1]],[[31440,11701],[-6,0]],[[31434,11701],[5,-283],[3,-265]],[[31442,11153],[0,-92]],[[31442,11061],[-5,0]],[[31437,11061],[-61,0]],[[31376,11061],[-98,-1]],[[31278,11060],[-5,0]],[[31273,11060],[-2,0]],[[31271,11060],[3,-100]],[[31274,10960],[2,-98]],[[31276,10862],[0,-29]],[[31276,10833],[0,-11]],[[31276,10822],[0,-23]],[[31276,10799],[0,-12]],[[31276,10787],[2,-37]],[[31278,10750],[0,-2]],[[31278,10748],[2,-35]],[[31280,10713],[4,-116],[2,-118],[4,-311],[1,-77]],[[31291,10091],[-2,-177],[1,-12]],[[31290,9902],[0,-17]],[[31290,9885],[0,-34],[-77,-2],[0,15],[-76,-1],[0,36],[-75,0],[-1,57],[-190,-1],[-11,-15],[-51,0],[-2,-17],[-21,-9],[2,-325],[-73,-3]],[[30715,9586],[-29,78],[-38,376],[-30,129],[-12,210],[-20,183],[-40,219]],[[30546,10781],[-25,138],[-61,205],[-6,16]],[[30454,11140],[-48,125],[-43,85],[1,10],[-32,79],[-40,51],[-40,43],[-7,23],[15,18],[-10,19],[-49,0],[-41,46],[-7,37],[-19,36],[-33,40],[-56,45],[-78,52],[-94,46],[-41,29],[-28,41],[13,10],[29,-37],[29,-12],[5,7],[-9,52],[-68,58],[-59,28],[-86,24],[-62,-5],[-20,17],[10,42],[19,22],[-6,30],[4,26],[-14,41],[6,44],[57,39],[0,20]],[[29652,12371],[1,20],[-44,8]],[[29609,12399],[-37,-26]],[[29572,12373],[-10,-6],[-53,9],[-70,-29],[-4,41],[-19,2],[2,23],[-10,21],[-35,15],[-18,36],[-23,-5]],[[29332,12480],[-54,-73],[-12,-60],[16,-75],[28,-66],[33,-35],[0,-21],[-78,-8],[-74,-19],[-54,-34],[-50,0],[-5,46],[20,51],[11,69],[-44,27],[11,19],[26,8],[-14,25],[-39,25],[-8,29],[-2,52],[-45,88],[-13,82],[3,88],[15,17],[-10,27],[-16,5],[-29,122],[-35,15],[-31,63],[-16,72],[17,28],[10,31],[-39,63],[-85,93],[-17,45],[-19,13],[-15,-1],[-30,20],[-12,38],[1,44],[13,20],[38,46],[83,10],[34,-19],[66,-7],[70,-22],[74,-110],[29,-89],[14,-11],[-2,-70],[26,-51],[59,8],[27,36]],[[29208,13134],[3,3],[-49,82],[25,113],[9,107],[27,89],[70,160],[20,97]],[[29313,13785],[15,74]],[[29328,13859],[5,0]],[[29333,13859],[24,1]],[[29357,13860],[22,-1]],[[29379,13859],[40,0]],[[29419,13859],[21,0]],[[29440,13859],[2,0]],[[29442,13859],[29,0]],[[29471,13859],[143,-1],[390,-1]],[[30004,13857],[97,-208],[31,-65],[24,-82]],[[30156,13502],[6,-20]],[[30162,13482],[4,-13]],[[30166,13469],[3,-14]],[[30169,13455],[0,-19]],[[30169,13436],[-3,-24]],[[30166,13412],[0,-7]],[[30166,13405],[-5,-84]],[[30161,13321],[0,-8]],[[30161,13313],[10,-25],[70,-89],[22,-41]],[[30263,13158],[-33,-30]],[[30230,13128],[-31,-28]],[[30199,13100],[-6,-8]],[[30193,13092],[-51,-65]],[[30142,13027],[-39,-49]],[[30103,12978],[2,-18]],[[30105,12960],[-8,1]],[[30097,12961],[1,-5]],[[30098,12956],[9,-76]],[[30107,12880],[7,-22]],[[30114,12858],[7,-2]],[[30121,12856],[25,-8]],[[30146,12848],[1,-21]],[[30147,12827],[49,-39],[-4,-22],[63,-1],[-1,-23],[-33,1],[1,-45],[31,1],[1,-45],[43,0],[-1,34],[21,0],[1,78],[86,0],[0,-35],[11,-9],[31,5],[0,19],[42,1],[0,28],[21,-12],[0,-15],[21,0],[0,-34],[-41,-1],[1,-56],[21,0],[1,-33],[10,0],[-1,34],[10,16],[35,0],[-17,-49],[26,-11],[85,7],[-1,39],[42,1],[0,-28],[36,1]],[[30737,12634],[-4,-41],[32,1],[1,-90]],[[30766,12504],[0,-22]],[[30766,12482],[119,2],[23,12],[48,40],[30,17],[33,10],[37,30],[49,62],[39,28],[10,22],[3,38],[-14,167]],[[28211,13977],[39,0]],[[28250,13977],[18,-4]],[[28268,13973],[61,-12]],[[28329,13961],[9,0]],[[28338,13961],[28,-7]],[[28366,13954],[46,-16]],[[28412,13938],[31,-6]],[[28443,13932],[30,-1]],[[28473,13931],[5,-2]],[[28478,13929],[17,-12]],[[28495,13917],[26,-28]],[[28521,13889],[16,-15]],[[28537,13874],[7,-7]],[[28544,13867],[7,-4]],[[28551,13863],[10,-3]],[[28561,13860],[24,1]],[[28585,13861],[-12,-31],[-11,-8],[-24,23],[-56,-10],[-53,28],[-101,-50],[-17,-55],[-7,-52],[-28,-109],[5,-59],[-16,-8],[-12,19],[2,34],[-5,192],[-25,172],[-14,30]],[[28464,12824],[22,26],[29,-26],[42,-119],[39,-140],[9,-46],[28,-61],[9,-37],[13,-87],[43,-69],[-1,-40],[16,-34],[3,-18],[-11,-20],[14,-15],[14,11],[22,-8],[1,-28],[24,-14],[21,4],[1,-26],[30,-7],[25,-20],[49,-2],[40,11],[65,-34],[167,-114],[60,68],[54,0],[22,25],[114,-74],[24,-23],[21,-11],[62,3],[26,10],[9,-17],[-259,-164],[-63,-21],[-41,0],[-80,18],[-151,70],[-116,118],[-127,75],[-21,25],[-20,29],[-30,80],[-65,350],[-15,34],[1,30],[-20,72],[-44,74],[-38,25],[-19,58],[2,59]],[[28262,13325],[21,25],[14,98],[30,24],[21,-10],[3,-19],[16,-39],[-13,-26],[-2,-38],[14,-31],[45,-29],[-18,-47],[-5,-40],[19,-45],[9,-36],[26,-31],[2,-46],[22,-63],[26,-10],[1,-12],[-12,-32],[-2,-29],[-14,5],[-21,80],[-19,47],[-24,19],[-45,97],[-19,50],[-33,34],[-42,65],[0,39]],[[39094,11372],[0,-21]],[[39094,11351],[0,-27]],[[39094,11324],[0,-35]],[[39094,11289],[1,-54]],[[39095,11235],[0,-40]],[[39095,11195],[0,-20]],[[39095,11175],[1,-17]],[[39096,11158],[0,-14]],[[39096,11144],[0,-19]],[[39096,11125],[1,0]],[[39097,11125],[2,0]],[[39099,11125],[6,0]],[[39105,11125],[45,-1]],[[39150,11124],[2,0]],[[39152,11124],[5,0]],[[39157,11124],[5,0]],[[39162,11124],[2,0]],[[39164,11124],[5,0]],[[39169,11124],[4,0]],[[39173,11124],[2,0]],[[39175,11124],[3,0]],[[39178,11124],[1,0]],[[39179,11124],[3,0]],[[39182,11124],[2,0]],[[39184,11124],[18,0]],[[39202,11124],[26,0]],[[39228,11124],[16,0]],[[39244,11124],[16,0]],[[39260,11124],[8,0]],[[39268,11124],[1,0]],[[39269,11124],[2,0]],[[39271,11124],[0,-50],[6,-189]],[[39277,10885],[-3,-1],[-1,-91]],[[39273,10793],[-78,-2],[-93,1],[0,-13],[-174,2]],[[38928,10781],[-250,4],[2,-73],[-3,-17],[-77,2]],[[38600,10697],[-1,-107]],[[38599,10590],[1,-8]],[[38600,10582],[2,-24]],[[38602,10558],[-3,-41]],[[38599,10517],[0,-35]],[[38599,10482],[0,-96]],[[38599,10386],[-1,-90]],[[38598,10296],[14,-1],[-9,-28],[-10,-14],[4,-16],[-1,-123]],[[38596,10114],[0,-2]],[[38596,10112],[0,-10]],[[38596,10102],[0,-12]],[[38596,10090],[2,-154],[53,0],[3,-45],[9,-23],[0,-22],[55,-1],[130,1]],[[38848,9846],[0,-1]],[[38848,9845],[84,0],[-1,16],[23,0],[13,9],[10,-9],[-1,-43],[-21,-17],[0,-34],[-13,-14],[74,1]],[[39016,9754],[5,-53]],[[39021,9701],[7,-37]],[[39028,9664],[-3,1]],[[39025,9665],[3,-41],[3,-120]],[[39031,9504],[-1,0]],[[39030,9504],[-45,-2],[-21,3],[-130,-3],[-40,-2]],[[38794,9500],[-455,-11],[-39,-2]],[[38300,9487],[-42,3],[-317,-9],[-102,1]],[[37839,9482],[-1,26]],[[37838,9508],[-6,289]],[[37832,9797],[-34,172]],[[37798,9969],[0,6]],[[37798,9975],[1,17]],[[37799,9992],[9,0]],[[37808,9992],[-24,8],[-504,2],[-253,0],[-254,1],[-274,0],[-69,9],[-421,77],[-404,74],[-66,2]],[[35539,10165],[8,-201],[5,-91],[12,-480]],[[35564,9393],[9,-292],[-1,-46]],[[35572,9055],[0,-70]],[[35572,8985],[0,-13]],[[35572,8972],[0,-179],[-4,-261],[0,-283],[2,-115],[1,-169]],[[35571,7965],[0,-20]],[[35571,7945],[-1,-44]],[[35570,7901],[1,-5]],[[35571,7896],[-126,-2],[-444,-6],[-97,0],[-527,-4],[-130,2],[-580,2],[-72,1]],[[33595,7889],[-59,-1]],[[33536,7888],[-158,-2],[-61,2]],[[33317,7888],[-2,0]],[[33315,7888],[-20,-1]],[[33295,7887],[-82,-1]],[[33213,7886],[-18,-1]],[[33195,7885],[-135,-2],[-476,0],[-61,3]],[[32523,7886],[-9,0]],[[32514,7886],[-6,0]],[[32508,7886],[-67,-1]],[[32441,7885],[-4,0]],[[32437,7885],[-6,0]],[[32431,7885],[32,48],[-22,24],[-44,13],[-16,25],[-53,5],[-9,16],[-9,38],[-35,24],[-29,8],[-34,-23],[-18,39],[-41,14],[-38,-14],[12,70],[-34,41],[-72,-43],[-24,53],[-47,22],[-16,-35],[-26,20],[-18,38],[-33,-4],[-12,37],[-6,36],[-28,17],[-90,78],[-93,-9],[-70,49],[-16,43]],[[31542,8515],[-18,0],[-62,-59],[-56,-64],[-38,-23],[-16,-33],[22,-29],[7,-34],[-16,-60],[-26,-39],[-4,-31],[-34,12],[-25,34],[-124,277],[-24,28],[-2,36],[-25,5],[-30,-4],[-5,8],[1,56],[-14,81],[-14,28],[-22,31],[-35,32],[-41,30],[-12,38],[14,24],[43,55],[34,11],[-7,24],[-29,19],[-12,32],[-10,47],[-18,11],[-27,33],[-25,45],[-56,167],[-62,130],[-59,153]],[[31924,13345],[0,39]],[[31924,13384],[0,15]],[[31924,13399],[-1,84]],[[31923,13483],[0,27]],[[31923,13510],[0,3]],[[31923,13513],[1,68]],[[31924,13581],[0,68]],[[31924,13649],[3,205]],[[31927,13854],[184,-2],[202,-2]],[[32313,13850],[122,0]],[[32435,13850],[4,0]],[[32439,13850],[17,0]],[[32456,13850],[30,0]],[[32486,13850],[0,15]],[[32486,13865],[1,75]],[[32487,13940],[78,0]],[[32565,13940],[18,0]],[[32583,13940],[1,0]],[[32584,13940],[20,0]],[[32604,13940],[4,0]],[[32608,13940],[7,0]],[[32615,13940],[0,-83]],[[32615,13857],[2,-8]],[[32617,13849],[1,0]],[[32618,13849],[44,0]],[[32662,13849],[6,0]],[[32668,13849],[124,-1]],[[32792,13848],[79,0]],[[32871,13848],[12,0]],[[32883,13848],[34,0]],[[32917,13848],[6,1]],[[32923,13849],[14,0]],[[32937,13849],[79,0]],[[33016,13849],[28,0]],[[33044,13849],[2,0]],[[33046,13849],[215,-1]],[[33261,13848],[3,0]],[[33264,13848],[210,0]],[[33474,13848],[128,0]],[[33602,13848],[325,-1]],[[33927,13847],[63,-1]],[[33990,13846],[3,-1]],[[33993,13845],[303,1],[161,0]],[[34457,13846],[9,0]],[[34466,13846],[184,1],[370,2]],[[35020,13849],[55,1]],[[35075,13850],[42,0]],[[35117,13850],[11,0]],[[35128,13850],[63,1]],[[35191,13851],[53,196]],[[35244,14047],[198,734]],[[35442,14781],[49,183],[14,60]],[[35505,15024],[57,1],[658,0],[546,-7]],[[36766,15018],[147,-1]],[[36913,15017],[36,0]],[[36949,15017],[6,0]],[[36955,15017],[9,0]],[[36964,15017],[47,1]],[[37011,15018],[57,0]],[[37068,15018],[44,0]],[[37112,15018],[263,1]],[[37375,15019],[0,-1]],[[37375,15018],[-2,-367],[164,-169],[174,-183],[184,-183],[104,-107],[88,-102],[30,-43],[32,-35],[238,-1],[11,4],[129,-5],[84,2],[170,0],[12,3],[70,-2],[151,1],[-5,-121],[-21,0],[0,-23],[21,0],[-1,-30],[21,0],[0,-12],[-64,3],[-1,-61],[5,-30],[-7,-24],[-4,-70],[33,0],[31,15]],[[39022,13478],[12,4]],[[39034,13482],[9,1]],[[39043,13483],[-1,-64]],[[39042,13419],[-22,-2],[-1,-21],[20,-1],[-3,-89]],[[39036,13306],[0,-2]],[[39036,13304],[39,0]],[[39075,13304],[24,0]],[[39099,13304],[35,-2]],[[39134,13302],[15,-1]],[[39149,13301],[46,-2]],[[39195,13299],[20,-1]],[[39215,13298],[29,-1]],[[39244,13297],[12,0]],[[39256,13297],[32,-1]],[[39288,13296],[1,0]],[[39289,13296],[89,-4],[22,1]],[[39400,13293],[0,-5]],[[39400,13288],[0,-85],[-15,12],[-33,-1],[-16,-11],[21,-12],[1,-81],[-21,1],[-2,-55],[20,-4],[-2,-33],[-18,-12],[1,-92],[-85,-1]],[[39251,12914],[0,-91]],[[39251,12823],[1,-18]],[[39252,12805],[0,-29]],[[39252,12776],[1,-29]],[[39253,12747],[-170,6],[0,-164],[-2,-46],[2,-117]],[[39083,12426],[0,-14]],[[39083,12412],[4,-349],[1,-160]],[[39088,11903],[4,-138],[1,-141],[-1,-99],[2,-153]],[[31927,13854],[1,130],[2,248]],[[31930,14232],[1,90]],[[31931,14322],[1,73]],[[31932,14395],[1,70]],[[31933,14465],[5,471]],[[31938,14936],[-1,2]],[[31937,14938],[1,14]],[[31938,14952],[3,259]],[[31941,15211],[3,275]],[[31944,15486],[0,1]],[[31944,15487],[0,8]],[[31944,15495],[0,14]],[[31944,15509],[0,3]],[[31944,15512],[0,196],[1,12],[-2,332],[-2,521]],[[31941,16573],[1,15]],[[31942,16588],[-6,588],[0,207]],[[31936,17383],[1,201]],[[31937,17584],[-1,0]],[[31936,17584],[0,65],[1,193]],[[31937,17842],[0,119]],[[31937,17961],[0,203]],[[31937,18164],[1,113]],[[31938,18277],[0,22]],[[31938,18299],[0,31]],[[31938,18330],[0,377],[0,26]],[[31938,18733],[0,25]],[[31938,18758],[1,159]],[[31939,18917],[0,16]],[[31939,18933],[0,109]],[[31939,19042],[0,29]],[[31939,19071],[0,50]],[[31939,19121],[0,152]],[[31939,19273],[5,0]],[[31944,19273],[36,0]],[[31980,19273],[64,0]],[[32044,19273],[1,0]],[[32045,19273],[70,-1]],[[32115,19272],[1,0]],[[32116,19272],[-14,15]],[[32102,19287],[-47,76]],[[32055,19363],[-3,4]],[[32052,19367],[-4,7]],[[32048,19374],[-11,18]],[[32037,19392],[-1,2]],[[32036,19394],[-8,13]],[[32028,19407],[-4,6]],[[32024,19413],[-1,2]],[[32023,19415],[-18,29]],[[32005,19444],[-9,14]],[[31996,19458],[-1,2]],[[31995,19460],[-4,7]],[[31991,19467],[-6,9]],[[31985,19476],[-15,25]],[[31970,19501],[-2,4]],[[31968,19505],[-11,17]],[[31957,19522],[-11,18]],[[31946,19540],[-11,24]],[[31935,19564],[-3,11]],[[31932,19575],[-2,18]],[[31930,19593],[1,15]],[[31931,19608],[6,21]],[[31937,19629],[6,14]],[[31943,19643],[10,34],[-1,20],[-9,26],[-53,88],[-49,0]],[[31841,19811],[-13,17]],[[31828,19828],[-44,55]],[[31784,19883],[-24,40]],[[31760,19923],[45,0],[0,23],[-9,23]],[[31796,19969],[-26,47],[20,-5],[27,-16],[27,18],[26,-19],[28,0],[20,12],[-2,29],[-14,30],[8,16],[94,2],[-1,79],[-21,-1],[0,-25],[-17,0],[-11,24],[-5,34],[7,14],[-2,44],[8,8],[63,3],[-2,88],[65,0],[0,-10],[43,1],[21,8],[1,-19],[-22,0],[0,-15],[22,-8],[82,0],[29,-27],[9,-19],[268,-1],[5,18],[20,15],[2,25],[15,27],[1,24],[13,-1],[5,57],[22,64],[3,33],[26,19],[29,1],[1,11],[-22,32],[32,15],[-11,39],[12,24],[2,43]],[[32696,20707],[50,-8]],[[32746,20699],[16,-5]],[[32762,20694],[16,-6]],[[32778,20688],[30,-11]],[[32808,20677],[3,-1]],[[32811,20676],[32,-13]],[[32843,20663],[21,-12]],[[32864,20651],[3,4],[0,191],[52,1],[19,5],[-3,13],[24,27],[47,32],[27,-17],[3,13],[19,26],[-10,21],[17,14],[-3,22],[44,13],[4,24]],[[33107,21040],[-3,5]],[[33104,21045],[-9,16]],[[33095,21061],[-4,-1]],[[33091,21060],[-5,-1]],[[33086,21059],[-9,10]],[[33077,21069],[-2,10]],[[33075,21079],[1,3]],[[33076,21082],[7,11]],[[33083,21093],[1,2]],[[33084,21095],[2,0]],[[33086,21095],[10,-1]],[[33096,21094],[5,-1]],[[33101,21093],[5,-2]],[[33106,21091],[1,0]],[[33107,21091],[1,-1]],[[33108,21090],[12,-4]],[[33120,21086],[3,-5]],[[33123,21081],[0,5]],[[33123,21086],[9,33]],[[33132,21119],[0,26]],[[33132,21145],[-4,7]],[[33128,21152],[-16,1]],[[33112,21153],[-12,13]],[[33100,21166],[-4,-4]],[[33096,21162],[-13,2]],[[33083,21164],[-6,5]],[[33077,21169],[-4,0]],[[33073,21169],[-6,-1]],[[33067,21168],[3,14]],[[33070,21182],[1,9]],[[33071,21191],[0,4]],[[33071,21195],[1,6]],[[33072,21201],[0,5]],[[33072,21206],[1,8]],[[33073,21214],[-10,19]],[[33063,21233],[-81,56]],[[32982,21289],[-18,6]],[[32964,21295],[-1,7]],[[32963,21302],[-2,7]],[[32961,21309],[-7,11]],[[32954,21320],[-13,-5]],[[32941,21315],[-10,7]],[[32931,21322],[-5,0]],[[32926,21322],[-3,0]],[[32923,21322],[-1,15]],[[32922,21337],[-1,15]],[[32921,21352],[-10,49],[-6,56],[15,24],[6,29],[27,-14],[23,0],[7,-10],[11,47],[-5,33],[12,3],[10,31],[25,13],[1,27],[-12,18],[-20,-3],[-31,22],[8,11]],[[32982,21688],[1,1]],[[32983,21689],[1,1]],[[32984,21690],[1,0]],[[32985,21690],[5,0]],[[32990,21690],[2,12]],[[32992,21702],[0,2]],[[32992,21704],[4,3]],[[32996,21707],[-2,11]],[[32994,21718],[4,6]],[[32998,21724],[2,3]],[[33000,21727],[-1,0]],[[32999,21727],[-1,2]],[[32998,21729],[-5,8]],[[32993,21737],[-5,6]],[[32988,21743],[-2,3]],[[32986,21746],[2,11]],[[32988,21757],[2,6]],[[32990,21763],[-2,6]],[[32988,21769],[-1,6]],[[32987,21775],[1,9]],[[32988,21784],[-1,2]],[[32987,21786],[-4,12]],[[32983,21798],[3,6]],[[32986,21804],[2,4]],[[32988,21808],[-1,7]],[[32987,21815],[0,2]],[[32987,21817],[-1,1]],[[32986,21818],[-2,3]],[[32984,21821],[-3,4]],[[32981,21825],[-1,7]],[[32980,21832],[-6,6]],[[32974,21838],[0,2]],[[32974,21840],[3,10]],[[32977,21850],[0,1]],[[32977,21851],[6,7]],[[32983,21858],[-4,7]],[[32979,21865],[4,13]],[[32983,21878],[14,11]],[[32997,21889],[4,-3]],[[33001,21886],[4,-4]],[[33005,21882],[2,-2]],[[33007,21880],[0,-1]],[[33007,21879],[4,-1]],[[33011,21878],[1,0]],[[33012,21878],[3,0]],[[33015,21878],[3,-1]],[[33018,21877],[7,-2]],[[33025,21875],[4,0]],[[33029,21875],[3,-1]],[[33032,21874],[2,-1]],[[33034,21873],[4,-1]],[[33038,21872],[6,-1]],[[33044,21871],[1,2]],[[33045,21873],[0,2]],[[33045,21875],[5,2]],[[33050,21877],[11,3]],[[33061,21880],[8,-5]],[[33069,21875],[7,7]],[[33076,21882],[3,3]],[[33079,21885],[2,2]],[[33081,21887],[0,22]],[[33081,21909],[-1,10]],[[33080,21919],[0,1]],[[33080,21920],[0,2]],[[33080,21922],[-3,6]],[[33077,21928],[0,9]],[[33077,21937],[0,12]],[[33077,21949],[0,4]],[[33077,21953],[-1,1]],[[33076,21954],[-7,6]],[[33069,21960],[2,8]],[[33071,21968],[1,3]],[[33072,21971],[1,2]],[[33073,21973],[1,2]],[[33074,21975],[1,1]],[[33075,21976],[6,4]],[[33081,21980],[-149,3]],[[32932,21983],[-4,0]],[[32928,21983],[-6,14],[-23,22],[-39,3],[-21,31],[-12,33],[-14,5],[-16,33],[1,14],[-16,16],[-5,25],[-15,35],[-15,15],[-28,-1],[-38,28],[-17,25],[-3,19],[-16,-3],[-40,24],[-13,49],[-11,16],[-17,37],[-31,17],[-2,31],[-48,40],[-13,14],[7,26],[-12,20],[-14,8],[-32,46],[2,13],[-11,26],[-18,27],[-19,4],[-13,13],[-59,38],[-20,32],[-15,3],[-27,21],[-11,18],[-11,51],[29,11],[94,1],[0,133],[7,40],[-46,4],[-137,45],[-23,5],[-3,27],[-35,28],[-31,38],[1,39],[70,2]],[[32143,23244],[-1,108]],[[32142,23352],[-2,52],[23,1]],[[32163,23405],[0,29]],[[32163,23434],[-1,66],[-7,13]],[[32155,23513],[-2,1]],[[32153,23514],[-2,0]],[[32151,23514],[3,4]],[[32154,23518],[-6,13],[-51,61],[8,11]],[[32105,23603],[2,0]],[[32107,23603],[112,-1]],[[32219,23602],[3,0]],[[32222,23602],[113,-1]],[[32335,23601],[3,0]],[[32338,23601],[100,1]],[[32438,23602],[57,1]],[[32495,23603],[52,3]],[[32547,23606],[44,1]],[[32591,23607],[57,0]],[[32648,23607],[2,0]],[[32650,23607],[21,0]],[[32671,23607],[22,0]],[[32693,23607],[2,0]],[[32695,23607],[1,0]],[[32696,23607],[11,-1]],[[32707,23606],[8,0]],[[32715,23606],[12,0]],[[32727,23606],[5,0]],[[32732,23606],[26,0]],[[32758,23606],[9,0]],[[32767,23606],[9,0]],[[32776,23606],[1,0]],[[32777,23606],[12,0]],[[32789,23606],[21,0]],[[32810,23606],[30,0]],[[32840,23606],[2,0]],[[32842,23606],[16,0]],[[32858,23606],[17,35]],[[32875,23641],[57,74],[9,19]],[[32941,23734],[1,15],[-14,219],[20,76],[4,35],[13,39],[5,42],[13,51]],[[32983,24211],[7,33]],[[32990,24244],[-1,5]],[[32989,24249],[-7,29]],[[32982,24278],[-7,31]],[[32975,24309],[-1,2]],[[32974,24311],[-4,22]],[[32970,24333],[-1,11]],[[32969,24344],[-1,23],[-7,11]],[[32961,24378],[16,15],[-12,37],[3,10],[31,39],[13,3],[10,19],[26,-5],[12,15],[44,5],[14,-4],[7,-15],[-7,-17],[16,-12],[1,-20],[18,0],[11,-22]],[[33164,24426],[32,0]],[[33196,24426],[11,0]],[[33207,24426],[2,0]],[[33209,24426],[1,0]],[[33210,24426],[5,0]],[[33215,24426],[1,0]],[[33216,24426],[11,0]],[[33227,24426],[2,0]],[[33229,24426],[140,1],[12,-3],[45,-45],[35,-56],[52,-94],[27,0],[46,13],[32,4],[74,1]],[[33692,24247],[326,2],[38,-1]],[[34056,24248],[255,-2],[93,2],[1,-640]],[[34405,23608],[169,-1]],[[34574,23607],[207,-2],[21,1]],[[34802,23606],[103,5],[266,-6],[148,0]],[[35319,23605],[23,0]],[[35342,23605],[32,-1]],[[35374,23604],[55,0]],[[35429,23604],[149,1],[47,-1]],[[35625,23604],[0,-2]],[[35625,23602],[0,-12]],[[35625,23590],[1,-200],[3,-130]],[[35629,23260],[4,-244],[-1,-36]],[[35632,22980],[-1,-49]],[[35631,22931],[-3,-487]],[[35628,22444],[-2,-247]],[[35626,22197],[-1,-169]],[[35625,22028],[0,-1]],[[35625,22027],[0,-1]],[[35625,22026],[0,-2]],[[35625,22024],[0,-44]],[[35625,21980],[-3,0]],[[35622,21980],[-31,0]],[[35591,21980],[0,-116]],[[35591,21864],[0,-5]],[[35591,21859],[-4,-50]],[[35587,21809],[3,-53]],[[35590,21756],[-2,-288]],[[35588,21468],[0,-70]],[[35588,21398],[-1,-49]],[[35587,21349],[2,-29]],[[35589,21320],[1,-86]],[[35590,21234],[1,-85]],[[35591,21149],[-1,-10]],[[35590,21139],[0,-4]],[[35590,21135],[0,-18]],[[35590,21117],[0,-42],[2,-494],[1,-221]],[[35593,20360],[173,0],[45,3]],[[35811,20363],[302,1],[0,3]],[[36113,20367],[150,-4]],[[36263,20363],[269,0],[173,-1],[265,-3]],[[36970,20359],[141,0]],[[37111,20359],[11,0]],[[37122,20359],[0,-1]],[[37122,20358],[125,0]],[[37247,20358],[26,0]],[[37273,20358],[2,0]],[[37275,20358],[8,0]],[[37283,20358],[203,-1]],[[37486,20357],[9,37]],[[37495,20394],[11,5]],[[37506,20399],[29,36]],[[37535,20435],[2,3]],[[37537,20438],[1,2]],[[37538,20440],[11,16]],[[37549,20456],[1,2]],[[37550,20458],[13,47]],[[37563,20505],[-1,20]],[[37562,20525],[-1,11]],[[37561,20536],[2,6]],[[37563,20542],[18,16]],[[37581,20558],[39,0]],[[37620,20558],[25,0]],[[37645,20558],[1,0]],[[37646,20558],[125,1]],[[37771,20559],[4,1]],[[37775,20560],[14,12]],[[37789,20572],[10,14]],[[37799,20586],[13,10]],[[37812,20596],[0,-6],[99,-222],[65,-155],[64,-133],[44,-101],[20,-37],[38,-84],[20,-57],[9,-42],[36,-127],[39,-124],[15,-67],[14,-41],[6,-39],[15,-47],[19,-82],[3,-47],[15,-52],[22,-47],[43,-66],[18,-36],[7,-23],[32,-169],[17,-70]],[[38472,18722],[-8,-1]],[[38464,18721],[-26,0]],[[38438,18721],[-7,0]],[[38431,18721],[-99,0]],[[38332,18721],[-1,0]],[[38331,18721],[-142,1]],[[38189,18722],[-42,1]],[[38147,18723],[-223,-1],[-201,4],[-236,2],[-89,2]],[[37398,18730],[-5,-1]],[[37393,18729],[-12,-1]],[[37381,18728],[-1,0]],[[37380,18728],[-1,0]],[[37379,18728],[-259,1]],[[37120,18729],[-258,0]],[[36862,18729],[-109,-1],[-164,1]],[[36589,18729],[-1,0]],[[36588,18729],[-1,-197],[2,-160]],[[36589,18372],[0,-12]],[[36589,18360],[3,-166],[-1,-100]],[[36591,18094],[3,-44]],[[36594,18050],[-1,-123],[3,-266]],[[36596,17661],[2,-349]],[[36598,17312],[1,-153]],[[36599,17159],[0,-15]],[[36599,17144],[0,-49]],[[36599,17095],[-5,0]],[[36594,17095],[1,-270],[2,-35]],[[36597,16790],[0,-1]],[[36597,16789],[0,-19]],[[36597,16770],[0,-3]],[[36597,16767],[1,-216]],[[36598,16551],[0,-12]],[[36598,16539],[0,-7]],[[36598,16532],[1,-270]],[[36599,16262],[0,-5]],[[36599,16257],[2,-156],[-1,-72]],[[36600,16029],[-33,-33]],[[36567,15996],[-10,-10]],[[36557,15986],[-41,-41],[-296,-276],[-372,-331]],[[35848,15338],[-84,-76],[-259,-238]],[[31796,19969],[-63,1]],[[31733,19970],[-19,32]],[[31714,20002],[-10,19]],[[31704,20021],[-3,4]],[[31701,20025],[-57,100],[-55,0],[1,-69],[-43,0],[0,-66],[-43,0],[0,-46],[-21,0],[-1,94],[-32,12],[8,32],[-32,22],[5,18],[-14,42],[-8,-9],[-48,-25],[-22,-1],[4,62],[-3,8],[-37,-15],[-16,13],[-16,-19],[-26,-4],[-1,128],[-41,1],[1,89],[-18,4],[-24,-24],[-72,-22],[-72,4],[-32,-15],[-19,11],[-191,-1],[-69,3],[-39,-3],[-142,-1],[3,-40],[28,-8],[1,-92],[-41,0],[0,47],[-14,5],[-32,0],[0,39],[-5,3],[-26,46],[-22,11],[-7,45],[-14,8],[-73,0],[-27,13],[-126,0],[-46,18],[-124,-2],[-18,7],[-23,26],[-17,7],[-38,6],[-22,24],[-35,8],[-37,14],[-27,2],[14,19],[-1,15],[-14,8],[-1,184],[-66,0],[-3,18],[-22,-1],[-27,-15],[-25,4],[-24,-3],[-26,16],[-63,-20],[0,-30],[-9,-14],[-16,-1],[-149,-1]],[[29352,20714],[0,9]],[[29352,20723],[2,161]],[[29354,20884],[-2,122]],[[29352,21006],[0,1]],[[29352,21007],[0,3]],[[29352,21010],[0,64]],[[29352,21074],[0,1]],[[29352,21075],[0,5]],[[29352,21080],[0,13]],[[29352,21093],[0,13]],[[29352,21106],[0,15]],[[29352,21121],[0,29]],[[29352,21150],[-1,3]],[[29351,21153],[0,12]],[[29351,21165],[0,8]],[[29351,21173],[-1,125]],[[29350,21298],[0,2]],[[29350,21300],[0,10]],[[29350,21310],[-1,7]],[[29349,21317],[0,29]],[[29349,21346],[0,7]],[[29349,21353],[-1,39]],[[29348,21392],[1,8]],[[29349,21400],[1,4]],[[29350,21404],[1,8]],[[29351,21412],[-2,22]],[[29349,21434],[0,1]],[[29349,21435],[0,7]],[[29349,21442],[0,22]],[[29349,21464],[0,3]],[[29349,21467],[0,7]],[[29349,21474],[0,1]],[[29349,21475],[1,10]],[[29350,21485],[0,1]],[[29350,21486],[0,10]],[[29350,21496],[0,14]],[[29350,21510],[0,27]],[[29350,21537],[0,16]],[[29350,21553],[0,22]],[[29350,21575],[0,20]],[[29350,21595],[0,17]],[[29350,21612],[0,7]],[[29350,21619],[0,4]],[[29350,21623],[-1,2]],[[29349,21625],[0,1]],[[29349,21626],[-1,35]],[[29348,21661],[0,23]],[[29348,21684],[0,1]],[[29348,21685],[0,24]],[[29348,21709],[-1,42]],[[29347,21751],[0,1]],[[29347,21752],[-1,190]],[[29346,21942],[0,11]],[[29346,21953],[0,113]],[[29346,22066],[-1,44]],[[29345,22110],[0,20]],[[29345,22130],[1,27]],[[29346,22157],[0,60]],[[29346,22217],[1,50]],[[29347,22267],[-1,171]],[[29346,22438],[0,1]],[[29346,22439],[0,7]],[[29346,22446],[1,71]],[[29347,22517],[-47,0]],[[29300,22517],[-55,0]],[[29245,22517],[-159,0]],[[29086,22517],[0,159]],[[29086,22676],[0,111],[-2,55]],[[29084,22842],[0,206]],[[29084,23048],[0,10]],[[29084,23058],[161,0]],[[29245,23058],[106,-1]],[[29351,23057],[0,213]],[[29351,23270],[0,1]],[[29351,23271],[0,6]],[[29351,23277],[-2,31]],[[29349,23308],[0,62]],[[29349,23370],[0,19]],[[29349,23389],[2,3]],[[29351,23392],[3,4]],[[29354,23396],[1,1]],[[29355,23397],[12,7]],[[29367,23404],[1,0]],[[29368,23404],[13,5]],[[29381,23409],[8,2]],[[29389,23411],[14,13]],[[29403,23424],[9,1]],[[29412,23425],[5,1]],[[29417,23426],[5,1]],[[29422,23427],[1,1]],[[29423,23428],[5,4]],[[29428,23432],[3,2]],[[29431,23434],[2,2]],[[29433,23436],[3,-8]],[[29436,23428],[2,1]],[[29438,23429],[12,3]],[[29450,23432],[2,1]],[[29452,23433],[5,1]],[[29457,23434],[1,1]],[[29458,23435],[3,3]],[[29461,23438],[3,2]],[[29464,23440],[0,1]],[[29464,23441],[8,-1]],[[29472,23440],[10,3]],[[29482,23443],[11,4]],[[29493,23447],[2,0]],[[29495,23447],[3,6]],[[29498,23453],[1,2]],[[29499,23455],[10,-3]],[[29509,23452],[16,2]],[[29525,23454],[2,-2]],[[29527,23452],[2,-3]],[[29529,23449],[6,8]],[[29535,23457],[3,-3]],[[29538,23454],[3,0]],[[29541,23454],[1,0]],[[29542,23454],[7,2]],[[29549,23456],[5,-6]],[[29554,23450],[3,3]],[[29557,23453],[3,3]],[[29560,23456],[1,-1]],[[29561,23455],[6,-1]],[[29567,23454],[5,-2]],[[29572,23452],[7,-2]],[[29579,23450],[9,-3]],[[29588,23447],[8,4]],[[29596,23451],[7,3]],[[29603,23454],[4,-2]],[[29607,23452],[3,-1]],[[29610,23451],[2,-1]],[[29612,23450],[9,-3]],[[29621,23447],[4,-5]],[[29625,23442],[1,-2]],[[29626,23440],[3,-3]],[[29629,23437],[1,-1]],[[29630,23436],[1,0]],[[29631,23436],[7,0]],[[29638,23436],[4,0]],[[29642,23436],[1,0]],[[29643,23436],[3,0]],[[29646,23436],[1,0]],[[29647,23436],[18,-9]],[[29665,23427],[6,-6]],[[29671,23421],[8,-16]],[[29679,23405],[4,-7]],[[29683,23398],[0,-1]],[[29683,23397],[8,-19]],[[29691,23378],[3,-7]],[[29694,23371],[10,-17]],[[29704,23354],[14,-11]],[[29718,23343],[7,1]],[[29725,23344],[12,1]],[[29737,23345],[11,0]],[[29748,23345],[6,1]],[[29754,23346],[8,6]],[[29762,23352],[2,5]],[[29764,23357],[3,12]],[[29767,23369],[7,4]],[[29774,23373],[8,-10]],[[29782,23363],[2,0]],[[29784,23363],[7,-1]],[[29791,23362],[4,0]],[[29795,23362],[4,0]],[[29799,23362],[9,-1]],[[29808,23361],[18,-1]],[[29826,23360],[26,7]],[[29852,23367],[12,-1]],[[29864,23366],[2,224]],[[29866,23590],[91,0]],[[29957,23590],[342,1],[93,3]],[[30392,23594],[0,99]],[[30392,23693],[203,-1]],[[30595,23692],[148,1]],[[30743,23693],[1,-96]],[[30744,23597],[376,1],[69,0]],[[31189,23598],[121,2]],[[31310,23600],[49,1]],[[31359,23601],[44,0]],[[31403,23601],[6,0]],[[31409,23601],[17,0]],[[31426,23601],[10,0]],[[31436,23601],[9,0]],[[31445,23601],[1,0]],[[31446,23601],[47,-1]],[[31493,23600],[29,0]],[[31522,23600],[1,0]],[[31523,23600],[21,1]],[[31544,23601],[117,0]],[[31661,23601],[4,0]],[[31665,23601],[5,0]],[[31670,23601],[33,0]],[[31703,23601],[4,0]],[[31707,23601],[33,0]],[[31740,23601],[221,2],[97,-1]],[[32058,23602],[41,1]],[[32099,23603],[6,0]],[[27401,21793],[0,4]],[[27401,21797],[0,12]],[[27401,21809],[0,53]],[[27401,21862],[1,22]],[[27402,21884],[-1,50],[4,16]],[[27405,21950],[-4,3]],[[27401,21953],[-25,1]],[[27376,21954],[0,24]],[[27376,21978],[1,144]],[[27377,22122],[15,10]],[[27392,22132],[9,8]],[[27401,22140],[11,22]],[[27412,22162],[61,142]],[[27473,22304],[28,86]],[[27501,22390],[9,26]],[[27510,22416],[16,31]],[[27526,22447],[41,68]],[[27567,22515],[3,0]],[[27570,22515],[11,0]],[[27581,22515],[13,0]],[[27594,22515],[31,0]],[[27625,22515],[9,-1]],[[27634,22514],[95,1]],[[27729,22515],[8,0]],[[27737,22515],[18,0]],[[27755,22515],[2,0]],[[27757,22515],[24,0]],[[27781,22515],[1,0]],[[27782,22515],[3,319],[18,83],[-25,4],[64,100],[52,60],[16,31],[14,49],[2,62],[9,74],[-5,74],[4,96]],[[27934,23467],[2,20]],[[27936,23487],[0,1]],[[27936,23488],[6,66],[6,35]],[[27948,23589],[3,16]],[[27951,23605],[7,35]],[[27958,23640],[2,21]],[[27960,23661],[2,227]],[[27962,23888],[1,8]],[[27963,23896],[5,14]],[[27968,23910],[6,10]],[[27974,23920],[12,10]],[[27986,23930],[16,9]],[[28002,23939],[43,29],[60,73],[46,37],[11,24],[1,41]],[[28163,24143],[-113,1]],[[28050,24144],[-10,0]],[[28040,24144],[-77,0]],[[27963,24144],[-5,0]],[[27958,24144],[-137,-3]],[[27821,24141],[-6,0]],[[27815,24141],[-123,-2]],[[27692,24139],[-31,0]],[[27661,24139],[-38,0],[-222,-2]],[[27401,24137],[-141,0]],[[27260,24137],[-33,-1]],[[27227,24136],[-14,1]],[[27213,24137],[-9,0]],[[27204,24137],[-30,0]],[[27174,24137],[-82,0]],[[27092,24137],[-1,0]],[[27091,24137],[-1,0]],[[27090,24137],[-263,0],[-343,1],[-208,-1],[-157,-1]],[[26119,24136],[-11,15],[5,28],[20,10],[-3,39],[17,7],[-1,15],[-21,11],[3,12],[-32,9],[-5,13],[-28,9],[-4,21],[8,13],[32,13],[19,0],[18,44],[-7,15],[15,40],[3,27],[-13,6],[-10,26],[13,21],[-20,21],[-42,-9],[49,52],[-5,22],[2,53],[7,51],[23,13],[47,16],[11,31],[-21,43],[-34,37],[8,21],[26,-1],[23,-11],[7,29],[-30,73],[6,27],[-3,14],[54,31],[8,23],[-25,22],[6,19],[-39,10],[-5,50],[5,24],[-8,6],[-31,-2],[-4,10],[51,42],[3,18],[-35,36],[-31,6],[-1,20],[-26,14],[-10,78],[20,17],[6,22],[-51,45],[12,38],[21,2],[18,11],[-9,18],[1,20],[39,-12],[36,47],[0,34],[-26,13],[-42,5],[-6,13],[16,21],[-5,18],[-39,14]],[[26094,25745],[-3,26],[-43,14],[-41,8],[-22,39],[-50,39],[-84,-4],[0,30],[30,52],[35,9],[19,46],[31,-15],[27,0],[20,19],[-42,68],[-2,58],[8,68],[-2,38],[-28,20],[31,43],[25,28],[2,21],[-19,21],[-16,4],[-11,-25],[-34,33],[-34,13],[-10,41],[-38,19],[-42,40],[-10,29],[-34,26],[11,69],[47,20],[-9,52],[-24,28],[15,39],[17,79],[90,26],[53,19],[57,43],[6,60],[-1,64],[-36,30],[18,13],[2,22],[-19,1],[-31,20],[27,36],[1,34],[-34,13],[-33,19],[-79,108],[-10,54],[-36,27],[-58,22],[0,50],[-39,26],[-12,-6],[-20,28],[27,12],[-39,28]],[[25648,27589],[1,2]],[[25649,27591],[8,12]],[[25657,27603],[2,2]],[[25659,27605],[5,8]],[[25664,27613],[4,4]],[[25668,27617],[6,6]],[[25674,27623],[-5,11]],[[25669,27634],[-1,3]],[[25668,27637],[1,10]],[[25669,27647],[16,7]],[[25685,27654],[12,7]],[[25697,27661],[10,6]],[[25707,27667],[20,17]],[[25727,27684],[8,0]],[[25735,27684],[5,5]],[[25740,27689],[-5,10]],[[25735,27699],[5,7]],[[25740,27706],[12,7]],[[25752,27713],[13,-1]],[[25765,27712],[4,3]],[[25769,27715],[10,7]],[[25779,27722],[5,6]],[[25784,27728],[13,0]],[[25797,27728],[16,0]],[[25813,27728],[4,14]],[[25817,27742],[2,4]],[[25819,27746],[8,7]],[[25827,27753],[8,15]],[[25835,27768],[8,9]],[[25843,27777],[2,2]],[[25845,27779],[7,10]],[[25852,27789],[7,8]],[[25859,27797],[9,5]],[[25868,27802],[3,6]],[[25871,27808],[6,3]],[[25877,27811],[6,4]],[[25883,27815],[8,4]],[[25891,27819],[3,3]],[[25894,27822],[3,4]],[[25897,27826],[9,0]],[[25906,27826],[3,1]],[[25909,27827],[8,3]],[[25917,27830],[12,-4]],[[25929,27826],[5,4]],[[25934,27830],[11,8]],[[25945,27838],[7,-3]],[[25952,27835],[5,-2]],[[25957,27833],[11,2]],[[25968,27835],[9,-2]],[[25977,27833],[2,6]],[[25979,27839],[13,-1]],[[25992,27838],[8,0]],[[26000,27838],[2,1]],[[26002,27839],[12,7]],[[26014,27846],[4,-3]],[[26018,27843],[9,-6]],[[26027,27837],[2,-1]],[[26029,27836],[10,-6]],[[26039,27830],[6,-5]],[[26045,27825],[2,0]],[[26047,27825],[17,-1]],[[26064,27824],[1,-1]],[[26065,27823],[6,-1]],[[26071,27822],[2,0]],[[26073,27822],[1,0]],[[26074,27822],[2,1]],[[26076,27823],[3,2]],[[26079,27825],[2,-1]],[[26081,27824],[1,-1]],[[26082,27823],[4,-10]],[[26086,27813],[3,-8]],[[26089,27805],[0,-4]],[[26089,27801],[0,-3]],[[26089,27798],[3,-1]],[[26092,27797],[11,-4]],[[26103,27793],[19,-1]],[[26122,27792],[8,-1]],[[26130,27791],[8,-1]],[[26138,27790],[2,-2]],[[26140,27788],[5,-5]],[[26145,27783],[8,1]],[[26153,27784],[5,0]],[[26158,27784],[14,-3]],[[26172,27781],[6,-3]],[[26178,27778],[6,-5]],[[26184,27773],[2,1]],[[26186,27774],[13,5]],[[26199,27779],[10,-1]],[[26209,27778],[12,-7]],[[26221,27771],[2,-1]],[[26223,27770],[3,-5]],[[26226,27765],[2,2]],[[26228,27767],[4,4]],[[26232,27771],[12,-2]],[[26244,27769],[11,-9]],[[26255,27760],[4,2]],[[26259,27762],[12,6]],[[26271,27768],[5,-2]],[[26276,27766],[3,-11]],[[26279,27755],[0,-2]],[[26279,27753],[2,-5]],[[26281,27748],[17,-3]],[[26298,27745],[7,1]],[[26305,27746],[3,-6]],[[26308,27740],[2,-5]],[[26310,27735],[14,2]],[[26324,27737],[10,-15]],[[26334,27722],[4,-2]],[[26338,27720],[7,1]],[[26345,27721],[5,0]],[[26350,27721],[5,-2]],[[26355,27719],[11,-6]],[[26366,27713],[3,0]],[[26369,27713],[7,0]],[[26376,27713],[9,-8]],[[26385,27705],[6,-6]],[[26391,27699],[5,0]],[[26396,27699],[9,-1]],[[26405,27698],[2,-1]],[[26407,27697],[13,-4]],[[26420,27693],[27,7]],[[26447,27700],[21,12]],[[26468,27712],[7,7]],[[26475,27719],[8,18]],[[26483,27737],[-6,13]],[[26477,27750],[1,17]],[[26478,27767],[7,18]],[[26485,27785],[13,23]],[[26498,27808],[6,8]],[[26504,27816],[16,5]],[[26520,27821],[27,-8]],[[26547,27813],[26,-4]],[[26573,27809],[28,0]],[[26601,27809],[2,0]],[[26603,27809],[5,0]],[[26608,27809],[3,2]],[[26611,27811],[8,5]],[[26619,27816],[3,3]],[[26622,27819],[5,7]],[[26627,27826],[1,3]],[[26628,27829],[2,7]],[[26630,27836],[10,3]],[[26640,27839],[2,1]],[[26642,27840],[5,2]],[[26647,27842],[3,1]],[[26650,27843],[5,5]],[[26655,27848],[11,3]],[[26666,27851],[10,6]],[[26676,27857],[6,-4]],[[26682,27853],[3,-3]],[[26685,27850],[11,2]],[[26696,27852],[10,1]],[[26706,27853],[0,-2]],[[26706,27851],[1,-5]],[[26707,27846],[7,-3]],[[26714,27843],[9,8]],[[26723,27851],[20,16]],[[26743,27867],[3,3]],[[26746,27870],[4,8]],[[26750,27878],[21,16]],[[26771,27894],[8,3]],[[26779,27897],[3,1]],[[26782,27898],[5,1]],[[26787,27899],[4,-3]],[[26791,27896],[21,1]],[[26812,27897],[8,4]],[[26820,27901],[-2,5]],[[26818,27906],[-1,3]],[[26817,27909],[8,4]],[[26825,27913],[6,-2]],[[26831,27911],[3,-12]],[[26834,27899],[-5,-11]],[[26829,27888],[15,1]],[[26844,27889],[4,13]],[[26848,27902],[5,3]],[[26853,27905],[11,-5]],[[26864,27900],[2,-2]],[[26866,27898],[11,4]],[[26877,27902],[4,-5]],[[26881,27897],[-4,-5]],[[26877,27892],[4,-6]],[[26881,27886],[2,5]],[[26883,27891],[2,4]],[[26885,27895],[5,-1]],[[26890,27894],[1,-11]],[[26891,27883],[14,-1]],[[26905,27882],[12,10]],[[26917,27892],[7,5]],[[26924,27897],[0,5]],[[26924,27902],[-1,7]],[[26923,27909],[21,-7]],[[26944,27902],[8,1]],[[26952,27903],[-1,-5]],[[26951,27898],[0,-8]],[[26951,27890],[6,1]],[[26957,27891],[5,0]],[[26962,27891],[3,-3]],[[26965,27888],[2,-3]],[[26967,27885],[-5,-10]],[[26962,27875],[-2,-5]],[[26960,27870],[10,-3]],[[26970,27867],[15,14]],[[26985,27881],[11,10]],[[26996,27891],[2,2]],[[26998,27893],[1,0]],[[26999,27893],[10,-3]],[[27009,27890],[3,4]],[[27012,27894],[5,0]],[[27017,27894],[4,0]],[[27021,27894],[17,16]],[[27038,27910],[3,7]],[[27041,27917],[3,4]],[[27044,27921],[12,6]],[[27056,27927],[3,1]],[[27059,27928],[7,7]],[[27066,27935],[14,0]],[[27080,27935],[-8,10]],[[27072,27945],[3,9]],[[27075,27954],[16,0]],[[27091,27954],[9,-2]],[[27100,27952],[7,8]],[[27107,27960],[17,-2]],[[27124,27958],[2,1]],[[27126,27959],[3,1]],[[27129,27960],[6,-8]],[[27135,27952],[4,0]],[[27139,27952],[8,0]],[[27147,27952],[6,0]],[[27153,27952],[2,0]],[[27155,27952],[-2,-4]],[[27153,27948],[-2,-6]],[[27151,27942],[3,-7]],[[27154,27935],[1,-1]],[[27155,27934],[12,-11]],[[27167,27923],[9,2]],[[27176,27925],[4,6]],[[27180,27931],[6,1]],[[27186,27932],[5,-6]],[[27191,27926],[3,-4]],[[27194,27922],[4,-4]],[[27198,27918],[1,-2]],[[27199,27916],[1,-1]],[[27200,27915],[5,-3]],[[27205,27912],[14,12]],[[27219,27924],[11,6]],[[27230,27930],[1,-4]],[[27231,27926],[1,-16]],[[27232,27910],[6,-10]],[[27238,27900],[7,-8]],[[27245,27892],[9,-9]],[[27254,27883],[8,-3]],[[27262,27880],[6,3]],[[27268,27883],[6,-4]],[[27274,27879],[10,-6]],[[27284,27873],[2,-2]],[[27286,27871],[12,-7]],[[27298,27864],[3,-2]],[[27301,27862],[4,-4]],[[27305,27858],[5,-1]],[[27310,27857],[3,-1]],[[27313,27856],[6,-1]],[[27319,27855],[-2,-6]],[[27317,27849],[-1,-3]],[[27316,27846],[2,-5]],[[27318,27841],[2,-4]],[[27320,27837],[8,1]],[[27328,27838],[6,1]],[[27334,27839],[5,-11]],[[27339,27828],[1,-6]],[[27340,27822],[2,-6]],[[27342,27816],[4,4]],[[27346,27820],[8,-3]],[[27354,27817],[-8,-10]],[[27346,27807],[12,-7]],[[27358,27800],[3,3]],[[27361,27803],[5,4]],[[27366,27807],[4,-4]],[[27370,27803],[0,-15]],[[27370,27788],[3,-1]],[[27373,27787],[9,-4]],[[27382,27783],[-4,-2]],[[27378,27781],[-3,-2]],[[27375,27779],[6,-2]],[[27381,27777],[4,-1]],[[27385,27776],[-2,-6]],[[27383,27770],[0,-3]],[[27383,27767],[13,1]],[[27396,27768],[11,2]],[[27407,27770],[2,-4]],[[27409,27766],[-6,-10]],[[27403,27756],[10,-5]],[[27413,27751],[18,-1]],[[27431,27750],[5,-5]],[[27436,27745],[-4,-17]],[[27432,27728],[0,-2]],[[27432,27726],[1,-2]],[[27433,27724],[6,-4]],[[27439,27720],[4,-4]],[[27443,27716],[9,2]],[[27452,27718],[8,4]],[[27460,27722],[10,5]],[[27470,27727],[8,3]],[[27478,27730],[5,1]],[[27483,27731],[5,-1]],[[27488,27730],[1,2]],[[27489,27732],[5,9]],[[27494,27741],[7,-3]],[[27501,27738],[11,1]],[[27512,27739],[6,8]],[[27518,27747],[3,5]],[[27521,27752],[9,1]],[[27530,27753],[-1,-8]],[[27529,27745],[-2,-10]],[[27527,27735],[5,-3]],[[27532,27732],[1,2]],[[27533,27734],[4,4]],[[27537,27738],[14,3]],[[27551,27741],[-3,-7]],[[27548,27734],[-1,0]],[[27547,27734],[4,-5]],[[27551,27729],[3,-1]],[[27554,27728],[11,-2]],[[27565,27726],[-3,-9]],[[27562,27717],[-1,-1]],[[27561,27716],[-9,-3]],[[27552,27713],[-1,-6]],[[27551,27707],[2,-2]],[[27553,27705],[12,-7]],[[27565,27698],[2,-3]],[[27567,27695],[4,-7]],[[27571,27688],[1,-1]],[[27572,27687],[1,-2]],[[27573,27685],[8,2]],[[27581,27687],[2,4]],[[27583,27691],[5,6]],[[27588,27697],[-1,-9]],[[27587,27688],[6,-3]],[[27593,27685],[15,8]],[[27608,27693],[5,-7]],[[27613,27686],[7,-4]],[[27620,27682],[14,-8]],[[27634,27674],[17,-6]],[[27651,27668],[3,-4]],[[27654,27664],[-1,-5]],[[27653,27659],[-3,-8]],[[27650,27651],[10,-11]],[[27660,27640],[4,4]],[[27664,27644],[6,4]],[[27670,27648],[8,2]],[[27678,27650],[20,-3]],[[27698,27647],[1,-1]],[[27699,27646],[4,-4]],[[27703,27642],[2,2]],[[27705,27644],[4,3]],[[27709,27647],[6,5]],[[27715,27652],[13,-5]],[[27728,27647],[-2,-5]],[[27726,27642],[6,-12]],[[27732,27630],[7,-5]],[[27739,27625],[-7,-7]],[[27732,27618],[0,-1]],[[27732,27617],[4,-5]],[[27736,27612],[2,-3]],[[27738,27609],[3,-13]],[[27741,27596],[12,-1]],[[27753,27595],[9,-2]],[[27762,27593],[6,-9]],[[27768,27584],[21,-2]],[[27789,27582],[15,-16]],[[27804,27566],[9,-5]],[[27813,27561],[11,-5]],[[27824,27556],[15,1]],[[27839,27557],[8,3]],[[27847,27560],[2,-3]],[[27849,27557],[6,-8]],[[27855,27549],[10,-7]],[[27865,27542],[4,-8]],[[27869,27534],[1,0]],[[27870,27534],[9,-3]],[[27879,27531],[6,-9]],[[27885,27522],[1,0]],[[27886,27522],[3,3]],[[27889,27525],[1,2]],[[27890,27527],[6,-3]],[[27896,27524],[4,-9]],[[27900,27515],[6,-3]],[[27906,27512],[2,-6]],[[27908,27506],[10,-1]],[[27918,27505],[3,0]],[[27921,27505],[12,-13]],[[27933,27492],[9,-4]],[[27942,27488],[1,-5]],[[27943,27483],[10,0]],[[27953,27483],[0,-8]],[[27953,27475],[1,-3]],[[27954,27472],[4,-2]],[[27958,27470],[2,0]],[[27960,27470],[3,4]],[[27963,27474],[0,4]],[[27963,27478],[8,-7]],[[27971,27471],[7,0]],[[27978,27471],[3,0]],[[27981,27471],[1,-9]],[[27982,27462],[0,-6]],[[27982,27456],[12,-9]],[[27994,27447],[2,-5]],[[27996,27442],[4,-12]],[[28000,27430],[1,-11]],[[28001,27419],[2,-7]],[[28003,27412],[0,-7]],[[28003,27405],[0,-13]],[[28003,27392],[0,-1]],[[28003,27391],[2,-12]],[[28005,27379],[8,-5]],[[28013,27374],[6,-13]],[[28019,27361],[5,-3]],[[28024,27358],[5,-4]],[[28029,27354],[9,-12]],[[28038,27342],[14,-1]],[[28052,27341],[5,-4]],[[28057,27337],[13,-10]],[[28070,27327],[10,-10]],[[28080,27317],[3,-14]],[[28083,27303],[6,-9]],[[28089,27294],[-1,-6]],[[28088,27288],[4,-13]],[[28092,27275],[-6,-20]],[[28086,27255],[4,-2]],[[28090,27253],[7,-4]],[[28097,27249],[8,-1]],[[28105,27248],[9,-6]],[[28114,27242],[3,-4]],[[28117,27238],[3,-9]],[[28120,27229],[3,-9]],[[28123,27220],[1,-6]],[[28124,27214],[1,-18]],[[28125,27196],[9,-20]],[[28134,27176],[13,-15]],[[28147,27161],[1,-12]],[[28148,27149],[12,-21]],[[28160,27128],[-1,-8]],[[28159,27120],[-1,-11]],[[28158,27109],[10,-13]],[[28168,27096],[16,-13]],[[28184,27083],[1,-7]],[[28185,27076],[2,-11]],[[28187,27065],[3,-18]],[[28190,27047],[7,-9]],[[28197,27038],[0,-1]],[[28197,27037],[-7,-9]],[[28190,27028],[10,-14]],[[28200,27014],[4,-13]],[[28204,27001],[13,-9]],[[28217,26992],[5,-4]],[[28222,26988],[7,-7]],[[28229,26981],[6,-12]],[[28235,26969],[10,-11]],[[28245,26958],[12,-4]],[[28257,26954],[7,-3]],[[28264,26951],[7,-7]],[[28271,26944],[9,-9]],[[28280,26935],[5,-2]],[[28285,26933],[15,-14]],[[28300,26919],[10,-5]],[[28310,26914],[5,-5]],[[28315,26909],[7,-8]],[[28322,26901],[25,-10]],[[28347,26891],[10,-15]],[[28357,26876],[10,-1]],[[28367,26875],[4,-17]],[[28371,26858],[7,-13]],[[28378,26845],[6,-12]],[[28384,26833],[-3,-9]],[[28381,26824],[-3,-6]],[[28378,26818],[1,-5]],[[28379,26813],[17,-10]],[[28396,26803],[4,-10]],[[28400,26793],[-3,-11]],[[28397,26782],[3,-8]],[[28400,26774],[7,-6]],[[28407,26768],[9,-8]],[[28416,26760],[3,-4]],[[28419,26756],[4,-6]],[[28423,26750],[16,-8]],[[28439,26742],[3,-1]],[[28442,26741],[4,0]],[[28446,26741],[3,-2]],[[28449,26739],[18,-10]],[[28467,26729],[6,-3]],[[28473,26726],[5,-6]],[[28478,26720],[1,-1]],[[28479,26719],[6,-3]],[[28485,26716],[5,-2]],[[28490,26714],[6,-8]],[[28496,26706],[16,-21]],[[28512,26685],[7,-12]],[[28519,26673],[7,-9]],[[28526,26664],[8,-5]],[[28534,26659],[3,-1]],[[28537,26658],[8,-1]],[[28545,26657],[10,-10]],[[28555,26647],[1,-8]],[[28556,26639],[0,-5]],[[28556,26634],[8,-19]],[[28564,26615],[14,-11]],[[28578,26604],[20,-15]],[[28598,26589],[13,-2]],[[28611,26587],[8,-7]],[[28619,26580],[3,-3]],[[28622,26577],[15,-11]],[[28637,26566],[15,-2]],[[28652,26564],[7,-2]],[[28659,26562],[6,-3]],[[28665,26559],[12,-13]],[[28677,26546],[5,-12]],[[28682,26534],[-1,-29]],[[28681,26505],[4,-14]],[[28685,26491],[3,-9]],[[28688,26482],[1,-25]],[[28689,26457],[10,-18]],[[28699,26439],[0,-12]],[[28699,26427],[0,-7]],[[28699,26420],[3,-3]],[[28702,26417],[4,-3]],[[28706,26414],[7,-3]],[[28713,26411],[9,-8]],[[28722,26403],[1,-1]],[[28723,26402],[25,-21]],[[28748,26381],[2,-1]],[[28750,26380],[2,-15]],[[28752,26365],[1,-7]],[[28753,26358],[0,-2]],[[28753,26356],[-1,-6]],[[28752,26350],[-6,-8]],[[28746,26342],[-2,-3]],[[28744,26339],[-4,-2]],[[28740,26337],[-9,-6]],[[28731,26331],[-2,-1]],[[28729,26330],[-11,-7]],[[28718,26323],[-3,-1]],[[28715,26322],[-9,0]],[[28706,26322],[0,-3]],[[28706,26319],[-1,-3]],[[28705,26316],[-1,-3]],[[28704,26313],[-30,-16]],[[28674,26297],[-14,-24]],[[28660,26273],[-8,-17]],[[28652,26256],[0,-18]],[[28652,26238],[0,-10]],[[28652,26228],[2,-6]],[[28654,26222],[12,-7]],[[28666,26215],[13,-2]],[[28679,26213],[5,-5]],[[28684,26208],[-1,-12]],[[28683,26196],[-3,-8]],[[28680,26188],[-2,-14]],[[28678,26174],[-15,-18]],[[28663,26156],[-17,-10]],[[28646,26146],[-4,1]],[[28642,26147],[-4,1]],[[28638,26148],[-8,2]],[[28630,26150],[-16,3]],[[28614,26153],[-5,-5]],[[28609,26148],[-13,-12]],[[28596,26136],[-14,3]],[[28582,26139],[-8,-5]],[[28574,26134],[-4,-2]],[[28570,26132],[-12,3]],[[28558,26135],[-6,-2]],[[28552,26133],[-4,-8]],[[28548,26125],[-14,-9]],[[28534,26116],[-2,-5]],[[28532,26111],[-3,-6]],[[28529,26105],[-2,-3]],[[28527,26102],[-1,-10]],[[28526,26092],[-2,-9]],[[28524,26083],[0,-2]],[[28524,26081],[-1,-2]],[[28523,26079],[-3,-4]],[[28520,26075],[-6,2]],[[28514,26077],[-9,3]],[[28505,26080],[-6,-3]],[[28499,26077],[-2,-18]],[[28497,26059],[-4,-5]],[[28493,26054],[-19,-13]],[[28474,26041],[-12,-5]],[[28462,26036],[-18,-20]],[[28444,26016],[-9,-3]],[[28435,26013],[-9,-8]],[[28426,26005],[-6,-17]],[[28420,25988],[-1,-16]],[[28419,25972],[-2,-2]],[[28417,25970],[-7,-7]],[[28410,25963],[-9,-6]],[[28401,25957],[-2,-1]],[[28399,25956],[-2,-4]],[[28397,25952],[-5,-9]],[[28392,25943],[-1,-3]],[[28391,25940],[-7,-6]],[[28384,25934],[-14,-5]],[[28370,25929],[-7,-10]],[[28363,25919],[-16,-20]],[[28347,25899],[-15,-10]],[[28332,25889],[-1,-24]],[[28331,25865],[-9,-15]],[[28322,25850],[0,-8]],[[28322,25842],[2,-3]],[[28324,25839],[4,-5]],[[28328,25834],[2,-2]],[[28330,25832],[3,-4]],[[28333,25828],[-10,-9]],[[28323,25819],[-1,-1]],[[28322,25818],[1,-6]],[[28323,25812],[9,-7]],[[28332,25805],[3,-14]],[[28335,25791],[-4,-6]],[[28331,25785],[-3,-4]],[[28328,25781],[-1,-5]],[[28327,25776],[0,-2]],[[28327,25774],[-2,-8]],[[28325,25766],[-1,-6]],[[28324,25760],[-15,-25]],[[28309,25735],[-3,-17]],[[28306,25718],[-8,-8]],[[28298,25710],[-4,-4]],[[28294,25706],[-5,-5]],[[28289,25701],[-14,-26]],[[28275,25675],[1,-10]],[[28276,25665],[1,-20]],[[28277,25645],[-2,-19]],[[28275,25626],[-2,-16]],[[28273,25610],[-6,-17]],[[28267,25593],[-8,-11]],[[28259,25582],[-25,-30],[-34,-16],[-3,-25],[23,-37],[18,-13],[32,-7],[22,9],[-1,-19],[-13,-15],[-7,-35],[13,-23],[15,-5],[17,-22],[18,6],[14,-20],[-6,-27],[5,-15],[18,-5],[-2,-20],[27,-22],[21,-23],[-2,-19],[9,-33],[22,3],[37,-47],[-4,-9],[16,-56],[21,-36],[38,-30],[48,6],[10,16],[27,-4],[8,-12],[18,-3],[24,-27],[11,5],[67,-24],[17,0],[10,18],[21,9],[12,24],[24,-17],[7,5],[22,-15],[10,-16],[33,-5],[13,-33],[1,-24],[17,-31],[7,-30],[11,-9],[50,-26],[12,0],[25,20],[14,-1],[12,-18],[13,-38],[33,-36],[7,-22],[27,-13],[27,8],[5,15],[28,7],[42,21],[25,-1],[50,-37],[20,-25],[-1,-265]],[[29355,24413],[-1,-113]],[[29354,24300],[0,-140]],[[29354,24160],[-1,-112]],[[29353,24048],[-1,-201]],[[29352,23847],[-1,-331],[-2,-127]],[[29346,21953],[-275,0],[-4,49],[-10,19],[-153,-1],[15,-90],[-112,-2],[-216,0],[-259,0]],[[28332,21928],[-190,0],[-11,16],[-68,-45],[-13,-21],[0,-153],[2,-229],[-64,-15],[-65,-10]],[[27923,21471],[0,-2]],[[27923,21469],[0,-1]],[[27923,21468],[3,-28]],[[27926,21440],[1,-7]],[[27927,21433],[0,-66]],[[27927,21367],[0,-78]],[[27927,21289],[0,-37]],[[27927,21252],[-1,-31]],[[27926,21221],[-7,-59]],[[27919,21162],[-8,-67]],[[27911,21095],[-2,1]],[[27909,21096],[-8,-59]],[[27901,21037],[0,-1]],[[27901,21036],[-3,-27]],[[27898,21009],[-5,-17]],[[27893,20992],[-4,-11]],[[27889,20981],[-75,-163],[-3,-10],[-32,25],[-76,1],[0,145],[-64,0],[0,67],[-88,0],[1,100],[-26,0],[-20,4],[-49,27]],[[27457,21177],[-12,4],[-40,-5],[-14,7],[-79,1]],[[27312,21184],[1,361],[8,-4],[22,41],[12,10],[1,66],[28,0],[2,52],[15,16],[0,67]],[[25659,26404],[32,9],[48,7],[61,-36],[35,-43],[-40,-40],[-15,-43],[-13,-21],[-23,22],[-33,38],[5,49],[-15,39],[-36,9],[-6,10]],[[38143,7071],[5,-119]],[[38148,6952],[0,-7]],[[38148,6945],[1,-29]],[[38149,6916],[0,-4]],[[38149,6912],[4,-98]],[[38153,6814],[0,-3]],[[38153,6811],[11,-12]],[[38164,6799],[2,-2]],[[38166,6797],[3,-13]],[[38169,6784],[1,-13]],[[38170,6771],[2,-66]],[[38172,6705],[2,-53]],[[38174,6652],[5,-20]],[[38179,6632],[11,-18]],[[38190,6614],[15,-16]],[[38205,6598],[10,-10],[21,-69]],[[38236,6519],[-12,-15]],[[38224,6504],[-19,-27]],[[38205,6477],[1,-35]],[[38206,6442],[5,-1]],[[38211,6441],[14,-2]],[[38225,6439],[27,-7]],[[38252,6432],[3,0]],[[38255,6432],[20,-56]],[[38275,6376],[-1,-21]],[[38274,6355],[19,-5]],[[38293,6350],[20,-10]],[[38313,6340],[8,-17]],[[38321,6323],[14,-12]],[[38335,6311],[11,-10]],[[38346,6301],[32,-20]],[[38378,6281],[17,0]],[[38395,6281],[6,0]],[[38401,6281],[10,0]],[[38411,6281],[5,0]],[[38416,6281],[11,-8]],[[38427,6273],[10,-12]],[[38437,6261],[5,-10]],[[38442,6251],[1,-1]],[[38443,6250],[1,-2]],[[38444,6248],[1,-2]],[[38445,6246],[1,-1]],[[38446,6245],[0,-1]],[[38446,6244],[5,-8]],[[38451,6236],[2,-9]],[[38453,6227],[-2,-2]],[[38451,6225],[-16,-14],[-15,-27],[-2,-36],[5,-28],[-14,-5],[-12,-46],[13,-13],[4,-21],[-37,-24],[4,-30],[-8,-20],[4,-52],[-3,-14],[-1,-68]],[[38373,5827],[2,-16],[19,-20],[12,-3],[-16,-31],[1,-18],[16,-23],[18,-11],[0,-48],[24,-31],[29,-5],[-6,-27],[-19,-12],[-6,-49],[2,-21],[-12,-21],[14,-37],[-19,-22],[9,-12],[-2,-48],[8,-16],[31,-17],[4,-15],[37,-7],[22,15],[16,-16],[-26,-91],[-18,-36],[-23,-27],[-24,-9],[-19,-27],[-19,-44],[-5,-21],[-61,-92],[-4,-25],[5,-27],[-37,-14],[-12,30],[-37,-3],[-11,17],[-23,-9],[-1,-11],[-28,-10],[-6,-15],[2,-22],[-11,-27],[-1,-21],[-13,-22]],[[38185,4810],[-5,-23],[18,-37],[-2,-21],[15,-9],[-6,-26],[-36,7]],[[38169,4701],[-19,21],[-16,-4],[-27,-33],[-37,-55],[-10,-36],[-3,-60],[6,-21],[10,-8],[-2,-19]],[[38071,4486],[4,-34],[-15,-37],[1,-22],[-73,-18],[-5,-28],[8,-28],[-9,-14],[-30,-75],[-2,-34],[22,-48],[19,-17],[30,-14],[15,3],[15,-13],[22,-2],[32,5],[10,33],[27,3],[20,11],[11,-10],[21,-6],[10,7],[4,47],[51,1],[26,12],[23,-6],[4,17],[15,17],[21,55],[29,32],[28,83],[-3,45],[11,22],[4,72],[-9,17],[-34,-6],[-12,16],[7,26],[-16,31],[-31,1],[-9,15],[-20,-11],[-25,11],[-17,41],[37,-14],[17,5],[13,14],[26,2],[32,24],[17,-22],[21,-12],[37,17],[31,23],[25,27],[44,27],[10,29],[36,24],[8,17],[31,21],[7,53],[45,30],[23,57],[13,57],[36,30],[14,2],[35,-10],[-15,-27],[15,-22],[24,-14],[-37,-97],[-17,-13],[-34,-15],[-42,-62],[-8,-31],[1,-30],[-44,-101],[-49,-74],[-44,-79],[-15,-20],[-32,-68],[-10,-38],[-14,-18],[-19,-12],[-9,-27],[-11,-9],[-7,-27],[-16,-16],[0,-14],[-22,-17],[0,-20],[-13,-22],[-3,-19],[-17,-9],[-9,-21],[-5,-37],[-15,-16],[-27,-15],[-8,-46],[-17,-27],[-22,-10],[-36,-51],[15,-10],[56,19],[21,-8],[-15,-29],[-9,-6],[-20,-62],[-25,-2],[-35,-19],[-9,-21],[0,-18],[-10,-20],[9,-21],[-16,-8],[-14,-33],[-23,-14],[-16,-24],[-4,-17],[-18,-3],[-18,-25],[-19,-17],[-21,-35],[-2,-15],[-22,1],[-32,-20],[-20,-2],[-17,-23],[-11,21],[-23,13],[-14,-13],[-19,-28],[4,-10],[-5,-40],[-16,-17],[-51,-66],[-30,-18],[-67,-20],[-56,-53],[-32,-43],[-34,-55],[-47,-42],[6,-20],[16,-16],[0,-19],[-16,-16],[-11,-27],[-22,-24],[-28,-15],[-13,-14],[-16,0],[-12,-23],[-21,-17],[-2,-26],[-11,-11],[-14,4],[-57,-27],[-20,-41],[-21,-22],[-8,-19],[-34,-37],[-21,-46],[-32,-32],[-19,-10],[-6,-16],[-17,-18],[0,-13],[-19,-15],[-76,-24],[-33,-5],[-25,-14],[-17,-2],[-17,-22],[-32,-21],[-56,-57],[-9,-16],[-17,-12],[-57,-77],[-67,-56],[-35,-25],[-24,-23],[-14,7],[-1,34],[25,15],[19,5],[13,39],[7,4],[27,-9],[22,19],[37,52],[13,4],[35,41],[7,13],[-12,39],[4,42],[18,0],[18,-23],[15,7],[9,22],[-4,25],[8,6],[31,-12],[19,-14],[20,11],[10,23],[-5,12],[-21,22],[-1,20],[11,21],[23,11],[24,-14],[17,-25],[27,22],[12,-1],[6,-17],[21,3],[24,-5],[1,14],[15,8],[14,27],[15,-1],[27,29],[-4,27],[21,30],[9,22],[-10,12],[18,13],[0,22],[10,21],[24,19],[-3,45],[-7,22],[5,11],[20,-3],[48,25],[21,5],[31,-15],[27,-7],[14,17],[-4,64],[23,1],[28,30],[-3,13],[21,22],[-2,21],[24,31],[30,22],[11,-2],[12,16],[31,28],[8,19],[66,83],[30,33],[6,39],[-7,24],[-24,15],[34,7],[17,-41],[25,14],[41,42],[2,15],[21,23],[14,25],[17,14],[-4,38],[-23,17],[0,16],[-22,18],[-25,6],[-9,15],[-34,16],[-12,17],[-19,10],[13,16],[10,40],[-25,50],[5,23],[-6,41],[19,38],[0,9],[27,43],[7,24],[29,9],[0,16],[17,15],[2,41],[-24,1],[-13,38],[-26,15],[-20,35],[-16,2],[-16,17],[-5,16],[-33,-9],[-6,9],[-34,13],[-36,-17],[-8,-18]],[[37598,4206],[-37,-1],[-20,22],[-14,-19],[16,-6],[10,-14],[2,-30],[-11,-3],[-13,17]],[[37531,4172],[-6,6]],[[37525,4178],[-25,27],[-26,54]],[[37474,4259],[-17,15]],[[37457,4274],[-7,8]],[[37450,4282],[-18,13],[-26,-4],[-9,-20],[-26,-24]],[[37371,4247],[-2,0]],[[37369,4247],[-27,-5],[-15,6],[-11,-18],[4,-13]],[[37320,4217],[5,-13]],[[37325,4204],[-2,-19]],[[37323,4185],[-11,9]],[[37312,4194],[-20,-1],[-18,15],[8,24],[-6,13],[-26,-1],[-13,-13]],[[37237,4231],[-3,-1]],[[37234,4230],[-11,-1]],[[37223,4229],[-15,2]],[[37208,4231],[1,-17],[11,-30],[3,-30],[-31,-19],[-3,-23],[-18,2],[-21,25]],[[37150,4139],[-9,3]],[[37141,4142],[-6,6]],[[37135,4148],[-4,6]],[[37131,4154],[-3,6]],[[37128,4160],[-1,9]],[[37127,4169],[3,9]],[[37130,4178],[17,-29],[13,-1]],[[37160,4148],[12,16],[0,14],[22,1],[7,22],[-16,22],[-11,4]],[[37174,4227],[-10,-7]],[[37164,4220],[-5,0]],[[37159,4220],[-14,-2]],[[37145,4218],[-10,7]],[[37135,4225],[-13,5]],[[37122,4230],[-20,-8]],[[37102,4222],[-4,-12]],[[37098,4210],[-4,-5]],[[37094,4205],[-2,-2]],[[37092,4203],[-1,-5]],[[37091,4198],[3,-7]],[[37094,4191],[1,-10]],[[37095,4181],[0,-18]],[[37095,4163],[-37,-9]],[[37058,4154],[-6,-3]],[[37052,4151],[-7,-12]],[[37045,4139],[-7,-16]],[[37038,4123],[0,-1]],[[37038,4122],[1,-13]],[[37039,4109],[-8,-14],[-57,-23],[-14,-17]],[[36960,4055],[-2,6]],[[36958,4061],[10,19],[18,6],[1,28],[-10,13]],[[36977,4127],[0,1]],[[36977,4128],[5,19]],[[36982,4147],[5,16]],[[36987,4163],[-6,14],[-23,-10]],[[36958,4167],[0,-3]],[[36958,4164],[-2,-6]],[[36956,4158],[-24,3]],[[36932,4161],[-6,-4]],[[36926,4157],[-6,-5]],[[36920,4152],[-14,-10]],[[36906,4142],[-8,6]],[[36898,4148],[-4,4]],[[36894,4152],[-7,-3]],[[36887,4149],[-6,-20]],[[36881,4129],[-25,15],[-12,-17]],[[36844,4127],[-12,-5]],[[36832,4122],[-16,-12]],[[36816,4110],[-8,-8]],[[36808,4102],[-2,-1]],[[36806,4101],[-12,-2]],[[36794,4099],[-17,5],[-18,-12],[-5,20],[-21,-1],[-5,-22]],[[36728,4089],[-6,-20]],[[36722,4069],[0,-5]],[[36722,4064],[0,-1]],[[36722,4063],[-32,-1],[-9,-24]],[[36681,4038],[-10,-25]],[[36671,4013],[2,-2]],[[36673,4011],[26,-8]],[[36699,4003],[1,2]],[[36700,4005],[1,6]],[[36701,4011],[1,6]],[[36702,4017],[34,-14]],[[36736,4003],[47,16],[-22,-31],[-12,-26]],[[36749,3962],[-14,-40]],[[36735,3922],[3,-15]],[[36738,3907],[2,-14],[-17,-7]],[[36723,3886],[-8,-10],[-2,-29],[23,-19],[-27,-12]],[[36709,3816],[-2,4]],[[36707,3820],[-5,4]],[[36702,3824],[-1,-2]],[[36701,3822],[-1,-9]],[[36700,3813],[1,-3]],[[36701,3810],[-4,-8]],[[36697,3802],[-4,-2]],[[36693,3800],[-20,-5]],[[36673,3795],[-10,0]],[[36663,3795],[-18,1],[-12,-10]],[[36633,3786],[-12,-10]],[[36621,3776],[-2,0]],[[36619,3776],[-3,23]],[[36616,3799],[19,12]],[[36635,3811],[10,16]],[[36645,3827],[11,12]],[[36656,3839],[3,3]],[[36659,3842],[3,4]],[[36662,3846],[6,9]],[[36668,3855],[15,21],[18,4],[13,13]],[[36714,3893],[1,2]],[[36715,3895],[1,3]],[[36716,3898],[2,6]],[[36718,3904],[9,30]],[[36727,3934],[-23,34],[-48,-16],[-4,22],[-18,24],[-14,-4],[-2,-33],[-20,-26],[-13,3],[14,28],[2,24],[-14,8]],[[36587,3998],[-3,0]],[[36584,3998],[-29,-25]],[[36555,3973],[-14,-11]],[[36541,3962],[-6,-1]],[[36535,3961],[-3,0]],[[36532,3961],[-10,-5]],[[36522,3956],[-10,-12]],[[36512,3944],[-1,-1]],[[36511,3943],[-9,-11]],[[36502,3932],[-11,-7]],[[36491,3925],[2,-46]],[[36493,3879],[-6,-8]],[[36487,3871],[-15,-4]],[[36472,3867],[-20,-26],[11,-40],[-14,-13],[-11,21],[-3,24],[-10,25],[-37,26],[-47,-19],[4,19],[19,22],[-14,36]],[[36350,3942],[-15,8]],[[36335,3950],[-23,6],[15,-28],[-5,-20],[-23,6]],[[36299,3914],[-11,-10]],[[36288,3904],[-4,-1]],[[36284,3903],[0,1]],[[36284,3904],[-2,4]],[[36282,3908],[-3,9]],[[36279,3917],[-39,27],[-8,-5],[0,-43],[10,-6]],[[36242,3890],[7,-12]],[[36249,3878],[0,-1]],[[36249,3877],[9,-11]],[[36258,3866],[23,-17],[13,11],[22,-2],[52,-33],[-28,-9]],[[36340,3816],[-11,-6]],[[36329,3810],[-20,-5]],[[36309,3805],[-23,1]],[[36286,3806],[-27,-5],[-14,14]],[[36245,3815],[-11,12]],[[36234,3827],[-24,37],[-22,2],[8,33],[-16,16],[-30,9],[-31,-1],[-15,-8],[-4,-31],[11,-18]],[[36111,3866],[7,-15]],[[36118,3851],[1,-10]],[[36119,3841],[0,-10]],[[36119,3831],[-2,-11]],[[36117,3820],[-10,-29]],[[36107,3791],[-1,-2]],[[36106,3789],[-11,-9]],[[36095,3780],[-5,-4]],[[36090,3776],[-1,-1]],[[36089,3775],[-18,-1],[27,41],[5,23],[-7,31],[-12,17],[-4,26],[-18,23]],[[36062,3935],[-9,5]],[[36053,3940],[-9,5],[-29,-9]],[[36015,3936],[-8,1],[-18,-5],[-19,-27],[-6,-18]],[[35964,3887],[-3,-35],[5,-26],[-16,-11]],[[35950,3815],[2,21]],[[35952,3836],[-3,13]],[[35949,3849],[-4,14],[13,65],[16,36],[15,46],[-5,21],[-18,13],[-22,2],[-33,13],[-32,-10],[4,-42],[20,-22],[0,-21],[-34,-25],[-24,-12]],[[35845,3927],[-4,-2]],[[35841,3925],[-24,-12],[-9,30],[-27,43],[-30,21],[-51,11],[-15,-2]],[[35685,4016],[-2,-1]],[[35683,4015],[-32,-4]],[[35651,4011],[-54,-4],[-38,-10],[-27,-18],[-26,-38],[-14,7],[-34,-6],[-29,-21],[-8,-51],[14,-38],[-9,-49],[-80,10],[-144,-42],[-12,-37],[-19,11],[-4,26],[-40,7],[-22,-8],[-14,-13],[-12,11],[-27,0],[-144,-61],[-55,8],[-71,24],[-144,-6],[-82,-25],[-73,-34],[-21,-16],[-21,0],[-15,10],[-20,57],[-14,26],[-78,88],[-45,42],[-36,19],[-71,11],[-1,41],[-6,119],[-36,91],[-34,64],[-33,41],[-54,46],[6,146],[14,45],[6,104],[15,26],[14,7],[2,34],[-8,25],[4,31],[14,54],[37,43],[18,77],[-16,42],[20,49],[42,52],[33,11],[66,-26],[17,40],[4,60],[-9,27],[-32,12],[0,17],[14,18],[-10,27],[13,27],[-6,21],[-29,9],[-67,5],[-29,14],[-19,23],[-1,74],[18,31],[2,20],[-15,10],[-4,27],[3,16],[-10,34],[-30,31],[2,49],[-29,41],[-24,60],[-8,80],[4,35],[-65,35],[-46,34],[-109,160],[-2,64],[37,106],[-7,30],[-26,60],[-25,8],[-31,23],[-29,30],[-15,37],[-27,27],[4,28],[-33,39],[-20,78],[12,41],[-6,47],[-50,12],[-107,36],[-20,64],[11,85],[-5,9],[-46,31],[-4,54],[-33,4],[3,58],[24,32],[-37,22],[23,43],[-15,50],[-68,38],[-45,57],[-97,48],[-25,31],[-58,36],[-48,45],[-28,51],[2,29],[-52,10],[-63,36],[13,49],[-10,114],[-40,36],[-33,-14],[-104,32],[-47,58],[-61,15],[-31,19],[-86,-9],[-64,36]],[[35571,7896],[229,-261],[19,-8],[514,1],[245,0],[33,0],[17,-6],[121,-1],[419,1],[448,0],[16,-1]],[[37632,7621],[43,0]],[[37675,7621],[28,0]],[[37703,7621],[141,1]],[[37844,7622],[43,-1]],[[37887,7621],[42,0]],[[37929,7621],[21,1]],[[37950,7622],[20,0]],[[37970,7622],[-1,84],[-12,24],[12,21],[18,10],[98,0],[31,-9],[17,-1]],[[38133,7751],[2,0]],[[38135,7751],[6,6],[-2,87]],[[38139,7844],[83,1]],[[38222,7845],[2,-40]],[[38224,7805],[0,-13]],[[38224,7792],[1,-26]],[[38225,7766],[-1,-11]],[[38224,7755],[-1,-9]],[[38223,7746],[0,-2]],[[38223,7744],[0,-4]],[[38223,7740],[-3,-28]],[[38220,7712],[1,-13]],[[38221,7699],[0,-5]],[[38221,7694],[0,-2]],[[38221,7692],[0,-2]],[[38221,7690],[1,-8]],[[38222,7682],[1,-14]],[[38223,7668],[42,2],[3,-45],[-42,-1]],[[38226,7624],[1,-23]],[[38227,7601],[0,-12]],[[38227,7589],[1,-7]],[[38228,7582],[0,-1]],[[38228,7581],[0,-8]],[[38228,7573],[0,-1]],[[38228,7572],[1,-15]],[[38229,7557],[1,-23]],[[38230,7534],[-1,-11]],[[38229,7523],[1,-11]],[[38230,7512],[0,-22]],[[38230,7490],[-1,-45]],[[38229,7445],[3,-60],[-22,3],[-20,-19]],[[38190,7369],[1,-11]],[[38191,7358],[1,-19]],[[38192,7339],[-28,4],[-13,-6]],[[38151,7337],[3,-87],[-1,-67],[-12,-21],[2,-91]],[[38804,5142],[1,29],[13,11],[6,17],[-6,28],[2,45],[24,23],[8,15],[16,9],[27,-11],[24,17],[-4,13],[-23,1],[-13,10],[-21,-6],[-6,18],[37,25],[24,-30],[16,-2],[4,17],[-11,16],[4,12],[26,11],[30,0],[20,21],[23,-2],[14,28],[24,23],[4,13],[-9,30],[2,22],[-11,20],[31,25],[25,57],[22,62],[18,62],[8,40],[1,25],[19,33],[6,34],[21,26],[12,39],[-44,24],[-6,24],[10,28],[20,-5],[21,10],[12,26],[1,41],[15,-6],[-3,-37],[-13,-54],[8,-51],[-5,-29],[7,-17],[-10,-28],[-60,-123],[1,-49],[-11,-33],[-19,-44],[-26,-69],[-11,-15],[0,-22],[-9,-23],[2,-35],[-10,-18],[-32,-29],[-49,-56],[-7,-13],[-18,-11],[-4,-16],[-25,-24],[12,-26],[-22,-65],[-43,-106],[11,-31],[-24,-21],[-34,-15],[-15,36],[-30,23],[2,33]],[[36967,4001],[43,-9],[8,-12],[19,-8],[28,9],[13,-2],[3,-21],[-6,-10],[2,-23],[-13,-7],[-20,10],[-16,-4],[-20,8],[-11,14],[-9,34],[-21,21]],[[36699,3582],[13,16],[34,-16],[17,10],[38,58],[-1,30],[-14,25],[-21,10],[-7,12],[6,28],[13,15],[33,-2],[-9,-23],[-19,-10],[13,-17],[14,-30],[10,-2],[8,-24],[-1,-19],[-11,-27],[-9,-38],[-26,-6],[-15,-19],[14,-25],[12,-4],[-1,-33],[-14,-8],[-1,-16],[11,-12],[11,-26],[1,-30],[-4,-26],[-12,-4],[-19,13],[-14,22],[6,41],[-12,23],[4,13],[-6,46],[-12,30],[-29,14],[-1,11]],[[36640,2447],[7,18],[18,11],[16,-9],[4,-30],[-27,-21],[-23,11],[5,20]],[[36460,2315],[19,37],[19,0],[18,-53],[-16,-18],[-32,3],[-9,9],[1,22]],[[36266,2016],[2,18],[22,20],[18,28],[35,14],[30,-26],[20,17],[24,10],[8,16],[32,19],[-2,34],[5,14],[40,26],[27,4],[8,-21],[-9,-12],[-23,-13],[-39,-58],[-28,-13],[-11,-14],[-79,-37],[-21,-16],[-28,-40],[-13,-1],[-20,24],[2,7]],[[35702,1720],[11,10],[52,12],[30,19],[6,15],[49,53],[19,2],[18,20],[-3,8],[25,32],[22,8],[63,54],[11,-21],[-32,-18],[-28,-23],[-36,-40],[-7,-17],[15,-34],[40,-8],[45,51],[15,-2],[8,-16],[-41,-66],[-16,-3],[-51,5],[-90,0],[-56,-34],[-31,-9],[-30,-17],[-8,19]],[[35308,1478],[13,15],[20,9],[23,40],[19,4],[12,-43],[-6,-13],[-23,-16],[-58,4]],[[34247,1110],[33,5],[59,30],[10,-9],[33,4],[47,29],[50,10],[16,19],[4,-30],[27,24],[33,3],[-7,19],[28,31],[26,14],[31,39],[48,36],[25,-3],[31,-32],[10,1],[16,-26],[12,7],[14,-8],[21,8],[36,36],[11,-11],[41,22],[10,-3],[21,13],[-1,29],[27,7],[12,29],[-8,35],[13,-2],[16,-32],[17,-11],[15,25],[27,15],[26,-6],[16,33],[11,-2],[18,12],[24,34],[10,-7],[-1,-22],[14,-1],[12,16],[43,37],[37,4],[4,-14],[-38,-33],[-136,-98],[-17,-24],[-16,-3],[-26,-15],[-3,-16],[-20,-7],[-65,-50],[-76,-39],[-27,-30],[-63,-31],[-30,26],[-4,10],[11,25],[-8,8],[-24,-5],[-101,-45],[-35,-27],[-37,-4],[-20,-20],[-13,-33],[-13,-13],[-15,-48],[-3,-44],[-16,16],[-23,-4],[-40,-13],[-17,5],[-55,-9],[-25,22],[-17,43],[-22,31],[-20,4],[-4,14]],[[33426,792],[17,27],[18,19],[33,12],[21,35],[21,26],[53,-9],[20,15],[15,-11],[-8,-30],[-16,1],[-20,-20],[-32,-11],[-51,-26],[-31,-7],[-19,-20],[-21,-1]],[[33348,1544],[13,22],[29,-28],[14,-29],[-4,-21],[-18,5],[-25,22],[-9,29]],[[33250,1391],[13,22],[30,6],[35,-62],[3,-21],[-44,29],[-13,1],[-24,14],[0,11]],[[33164,1249],[29,9],[-3,54],[-13,24],[-12,37],[11,4],[13,-25],[9,-2],[35,-41],[22,-8],[15,5],[14,-21],[22,-18],[7,-13],[1,-57],[15,-26],[-10,-18],[-21,12],[-25,56],[-15,14],[-50,9],[-37,-13],[-7,18]],[[33031,7267],[20,24],[57,32],[28,-29],[0,-21],[-11,-43],[-1,-29],[-65,-19],[-26,17],[-8,25],[6,43]],[[30631,132],[14,48],[12,31],[39,18],[4,33],[-4,10],[12,15],[-10,14],[-3,78],[3,33],[21,-8],[8,-48],[-1,-57],[62,13],[43,42],[40,8],[72,-36],[71,61],[91,102],[-33,68],[-121,66],[-74,27],[21,58],[37,74],[46,36],[233,111],[73,52],[79,82],[84,21],[66,59],[235,107],[77,43],[71,121],[51,25],[240,-26],[11,10],[68,196],[14,19],[32,13],[88,27],[26,19],[22,9],[119,61],[12,-3],[8,-27],[1,-30],[-60,-91],[-37,-44],[6,-51],[28,-42],[165,69],[49,77],[28,14],[23,-8],[123,-57],[31,-19],[34,-61],[-5,-166],[27,-32],[10,-53],[43,-52],[49,-81],[30,-16],[27,2],[60,-13],[17,-31],[23,-98],[17,-106],[63,-57],[-86,-51],[-78,-11],[-25,-35],[-28,3],[-45,-27],[-77,-18],[-10,-12],[-17,1],[-124,-54],[-26,-8],[-37,15],[-24,117],[-32,26],[-53,-1],[-69,26],[-43,-50],[-11,10],[-5,57],[-137,-28],[-23,-21],[-16,-6],[-7,20],[-127,41],[-20,-46],[9,-29],[-1,-26],[-14,-77],[-35,-27],[-8,-15],[-80,-6],[-39,-22],[-48,-13],[-44,-16],[-26,-36],[-55,-18],[-57,-34],[-35,-12],[-65,-45],[-39,-4],[-86,-40],[-53,0],[-31,-26],[-111,-10],[-64,-63],[-41,-27],[-66,5],[-71,-19],[-32,4],[-95,-1],[-71,-14],[-33,-18],[-44,4],[-62,-12],[-56,-23],[-93,-14],[-47,6],[2,21]],[[29591,46],[12,19],[41,-27],[4,-24],[-39,-14],[-6,5],[-12,41]],[[28878,386],[10,19],[18,13],[53,15],[27,-3],[26,-14],[62,-26],[34,-34],[7,-28],[4,-37],[-9,-56],[-25,-43],[-13,-2],[-17,-17],[-9,-25],[-28,-18],[-60,-2],[-18,12],[0,14],[32,2],[24,-6],[19,24],[34,26],[13,54],[-12,13],[-28,-6],[-6,32],[-14,42],[-20,23],[-35,18],[-38,15],[-31,-5]],[[27312,21184],[-28,-6],[-13,-21]],[[27271,21157],[-3,-10],[-49,-20]],[[27219,21127],[-31,-13],[-32,1]],[[27156,21115],[-8,0]],[[27148,21115],[-13,0]],[[27135,21115],[-22,0]],[[27113,21115],[-9,0]],[[27104,21115],[-4,0]],[[27100,21115],[-9,0]],[[27091,21115],[0,19]],[[27091,21134],[0,22]],[[27091,21156],[0,5]],[[27091,21161],[0,7]],[[27091,21168],[0,3]],[[27091,21171],[0,10]],[[27091,21181],[0,2],[0,5]],[[27091,21188],[1,18]],[[27092,21206],[0,9]],[[27092,21215],[0,13]],[[27092,21228],[0,23]],[[27092,21251],[-33,5],[-21,13],[-31,0],[-2,14],[2,149],[-22,0],[0,24],[-63,1],[-1,67],[-129,1],[1,89],[-108,3],[-119,0],[-16,10],[-39,-13],[-42,-34],[-17,-21]],[[26452,21559],[-6,-8]],[[26446,21551],[0,-3]],[[26446,21548],[0,-1]],[[26446,21547],[-2,-26]],[[26444,21521],[-148,111],[-26,17],[-39,16]],[[26231,21665],[0,30]],[[26231,21695],[1,83]],[[26232,21778],[0,26]],[[26232,21804],[-3,45]],[[26229,21849],[0,92]],[[26229,21941],[-1,47]],[[26228,21988],[0,32]],[[26228,22020],[0,25]],[[26228,22045],[0,23]],[[26228,22068],[0,2]],[[26228,22070],[-8,282]],[[26220,22352],[-2,57],[-1,118]],[[26217,22527],[-15,0]],[[26202,22527],[0,41],[-57,-14]],[[26145,22554],[-7,16]],[[26138,22570],[-1,40]],[[26137,22610],[0,98]],[[26137,22708],[1,3]],[[26138,22711],[1,19]],[[26139,22730],[0,53]],[[26139,22783],[0,6]],[[26139,22789],[0,9]],[[26139,22798],[-357,0],[-27,0],[-5,-19],[-14,-5],[-24,8],[-49,-2],[-41,-6],[8,35]],[[25630,22809],[-7,6]],[[25623,22815],[-2,2]],[[25621,22817],[45,49],[-7,10],[-38,15],[12,62],[33,-8],[40,37],[-6,23],[-45,20],[-1,6]],[[25654,23031],[1,2]],[[25655,23033],[2,1]],[[25657,23034],[41,4]],[[25698,23038],[19,33],[16,41],[1,36],[32,5],[0,12],[-31,8],[14,28],[23,-9],[17,7],[-4,23],[6,11],[27,4],[6,23],[-36,1],[-14,45],[16,22],[-15,24],[18,43],[-9,9],[11,61],[69,107]],[[25864,23572],[13,20],[3,19],[12,2]],[[25892,23613],[14,19],[-6,9],[-32,0],[-3,24],[27,12],[16,30],[21,26],[-7,20],[19,2],[13,18],[-22,21],[7,14],[-15,35],[6,30],[-6,7],[13,44],[-10,23],[29,3],[68,32],[2,22],[-11,6],[-17,-9],[-35,1],[0,7],[26,13],[0,17],[-15,10],[15,20],[47,-12],[16,33],[24,10],[3,17],[16,0],[24,19]],[[29352,20714],[0,-11]],[[29352,20703],[0,-17]],[[29352,20686],[0,-36]],[[29352,20650],[0,-13]],[[29352,20637],[0,-13]],[[29352,20624],[6,-65]],[[29358,20559],[0,-25]],[[29358,20534],[0,-236]],[[29358,20298],[-4,-228],[1,-391],[0,-222],[2,-185]],[[29357,19272],[-11,-1]],[[29346,19271],[-110,-1],[-250,0],[-51,1]],[[28935,19271],[-62,0]],[[28873,19271],[-4,0]],[[28869,19271],[-244,2],[-126,-1],[-193,1],[-74,-1]],[[28232,19272],[-77,1]],[[28155,19273],[-41,-1]],[[28114,19272],[-11,1]],[[28103,19273],[-30,1]],[[28073,19274],[-104,-1]],[[27969,19273],[-29,0]],[[27940,19273],[-67,-1]],[[27873,19272],[-45,-1]],[[27828,19271],[-162,1],[-403,-3]],[[27263,19269],[-7,0]],[[27256,19269],[-2,0]],[[27254,19269],[-178,-2]],[[27076,19267],[-56,-1]],[[27020,19266],[-7,0]],[[27013,19266],[-131,0]],[[26882,19266],[-1,0]],[[26881,19266],[-32,0]],[[26849,19266],[-8,0]],[[26841,19266],[-89,1]],[[26752,19267],[-24,-2]],[[26728,19265],[-2,0]],[[26726,19265],[2,3]],[[26728,19268],[89,168],[45,71],[23,26],[38,58],[0,22],[14,25],[102,82],[66,6],[30,23],[-7,13],[10,19],[-5,40],[-23,50],[16,18],[42,15],[12,-5],[26,17],[15,-19],[15,31],[26,6],[5,11],[34,18],[13,-4],[54,54],[-2,13],[17,19],[-33,24],[87,105],[34,5]],[[27471,20179],[5,5],[0,73],[7,30],[40,9],[23,13],[26,-1],[9,19],[32,15],[-5,27],[-27,-1],[-15,57],[7,28],[-7,29],[14,20],[-25,0],[-5,52],[-24,0],[-11,24],[17,18],[-11,82],[9,15],[-5,38],[-67,110],[-76,0],[-17,-9],[-50,101],[-7,2]],[[27308,20935],[-13,-20],[4,-15],[-18,-17],[-25,9],[-36,-1],[-7,8],[-2,64],[11,105],[-9,9],[-24,-15],[-6,-18],[-29,-7],[-91,-76],[-7,-31],[19,-120],[39,-37],[-7,-66],[-28,-26],[-11,-33],[5,-37],[44,-61],[45,-37],[14,-25],[-19,-128],[-14,-9],[-77,10],[-112,33],[-92,53],[-28,-23],[-19,17],[15,27],[-11,5],[-69,68],[-16,-27],[-9,18],[15,38],[-6,38],[75,14],[37,42],[9,36],[-10,10],[5,44],[-42,-4],[-14,-8],[3,32],[-6,25],[38,0],[15,15],[1,14],[-18,3],[-1,28],[22,4],[-4,74],[-15,4],[-1,34],[22,38],[-13,9],[0,55],[-17,0],[-9,13],[-30,0],[-4,19],[23,21],[-4,12],[-23,8],[9,16],[-2,20],[-51,67],[-61,0],[-18,-35],[-24,10],[17,46],[21,13],[-13,19],[-22,-4],[-56,25],[-68,5],[-31,15],[-63,51],[-33,31],[-10,29],[-44,15],[-30,20],[-15,24],[-6,44],[-33,2],[-9,6]],[[26231,21569],[0,1]],[[26231,21570],[0,77]],[[26231,21647],[0,18]],[[27341,20635],[11,106],[58,-1],[1,-98],[-29,-30],[-40,6],[-1,17]],[[27323,20443],[13,23],[38,-6],[-5,-101],[-34,0],[-16,7],[4,77]],[[29328,13859],[19,33],[2,67],[25,33],[1,44],[9,95],[-28,115],[16,85],[2,112],[-48,96],[-28,19],[-111,31],[-34,50],[-13,78],[-8,33],[25,52],[29,29],[19,1],[23,-11],[58,11],[66,49],[8,25],[-38,63],[-27,27],[-67,29],[-19,0]],[[29209,15025],[-26,-1],[-42,-31],[-21,-3],[-12,36],[-62,18],[-4,15],[-19,3],[-9,-12],[6,-30],[15,-44],[-48,-34],[-10,-36],[-35,-38],[-12,-29],[-31,-31],[-68,6],[-24,30],[-40,28],[-7,25],[-33,21],[-47,-37],[10,-89],[56,-138],[90,-279],[44,-402],[-7,-37],[-25,4],[-56,-31],[-49,-47]],[[28743,13862],[-85,0]],[[28658,13862],[-18,10],[-34,3],[-21,-14]],[[28211,13977],[-11,25],[-44,66],[-9,31],[11,11],[-2,31],[-37,66],[-64,92],[-126,222],[-46,42],[-42,64],[-48,85],[-102,187],[-22,45]],[[27669,14944],[-34,72],[-59,93],[-41,76],[-47,121],[-51,100],[-139,247]],[[27298,15653],[-56,164],[-21,78],[-26,67],[-19,18],[-43,170],[-50,108],[-33,60],[-37,75],[-16,57],[-43,110],[-16,27],[-41,102],[-33,56],[-26,24],[-16,25],[-1,21],[-18,34],[-28,42],[-66,39],[-33,15],[-26,36],[-5,24],[28,32],[15,28],[8,36],[-48,22],[-35,66],[-40,51],[-17,13],[-19,54],[-176,209],[-72,110],[-28,60]],[[26261,17686],[4,0]],[[26265,17686],[11,0]],[[26276,17686],[1,0]],[[26277,17686],[120,-1]],[[26397,17685],[2,0]],[[26399,17685],[106,-2]],[[26505,17683],[103,0]],[[26608,17683],[60,-1]],[[26668,17682],[7,0]],[[26675,17682],[8,0]],[[26683,17682],[17,0]],[[26700,17682],[2,0]],[[26702,17682],[41,0]],[[26743,17682],[45,-1]],[[26788,17681],[58,-1]],[[26846,17680],[1,0]],[[26847,17680],[6,-1]],[[26853,17679],[7,0]],[[26860,17679],[44,2]],[[26904,17681],[3,1]],[[26907,17682],[32,-1]],[[26939,17681],[43,0]],[[26982,17681],[1,0]],[[26983,17681],[9,-1]],[[26992,17680],[12,-2]],[[27004,17678],[76,-1]],[[27080,17677],[33,0]],[[27113,17677],[6,0]],[[27119,17677],[5,0]],[[27124,17677],[7,0]],[[27131,17677],[13,0]],[[27144,17677],[14,0]],[[27158,17677],[46,0]],[[27204,17677],[45,2]],[[27249,17679],[32,0]],[[27281,17679],[11,-62],[3,-73],[-2,-178],[-4,-73],[-2,-78],[0,-95],[-4,-88],[-1,-90]],[[27282,16942],[0,-26]],[[27282,16916],[-1,-4]],[[27281,16912],[0,-65]],[[27281,16847],[-5,-44]],[[27276,16803],[-11,-66]],[[27265,16737],[1,-32]],[[27266,16705],[5,-27]],[[27271,16678],[4,-9]],[[27275,16669],[9,-25]],[[27284,16644],[17,-44]],[[27301,16600],[13,-36]],[[27314,16564],[7,-18]],[[27321,16546],[5,-15]],[[27326,16531],[4,-19]],[[27330,16512],[25,-142]],[[27355,16370],[5,-21]],[[27360,16349],[10,-27]],[[27370,16322],[14,-32]],[[27384,16290],[10,-16]],[[27394,16274],[21,-31]],[[27415,16243],[1,0]],[[27416,16243],[39,-49]],[[27455,16194],[22,-32],[84,-125]],[[27561,16037],[31,-46]],[[27592,15991],[11,-12]],[[27603,15979],[4,-4]],[[27607,15975],[22,-13],[22,-7],[96,-1],[47,3],[122,16],[52,0],[31,-8],[132,-56],[55,-11],[510,-7],[-1,-33],[-7,-23],[-38,-35],[-4,-16],[40,1],[12,16],[12,-9],[16,22],[34,-25],[-10,-13],[-12,8],[-21,-29],[25,-6],[80,-2],[282,-1],[227,-239],[9,-12]],[[29340,15495],[0,-19]],[[29340,15476],[261,-2],[81,0],[49,22],[473,-4],[527,-4],[173,-1],[377,0],[140,-3],[304,2],[219,1]],[[38699,8919],[-1,0]],[[38698,8919],[0,61],[-6,214]],[[38692,9194],[166,6]],[[38858,9200],[54,2],[7,23],[0,23],[23,1],[-2,44]],[[38940,9293],[9,1]],[[38949,9294],[8,0]],[[38957,9294],[3,0]],[[38960,9294],[23,1]],[[38983,9295],[10,0]],[[38993,9295],[13,1]],[[39006,9296],[19,1]],[[39025,9297],[6,0]],[[39031,9297],[10,1]],[[39041,9298],[1,0]],[[39042,9298],[21,0]],[[39063,9298],[5,0]],[[39068,9298],[36,1]],[[39104,9299],[6,0]],[[39110,9299],[12,2]],[[39122,9301],[74,1]],[[39196,9302],[26,1]],[[39222,9303],[20,0]],[[39242,9303],[25,1]],[[39267,9304],[13,2]],[[39280,9306],[-1,61],[14,119],[27,1],[23,-20],[64,-2],[3,-111],[1,-176],[11,-13],[1,-46],[-10,0],[1,-40],[-30,-1],[-1,-68]],[[39383,9010],[1,-23]],[[39384,8987],[1,-46]],[[39385,8941],[-3,0]],[[39382,8941],[-11,-1]],[[39371,8940],[-7,0]],[[39364,8940],[-11,-1]],[[39353,8939],[-17,0]],[[39336,8939],[-1,0]],[[39335,8939],[-3,0]],[[39332,8939],[-36,-1]],[[39296,8938],[-4,-1]],[[39292,8937],[3,-42]],[[39295,8895],[-2,-19]],[[39293,8876],[-8,-17]],[[39285,8859],[-12,-13]],[[39273,8846],[-5,-3]],[[39268,8843],[-31,-24]],[[39237,8819],[-3,-2]],[[39234,8817],[-20,-19]],[[39214,8798],[-4,-5]],[[39210,8793],[-20,-19]],[[39190,8774],[-19,-37],[1,-51],[43,-9],[1,-17],[21,1],[1,-23],[115,4],[-19,-68],[-5,-53],[-21,-37]],[[39308,8484],[12,0]],[[39320,8484],[-1,-3]],[[39319,8481],[-2,-8]],[[39317,8473],[-10,-39]],[[39307,8434],[-4,-18]],[[39303,8416],[-3,-12]],[[39300,8404],[-7,-23]],[[39293,8381],[4,0]],[[39297,8381],[23,-15]],[[39320,8366],[4,-2]],[[39324,8364],[46,-1]],[[39370,8363],[-14,-22]],[[39356,8341],[-7,-18]],[[39349,8323],[-5,-12]],[[39344,8311],[55,1]],[[39399,8312],[-13,-81]],[[39386,8231],[-73,0]],[[39313,8231],[-9,-24]],[[39304,8207],[11,1]],[[39315,8208],[1,-46]],[[39316,8162],[6,-133]],[[39322,8029],[1,-29]],[[39323,8000],[2,-57]],[[39325,7943],[-3,-15]],[[39322,7928],[-3,-11]],[[39319,7917],[-6,-24]],[[39313,7893],[-11,-47]],[[39302,7846],[-10,-41]],[[39292,7805],[0,-1]],[[39292,7804],[0,-2]],[[39292,7802],[-2,-8]],[[39290,7794],[-12,-43]],[[39278,7751],[-3,-13]],[[39275,7738],[-24,17],[-12,22],[-15,9],[-38,-2],[-17,-7]],[[39169,7777],[-22,0],[-37,17],[-36,1],[-61,-31]],[[39013,7764],[-21,-8]],[[38992,7756],[-40,-1],[-48,15],[0,12],[-43,-2],[-1,33],[-43,3],[-1,9]],[[38816,7825],[75,2]],[[38891,7827],[9,1]],[[38900,7828],[2,0]],[[38902,7828],[0,13]],[[38902,7841],[0,5]],[[38902,7846],[0,11]],[[38902,7857],[-1,16]],[[38901,7873],[0,9]],[[38901,7882],[0,9]],[[38901,7891],[0,5]],[[38901,7896],[-1,17]],[[38900,7913],[0,3]],[[38900,7916],[-43,-1]],[[38857,7915],[-42,-2],[2,17]],[[38817,7930],[17,4]],[[38834,7934],[16,4]],[[38850,7938],[7,1]],[[38857,7939],[-1,25],[-22,13],[-1,32]],[[38833,8009],[-1,24]],[[38832,8033],[0,4]],[[38832,8037],[-21,-1]],[[38811,8036],[0,3]],[[38811,8039],[-1,14]],[[38810,8053],[-2,46]],[[38808,8099],[-1,25]],[[38807,8124],[-1,20]],[[38806,8144],[0,1]],[[38806,8145],[0,16]],[[38806,8161],[-8,0]],[[38798,8161],[-2,74]],[[38796,8235],[-1,45]],[[38795,8280],[0,20]],[[38795,8300],[6,0]],[[38801,8300],[0,1]],[[38801,8301],[-1,51]],[[38800,8352],[-1,18]],[[38799,8370],[-5,0]],[[38794,8370],[-20,-1]],[[38774,8369],[-16,0]],[[38758,8369],[-31,-1]],[[38727,8368],[-10,0]],[[38717,8368],[-64,-2],[-3,89],[-21,-8],[-1,25]],[[38628,8472],[0,2]],[[38628,8474],[0,3]],[[38628,8477],[-1,23]],[[38627,8500],[-2,42]],[[38625,8542],[0,4]],[[38625,8546],[-1,18]],[[38624,8564],[-1,49]],[[38623,8613],[-1,23]],[[38622,8636],[44,1]],[[38666,8637],[42,-1]],[[38708,8636],[-1,37]],[[38707,8673],[-1,23]],[[38706,8696],[0,2]],[[38706,8698],[-1,10]],[[38705,8708],[-1,18]],[[38704,8726],[-1,41]],[[38703,8767],[0,4]],[[38703,8771],[-1,14]],[[38702,8785],[-2,31]],[[38700,8816],[0,26]],[[38700,8842],[-1,16]],[[38699,8858],[0,7]],[[38699,8865],[1,15]],[[38700,8880],[0,4]],[[38700,8884],[-1,35]],[[39030,9504],[5,-112],[7,-94]],[[38816,7825],[0,3]],[[38816,7828],[-33,-2]],[[38783,7826],[-5,-2]],[[38778,7824],[-7,-2]],[[38771,7822],[-1,-1]],[[38770,7821],[-3,-1]],[[38767,7820],[-6,-8]],[[38761,7812],[-1,0]],[[38760,7812],[-1,-2]],[[38759,7810],[-1,-2]],[[38758,7808],[-2,-1]],[[38756,7807],[-5,-6]],[[38751,7801],[-4,-5]],[[38747,7796],[0,-1]],[[38747,7795],[-8,-11]],[[38739,7784],[-17,-21]],[[38722,7763],[-16,7]],[[38706,7770],[-12,3]],[[38694,7773],[-14,0]],[[38680,7773],[-21,-4]],[[38659,7769],[-13,-3]],[[38646,7766],[-26,2]],[[38620,7768],[-23,0]],[[38597,7768],[-27,-2]],[[38570,7766],[-6,-1]],[[38564,7765],[-17,-10]],[[38547,7755],[-5,-3]],[[38542,7752],[-2,0]],[[38540,7752],[-18,-10]],[[38522,7742],[-11,-3]],[[38511,7739],[-29,6]],[[38482,7745],[-6,1]],[[38476,7746],[-20,2]],[[38456,7748],[-3,1]],[[38453,7749],[-20,0]],[[38433,7749],[-11,1]],[[38422,7750],[-10,-1]],[[38412,7749],[-19,0]],[[38393,7749],[-36,0]],[[38357,7749],[-14,0]],[[38343,7749],[-34,0]],[[38309,7749],[-2,0]],[[38307,7749],[-32,1]],[[38275,7750],[-35,-3]],[[38240,7747],[-17,-3]],[[39016,9754],[19,1]],[[39035,9755],[8,0]],[[39043,9755],[22,0]],[[39065,9755],[6,0]],[[39071,9755],[25,1]],[[39096,9756],[4,0]],[[39100,9756],[4,-11]],[[39104,9745],[4,0]],[[39108,9745],[39,1]],[[39147,9746],[3,0]],[[39150,9746],[12,0]],[[39162,9746],[24,6]],[[39186,9752],[43,4]],[[39229,9756],[6,1]],[[39235,9757],[61,3]],[[39296,9760],[7,1]],[[39303,9761],[4,0]],[[39307,9761],[8,0]],[[39315,9761],[13,0]],[[39328,9761],[4,0]],[[39332,9761],[26,1]],[[39358,9762],[0,-11],[40,1],[6,11]],[[39404,9763],[7,0]],[[39411,9763],[1,0]],[[39412,9763],[-1,5]],[[39411,9768],[0,3]],[[39411,9771],[5,26],[-3,26],[29,5]],[[39442,9828],[0,22],[9,6],[68,3],[-1,23],[8,15],[41,0],[2,13],[-25,8],[-5,60],[12,27],[-3,13],[11,30],[3,25],[-16,-2],[8,34],[-6,27]],[[39548,10132],[-11,20]],[[39537,10152],[-2,22]],[[39535,10174],[0,2]],[[39535,10176],[0,46]],[[39535,10222],[3,11]],[[39538,10233],[-18,-1]],[[39520,10232],[0,13]],[[39520,10245],[-1,11]],[[39519,10256],[-2,57],[17,0],[-1,35],[-12,10],[-53,-1]],[[39468,10357],[-12,15]],[[39456,10372],[-8,8]],[[39448,10380],[-8,9]],[[39440,10389],[-3,1]],[[39437,10390],[7,15]],[[39444,10405],[4,28]],[[39448,10433],[0,20]],[[39448,10453],[-1,15],[31,1],[4,21],[13,9],[7,30]],[[39502,10529],[2,8]],[[39504,10537],[6,26]],[[39510,10563],[6,24]],[[39516,10587],[7,29]],[[39523,10616],[6,26]],[[39529,10642],[-2,0]],[[39527,10642],[17,67]],[[39544,10709],[1,-1]],[[39545,10708],[17,69]],[[39562,10777],[3,14]],[[39565,10791],[2,9]],[[39567,10800],[-2,0]],[[39565,10800],[4,12]],[[39569,10812],[2,10]],[[39571,10822],[1,4]],[[39572,10826],[4,18]],[[39576,10844],[5,21]],[[39581,10865],[1,3]],[[39582,10868],[1,3]],[[39583,10871],[4,18]],[[39587,10889],[0,2]],[[39587,10891],[2,5]],[[39589,10896],[2,10]],[[39591,10906],[8,31]],[[39599,10937],[2,10]],[[39601,10947],[9,36]],[[39610,10983],[0,1]],[[39610,10984],[3,14]],[[39613,10998],[1,3]],[[39614,11001],[1,2]],[[39615,11003],[10,44]],[[39625,11047],[5,21]],[[39630,11068],[3,10]],[[39633,11078],[1,2]],[[39634,11080],[5,7]],[[39639,11087],[5,7]],[[39644,11094],[0,1]],[[39644,11095],[-2,3]],[[39642,11098],[4,7]],[[39646,11105],[0,3]],[[39646,11108],[0,10]],[[39646,11118],[-4,5]],[[39642,11123],[-42,2]],[[39600,11125],[-25,0]],[[39575,11125],[-15,0]],[[39560,11125],[-4,0]],[[39556,11125],[-2,0]],[[39554,11125],[-3,0]],[[39551,11125],[-3,0]],[[39548,11125],[-16,-1]],[[39532,11124],[-25,0]],[[39507,11124],[-13,0]],[[39494,11124],[-4,0]],[[39490,11124],[0,-74],[6,-35],[-12,-35],[-37,0],[2,-81],[-87,-3],[-4,-10],[-81,-1]],[[39088,11903],[16,-1],[157,0],[1,-91],[27,-14],[15,0],[24,16],[65,-1],[0,-47],[64,0],[1,-45]],[[39458,11720],[23,0]],[[39481,11720],[37,0]],[[39518,11720],[4,1]],[[39522,11721],[-2,92]],[[39520,11813],[0,33]],[[39520,11846],[0,1]],[[39520,11847],[0,11]],[[39520,11858],[87,1],[1,-44],[64,-1],[104,2],[29,212],[7,20],[22,0],[4,-12],[33,3]],[[39871,12039],[-16,-126],[1,-15],[-17,-129]],[[39839,11769],[-19,-241],[-5,-9],[-8,-159]],[[39807,11360],[-14,-182],[-9,-7],[-14,-88]],[[39770,11083],[-2,-15],[-24,-336],[-2,-34],[-18,-14],[-7,-48],[-12,-46],[-8,-56],[-4,-64],[-18,-104],[-27,-239],[-17,-115],[-8,-78],[-11,-247],[-10,-12]],[[39602,9675],[-10,-19],[-2,-57],[-8,-78],[-2,-61],[-8,-68],[-19,-305],[-6,-71],[-3,-70]],[[39544,8946],[-6,-181],[-6,-67],[-5,-85]],[[39527,8613],[-3,-145],[4,-91],[10,-107],[1,-125],[-4,-111],[-8,-93]],[[39527,7941],[-19,-76],[-34,-189],[2,-33],[-15,-12],[-18,-36],[-14,-7]],[[39429,7588],[-11,10]],[[39418,7598],[-1,1]],[[39417,7599],[-36,32]],[[39381,7631],[-1,9]],[[39380,7640],[54,4]],[[39434,7644],[1,0]],[[39435,7644],[3,1]],[[39438,7645],[2,1]],[[39440,7646],[4,2]],[[39444,7648],[-8,5]],[[39436,7653],[-32,16]],[[39404,7669],[-129,66]],[[39275,7735],[0,3]],[[28991,29014],[10,0]],[[29001,29014],[14,0]],[[29015,29014],[1,0]],[[29016,29014],[29,0]],[[29045,29014],[11,0]],[[29056,29014],[108,-1]],[[29164,29013],[12,0]],[[29176,29013],[2,0]],[[29178,29013],[4,0]],[[29182,29013],[4,0]],[[29186,29013],[21,0]],[[29207,29013],[14,0]],[[29221,29013],[1,0]],[[29222,29013],[51,0],[0,-10]],[[29273,29003],[0,-58]],[[29273,28945],[6,0]],[[29279,28945],[15,0]],[[29294,28945],[1,-6]],[[29295,28939],[10,6]],[[29305,28945],[6,0]],[[29311,28945],[22,0]],[[29333,28945],[6,0]],[[29339,28945],[1,-13]],[[29340,28932],[14,-19]],[[29354,28913],[3,-4]],[[29357,28909],[3,-7]],[[29360,28902],[0,-70]],[[29360,28832],[-43,1],[0,-141],[-16,-7],[-6,-63],[0,-60],[-26,0],[-18,-21],[0,-25],[-21,-44],[-303,0],[-1,-72],[-20,-3],[-152,-2],[0,-12],[-83,0],[-1,-245],[5,-24],[16,-34],[49,-87],[46,-95],[7,-22],[45,-172],[14,-38],[27,-52],[93,-179],[20,-45]],[[28992,27390],[-1,0]],[[28991,27390],[-154,-2],[-105,0]],[[28732,27388],[-29,1]],[[28703,27389],[-31,0]],[[28672,27389],[-123,0]],[[28549,27389],[-1,0]],[[28548,27389],[-60,0]],[[28488,27389],[-35,0]],[[28453,27389],[-115,1]],[[28338,27390],[-9,2]],[[28329,27392],[-323,-1]],[[28006,27391],[-1,0]],[[28005,27391],[-2,0]],[[25648,27589],[-6,4],[-19,41],[25,43],[6,77],[25,45],[-20,48],[-23,108],[-11,18],[-39,5],[-31,13],[-60,-2],[-86,-18],[-5,18],[110,48],[7,27],[-24,14],[-62,21],[-44,-14],[-39,2],[-7,20],[12,25],[0,42],[-29,1],[4,29],[-22,43],[43,19],[14,28],[27,12],[31,50],[-5,27],[-30,29],[14,26],[-5,40],[8,21],[2,43],[-17,11],[5,25],[-21,27],[-15,35],[-35,-2],[-10,-26],[-24,3],[-26,-10],[-12,-12],[-38,24],[-88,21],[-53,-5],[-43,-12],[-57,14],[-104,19],[-24,15],[-58,16],[-51,-12],[-68,0],[-155,19],[-89,16],[-16,10],[-20,-6],[1,-34],[-7,-33],[-19,-37],[-55,-18],[-15,-25],[-5,-36],[16,-25],[-10,-12],[-24,5],[-71,-37],[-15,7],[-21,19],[-34,-23],[-3,-26],[-26,-18],[-17,19],[-8,57],[6,44],[-21,11],[-20,-35],[-19,67],[13,71],[-10,88],[-32,44],[-27,68],[-38,77],[-9,43],[6,51],[31,60],[-7,30],[39,54],[-13,45],[-62,69],[-33,17],[-10,19],[-33,-4],[-55,39],[-61,6],[-13,24],[-53,8],[-44,32],[-18,2],[-9,15],[-19,-3],[-15,-22],[-19,-14],[-28,18]],[[23504,29419],[-12,16],[24,35],[-3,17],[-25,9],[-24,37],[5,18],[51,40],[0,13],[38,23],[3,16],[-12,11],[-33,-11],[-22,28],[-20,4],[9,77],[-16,26],[-31,12],[-41,63],[-18,58],[-14,11],[-25,-13],[-21,21],[9,16],[-3,39],[-15,19],[12,30],[-3,39],[-47,24],[-5,14],[10,26],[-21,33],[4,19],[-23,45],[-55,4],[-10,39],[-53,35],[-90,-1],[-33,17],[-43,-21],[-43,7],[-8,21],[-16,6],[-47,-5],[-1,18],[19,12],[3,18],[-36,17],[-7,18],[-48,74],[-4,40],[-35,38],[-35,14],[-53,-11],[-46,63],[-53,22],[-35,66],[-72,0],[-47,22],[-25,58],[-23,-3],[-62,30],[-7,37],[30,19],[-3,21],[-18,20],[-17,64],[14,42],[-14,92],[-22,34],[10,48],[-8,63],[9,44],[18,33],[12,74],[-11,126],[-14,46],[-12,59],[-28,41],[-16,41],[22,5],[5,25]],[[22227,31766],[59,34],[18,-15],[25,-1],[22,-15],[22,4],[37,-15],[45,-9],[16,16],[-9,52],[14,11],[58,98],[4,22],[-4,54],[6,36],[16,13],[5,32],[-4,23],[11,21],[-15,43],[21,10],[2,10],[-12,40],[14,11],[8,38],[14,23],[12,34],[25,7],[6,19],[24,28],[-4,24],[16,9],[11,21],[12,1],[3,274]],[[22705,32719],[-179,-3],[0,328],[-1,78],[-94,0],[2,47],[1,647],[-2,75],[6,177],[2,185],[3,296],[1,61]],[[22444,34610],[33,3],[47,-13],[54,13],[69,1],[98,-1],[98,0],[-1,149],[8,64],[-1,212],[4,40],[38,166],[3,34],[-1,99],[66,5],[22,-7],[-1,48]],[[22980,35423],[88,0]],[[23068,35423],[13,2]],[[23081,35425],[7,0]],[[23088,35425],[35,-1]],[[23123,35424],[13,7]],[[23136,35431],[0,8]],[[23136,35439],[-9,13]],[[23127,35452],[-8,11]],[[23119,35463],[1,9]],[[23120,35472],[18,37]],[[23138,35509],[5,13]],[[23143,35522],[5,12]],[[23148,35534],[15,34]],[[23163,35568],[0,24]],[[23163,35592],[-7,13]],[[23156,35605],[0,14]],[[23156,35619],[23,40]],[[23179,35659],[20,21]],[[23199,35680],[13,8]],[[23212,35688],[21,10]],[[23233,35698],[28,13]],[[23261,35711],[6,6]],[[23267,35717],[9,20]],[[23276,35737],[2,5]],[[23278,35742],[-2,12]],[[23276,35754],[-22,37]],[[23254,35791],[2,17]],[[23256,35808],[3,6]],[[23259,35814],[7,13]],[[23266,35827],[18,23]],[[23284,35850],[4,10]],[[23288,35860],[-6,19]],[[23282,35879],[-6,10]],[[23276,35889],[-3,5]],[[23273,35894],[-4,28]],[[23269,35922],[-6,20]],[[23263,35942],[1,10]],[[23264,35952],[5,10]],[[23269,35962],[15,19]],[[23284,35981],[20,4]],[[23304,35985],[9,-1]],[[23313,35984],[10,-6]],[[23323,35978],[7,-11]],[[23330,35967],[9,0]],[[23339,35967],[25,10]],[[23364,35977],[12,7]],[[23376,35984],[6,11]],[[23382,35995],[-10,13]],[[23372,36008],[-8,16]],[[23364,36024],[0,11]],[[23364,36035],[0,2]],[[23364,36037],[5,15]],[[23369,36052],[3,10]],[[23372,36062],[-1,12]],[[23371,36074],[-4,13]],[[23367,36087],[0,26]],[[23367,36113],[1,13]],[[23368,36126],[3,7]],[[23371,36133],[12,9]],[[23383,36142],[3,3]],[[23386,36145],[16,13]],[[23402,36158],[5,5]],[[23407,36163],[26,14]],[[23433,36177],[13,11]],[[23446,36188],[12,2]],[[23458,36190],[4,0]],[[23462,36190],[3,0]],[[23465,36190],[18,5]],[[23483,36195],[-5,22]],[[23478,36217],[-1,4]],[[23477,36221],[-10,13]],[[23467,36234],[-1,-1]],[[23466,36233],[-8,-2]],[[23458,36231],[-12,7]],[[23446,36238],[-2,6]],[[23444,36244],[4,13]],[[23448,36257],[13,10]],[[23461,36267],[2,9]],[[23463,36276],[-2,1]],[[23461,36277],[-8,8]],[[23453,36285],[-7,14]],[[23446,36299],[-2,8]],[[23444,36307],[-1,5]],[[23443,36312],[0,1]],[[23443,36313],[-9,24]],[[23434,36337],[0,5]],[[23434,36342],[1,7]],[[23435,36349],[-16,7]],[[23419,36356],[-11,5]],[[23408,36361],[-8,5]],[[23400,36366],[-13,4]],[[23387,36370],[-17,10]],[[23370,36380],[-13,11]],[[23357,36391],[-9,-3]],[[23348,36388],[-10,-4]],[[23338,36384],[-30,-6]],[[23308,36378],[-1,-7]],[[23307,36371],[-3,-10]],[[23304,36361],[-6,0]],[[23298,36361],[-5,6]],[[23293,36367],[-3,16]],[[23290,36383],[0,2]],[[23290,36385],[0,12]],[[23290,36397],[1,9]],[[23291,36406],[-11,10]],[[23280,36416],[-8,4]],[[23272,36420],[-15,-6]],[[23257,36414],[-3,-8]],[[23254,36406],[-4,-7]],[[23250,36399],[-10,3]],[[23240,36402],[-15,21]],[[23225,36423],[-1,2]],[[23224,36425],[-10,6]],[[23214,36431],[-1,1]],[[23213,36432],[2,13]],[[23215,36445],[11,-2]],[[23226,36443],[2,0]],[[23228,36443],[4,3]],[[23232,36446],[0,12]],[[23232,36458],[0,2]],[[23232,36460],[-4,14]],[[23228,36474],[-1,3]],[[23227,36477],[-5,17]],[[23222,36494],[-8,13]],[[23214,36507],[0,7]],[[23214,36514],[1,1]],[[23215,36515],[0,1]],[[23215,36516],[1,0]],[[23216,36516],[8,12]],[[23224,36528],[0,2]],[[23224,36530],[2,5]],[[23226,36535],[-5,17]],[[23221,36552],[1,6]],[[23222,36558],[9,14]],[[23231,36572],[4,2]],[[23235,36574],[3,1]],[[23238,36575],[-1,10]],[[23237,36585],[-10,4]],[[23227,36589],[-8,-1]],[[23219,36588],[-2,0]],[[23217,36588],[-6,6]],[[23211,36594],[-1,14]],[[23210,36608],[8,12]],[[23218,36620],[1,1]],[[23219,36621],[11,6]],[[23230,36627],[7,4]],[[23237,36631],[-6,17]],[[23231,36648],[-2,3]],[[23229,36651],[-2,18]],[[23227,36669],[8,9]],[[23235,36678],[1,1]],[[23236,36679],[0,4]],[[23236,36683],[-11,0]],[[23225,36683],[-4,0]],[[23221,36683],[-5,0]],[[23216,36683],[-1,0]],[[23215,36683],[-6,4]],[[23209,36687],[-1,0]],[[23208,36687],[-12,17]],[[23196,36704],[-1,1]],[[23195,36705],[-1,1]],[[23194,36706],[-6,4]],[[23188,36710],[-10,4]],[[23178,36714],[-1,1]],[[23177,36715],[-14,5]],[[23163,36720],[-2,0]],[[23161,36720],[-20,5]],[[23141,36725],[-1,0]],[[23140,36725],[-2,1]],[[23138,36726],[-6,4]],[[23132,36730],[-8,5]],[[23124,36735],[-2,0]],[[23122,36735],[-8,1]],[[23114,36736],[-13,1]],[[23101,36737],[0,15]],[[23101,36752],[5,10]],[[23106,36762],[4,7]],[[23110,36769],[-10,4]],[[23100,36773],[-1,5]],[[23099,36778],[0,6]],[[23099,36784],[2,10]],[[23101,36794],[0,1]],[[23101,36795],[-1,4]],[[23100,36799],[-1,7]],[[23099,36806],[2,16]],[[23101,36822],[2,12]],[[23103,36834],[-1,1]],[[23102,36835],[-1,1]],[[23101,36836],[-2,6]],[[23099,36842],[-6,13]],[[23093,36855],[5,6]],[[23098,36861],[7,-2]],[[23105,36859],[10,4]],[[23115,36863],[1,7]],[[23116,36870],[-7,14]],[[23109,36884],[-1,2]],[[23108,36886],[-1,14]],[[23107,36900],[-2,13]],[[23105,36913],[0,4]],[[23105,36917],[6,10]],[[23111,36927],[5,8]],[[23116,36935],[1,6]],[[23117,36941],[-4,5]],[[23113,36946],[-15,25]],[[23098,36971],[-5,5]],[[23093,36976],[-6,5]],[[23087,36981],[5,2]],[[23092,36983],[7,5]],[[23099,36988],[4,9]],[[23103,36997],[3,9]],[[23106,37006],[12,-9]],[[23118,36997],[4,0]],[[23122,36997],[3,18]],[[23125,37015],[-4,14]],[[23121,37029],[-6,21]],[[23115,37050],[-1,4]],[[23114,37054],[-7,6]],[[23107,37060],[-9,1]],[[23098,37061],[-1,8]],[[23097,37069],[-4,25]],[[23093,37094],[-3,3]],[[23090,37097],[-14,2]],[[23076,37099],[-1,0]],[[23075,37099],[-2,0]],[[23073,37099],[-1,1]],[[23072,37100],[-2,11]],[[23070,37111],[11,2]],[[23081,37113],[7,4]],[[23088,37117],[1,8]],[[23089,37125],[-1,2]],[[23088,37127],[-5,8]],[[23083,37135],[0,16]],[[23083,37151],[-2,7]],[[23081,37158],[-20,26]],[[23061,37184],[-2,2]],[[23059,37186],[-1,2]],[[23058,37188],[-14,20]],[[23044,37208],[-20,13]],[[23024,37221],[-6,4]],[[23018,37225],[-8,5]],[[23010,37230],[3,20]],[[23013,37250],[2,6]],[[23015,37256],[0,3]],[[23015,37259],[8,6]],[[23023,37265],[12,6]],[[23035,37271],[0,18]],[[23035,37289],[-4,4]],[[23031,37293],[0,1]],[[23031,37294],[-1,1]],[[23030,37295],[-2,9]],[[23028,37304],[-3,8]],[[23025,37312],[-8,5]],[[23017,37317],[-6,6]],[[23011,37323],[-1,0]],[[23010,37323],[-2,3]],[[23008,37326],[-4,4]],[[23004,37330],[-1,4]],[[23003,37334],[0,2]],[[23003,37336],[6,10]],[[23009,37346],[6,9]],[[23015,37355],[1,8]],[[23016,37363],[-10,21]],[[23006,37384],[-6,20]],[[23000,37404],[2,14]],[[23002,37418],[0,1]],[[23002,37419],[2,3]],[[23004,37422],[4,7]],[[23008,37429],[10,4]],[[23018,37433],[12,3]],[[23030,37436],[2,1]],[[23032,37437],[0,7]],[[23032,37444],[-1,5]],[[23031,37449],[-7,19]],[[23024,37468],[-1,3]],[[23023,37471],[0,1]],[[23023,37472],[-3,10]],[[23020,37482],[-1,3]],[[23019,37485],[-4,16]],[[23015,37501],[-2,3]],[[23013,37504],[-9,14]],[[23004,37518],[-3,10]],[[23001,37528],[-5,14]],[[22996,37542],[0,1]],[[22996,37543],[-11,18]],[[22985,37561],[-2,4]],[[22983,37565],[-5,9]],[[22978,37574],[-1,1]],[[22977,37575],[0,1]],[[22977,37576],[0,1]],[[22977,37577],[-4,12]],[[22973,37589],[5,15]],[[22978,37604],[0,11]],[[22978,37615],[-7,20]],[[22971,37635],[0,10]],[[22971,37645],[-5,14]],[[22966,37659],[-2,2]],[[22964,37661],[-7,5]],[[22957,37666],[-8,14]],[[22949,37680],[2,10]],[[22951,37690],[-19,9]],[[22932,37699],[-18,0]],[[22914,37699],[-17,-2]],[[22897,37697],[-9,-1]],[[22888,37696],[-3,0]],[[22885,37696],[-7,9]],[[22878,37705],[-6,2]],[[22872,37707],[-15,-5]],[[22857,37702],[-17,-1]],[[22840,37701],[-5,12]],[[22835,37713],[-4,9]],[[22831,37722],[-12,-1]],[[22819,37721],[-9,-1]],[[22810,37720],[-10,3]],[[22800,37723],[-6,-10]],[[22794,37713],[-15,7]],[[22779,37720],[-24,6]],[[22755,37726],[0,9]],[[22755,37735],[189,-14]],[[22944,37721],[131,-9],[264,-18]],[[23339,37694],[184,-12]],[[23523,37682],[168,-14]],[[23691,37668],[567,-39],[440,-29],[341,-23]],[[25039,37577],[4,0]],[[25043,37577],[310,-22]],[[25353,37555],[345,-26],[57,-3]],[[25755,37526],[260,-18]],[[26015,37508],[1,0]],[[26016,37508],[2,0]],[[26018,37508],[98,-7]],[[26116,37501],[423,-28]],[[26539,37473],[32,-3],[162,-10]],[[26733,37460],[20,-2]],[[26753,37458],[31,-2]],[[26784,37456],[49,-4]],[[26833,37452],[7,0]],[[26840,37452],[4,0]],[[26844,37452],[8,-1]],[[26852,37451],[18,-1]],[[26870,37450],[4,0]],[[26874,37450],[7,-1]],[[26881,37449],[35,-2]],[[26916,37447],[1,0]],[[26917,37447],[54,-4]],[[26971,37443],[131,-10]],[[27102,37433],[23,-1]],[[27125,37432],[56,-4]],[[27181,37428],[43,-3]],[[27224,37425],[20,-2]],[[27244,37423],[100,-7]],[[27344,37416],[31,-2]],[[27375,37414],[110,-8]],[[27485,37406],[39,-3]],[[27524,37403],[99,-7]],[[27623,37396],[48,-4]],[[27671,37392],[129,-9]],[[27800,37383],[64,-5]],[[27864,37378],[118,-9]],[[27982,37369],[36,-3]],[[28018,37366],[2,0]],[[28020,37366],[13,-1]],[[28033,37365],[22,-1]],[[28055,37364],[112,-9]],[[28167,37355],[6,0]],[[28173,37355],[112,-9]],[[28285,37346],[1,0]],[[28286,37346],[80,-7]],[[28366,37339],[36,-3]],[[28402,37336],[81,-6]],[[28483,37330],[30,-2]],[[28513,37328],[0,-4]],[[28513,37324],[2,-6]],[[28515,37318],[-3,-2]],[[28512,37316],[-4,-3]],[[28508,37313],[-11,-6]],[[28497,37307],[-26,2]],[[28471,37309],[-29,-18]],[[28442,37291],[-1,-1]],[[28441,37290],[0,-1]],[[28441,37289],[-4,-4]],[[28437,37285],[-7,-10]],[[28430,37275],[-11,-13]],[[28419,37262],[-9,-8]],[[28410,37254],[-1,-47],[-8,-8]],[[28401,37199],[-15,-14]],[[28386,37185],[0,-2]],[[28386,37183],[-3,-14]],[[28383,37169],[-2,-15]],[[28381,37154],[-2,-10]],[[28379,37144],[0,-3]],[[28379,37141],[-1,-4]],[[28378,37137],[8,-23],[14,-16]],[[28400,37098],[0,-1]],[[28400,37097],[1,0]],[[28401,37097],[27,-28],[3,-10]],[[28431,37059],[2,-10]],[[28433,37049],[1,-8]],[[28434,37041],[1,-4]],[[28435,37037],[1,-4]],[[28436,37033],[-4,-16]],[[28432,37017],[-1,-5]],[[28431,37012],[8,-22]],[[28439,36990],[3,-6]],[[28442,36984],[6,-14]],[[28448,36970],[2,-3]],[[28450,36967],[8,-13]],[[28458,36954],[4,-3]],[[28462,36951],[2,-2]],[[28464,36949],[5,-3]],[[28469,36946],[6,-4]],[[28475,36942],[18,-12]],[[28493,36930],[37,-42]],[[28530,36888],[2,-2]],[[28532,36886],[1,-2]],[[28533,36884],[1,-2]],[[28534,36882],[5,-6]],[[28539,36876],[4,-5]],[[28543,36871],[14,-17]],[[28557,36854],[4,-7]],[[28561,36847],[14,-21]],[[28575,36826],[3,-6]],[[28578,36820],[5,-9]],[[28583,36811],[-9,-17],[9,-13],[2,-26]],[[28585,36755],[1,-5]],[[28586,36750],[-11,-12],[-8,-24]],[[28567,36714],[-1,-3]],[[28566,36711],[-8,-25]],[[28558,36686],[-8,-26],[1,-17]],[[28551,36643],[5,-11]],[[28556,36632],[2,-2]],[[28558,36630],[8,-27]],[[28566,36603],[-4,-13],[7,-24]],[[28569,36566],[1,-4]],[[28570,36562],[-3,-9]],[[28567,36553],[-1,-4]],[[28566,36549],[-1,-6]],[[28565,36543],[-13,-15],[5,-11]],[[28557,36517],[-10,-16]],[[28547,36501],[-3,-5]],[[28544,36496],[-3,-4]],[[28541,36492],[-2,-2]],[[28539,36490],[-2,-42]],[[28537,36448],[0,-8]],[[28537,36440],[0,-5]],[[28537,36435],[1,-2]],[[28538,36433],[12,-54]],[[28550,36379],[3,-15]],[[28553,36364],[7,-30]],[[28560,36334],[2,-9]],[[28562,36325],[4,-20]],[[28566,36305],[1,-5]],[[28567,36300],[1,-3]],[[28568,36297],[1,-2]],[[28569,36295],[6,-11]],[[28575,36284],[5,-10]],[[28580,36274],[1,-1]],[[28581,36273],[2,-16],[16,-18]],[[28599,36239],[2,-3]],[[28601,36236],[11,-20]],[[28612,36216],[19,-28]],[[28631,36188],[-2,-18]],[[28629,36170],[4,-18]],[[28633,36152],[14,-9]],[[28647,36143],[24,2],[5,-21],[16,-27]],[[28692,36097],[4,-5]],[[28696,36092],[42,-51]],[[28738,36041],[2,-3]],[[28740,36038],[6,-4]],[[28746,36034],[3,-2]],[[28749,36032],[30,-5]],[[28779,36027],[1,-1]],[[28780,36026],[6,0]],[[28786,36026],[6,0]],[[28792,36026],[4,2]],[[28796,36028],[15,11]],[[28811,36039],[5,1]],[[28816,36040],[19,5]],[[28835,36045],[7,2]],[[28842,36047],[9,2]],[[28851,36049],[3,1]],[[28854,36050],[7,-5],[24,14]],[[28885,36059],[4,1]],[[28889,36060],[1,0]],[[28890,36060],[32,6]],[[28922,36066],[15,-14],[36,22]],[[28973,36074],[18,4]],[[28991,36078],[6,1]],[[28997,36079],[4,0]],[[29001,36079],[22,-12],[7,17]],[[29030,36084],[18,2]],[[29048,36086],[13,-6],[25,10]],[[29086,36090],[5,0]],[[29091,36090],[17,-10],[12,-18]],[[29120,36062],[5,-4]],[[29125,36058],[3,-2]],[[29128,36056],[8,-6]],[[29136,36050],[10,-6]],[[29146,36044],[67,-12]],[[29213,36032],[5,0]],[[29218,36032],[63,2]],[[29281,36034],[14,-21],[18,26]],[[29313,36039],[10,1]],[[29323,36040],[1,1]],[[29324,36041],[3,0]],[[29327,36041],[9,-7],[24,15]],[[29360,36049],[20,5]],[[29380,36054],[-1,-6]],[[29379,36048],[2,-179],[0,-248]],[[29381,35621],[1,-24]],[[29382,35597],[0,-11]],[[29382,35586],[0,-33]],[[29382,35553],[2,-49]],[[29384,35504],[-1,0]],[[29383,35504],[2,-186],[-2,-317]],[[29383,35001],[0,-31]],[[29383,34970],[0,-271]],[[29383,34699],[0,-202]],[[29383,34497],[0,-102]],[[29383,34395],[1,-218]],[[29384,34177],[0,-17]],[[29384,34160],[2,-250],[5,-109]],[[29391,33801],[1,-25]],[[29392,33776],[0,-10]],[[29392,33766],[0,-38]],[[29392,33728],[-1,-20]],[[29391,33708],[0,-29]],[[29391,33679],[-3,-27]],[[29388,33652],[0,-70]],[[29388,33582],[1,-31]],[[29389,33551],[0,-5]],[[29389,33546],[0,-111]],[[29389,33435],[1,-175]],[[29390,33260],[3,-207]],[[29393,33053],[0,-73]],[[29393,32980],[2,-159]],[[29395,32821],[1,-72]],[[29396,32749],[1,-24]],[[29397,32725],[1,-11]],[[29398,32714],[0,-14]],[[29398,32700],[0,-6]],[[29398,32694],[-1,-11]],[[29397,32683],[1,-21]],[[29398,32662],[0,-4]],[[29398,32658],[-1,-61]],[[29397,32597],[-1,-30]],[[29396,32567],[1,-18]],[[29397,32549],[1,-5]],[[29398,32544],[0,-6]],[[29398,32538],[0,-3]],[[29398,32535],[0,-2]],[[29398,32533],[1,-14]],[[29399,32519],[0,-1]],[[29399,32518],[0,-1]],[[29399,32517],[0,-10]],[[29399,32507],[0,-61]],[[29399,32446],[0,-2]],[[29399,32444],[0,-2]],[[29399,32442],[0,-1]],[[29399,32441],[0,-15]],[[29399,32426],[0,-1]],[[29399,32425],[-1,-38]],[[29398,32387],[1,-21]],[[29399,32366],[0,-26]],[[29399,32340],[0,-15]],[[29399,32325],[1,-73]],[[29400,32252],[-6,-75]],[[29394,32177],[-2,-14]],[[29392,32163],[-6,-70]],[[29386,32093],[0,-4]],[[29386,32089],[-2,-13]],[[29384,32076],[-34,-2]],[[29350,32074],[1,-7]],[[29351,32067],[9,-1]],[[29360,32066],[9,-1]],[[29369,32065],[9,-8]],[[29378,32057],[1,-4]],[[29379,32053],[2,-6]],[[29381,32047],[1,0]],[[29382,32047],[1,-3]],[[29383,32044],[-3,0]],[[29380,32044],[-1,-13]],[[29379,32031],[-1,-10]],[[29378,32021],[-10,-119]],[[29368,31902],[-3,-12]],[[29365,31890],[-12,-117]],[[29353,31773],[-5,-73]],[[29348,31700],[0,-6]],[[29348,31694],[-1,-71]],[[29347,31623],[1,-11]],[[29348,31612],[0,-76]],[[29348,31536],[2,-37],[2,-188]],[[29352,31311],[-1,-4]],[[29351,31307],[1,-175]],[[29352,31132],[-1,-12]],[[29351,31120],[0,-10]],[[29351,31110],[0,-2]],[[29351,31108],[-2,-218]],[[29349,30890],[0,-6]],[[29349,30884],[-1,-109]],[[29348,30775],[0,-7]],[[29348,30768],[1,-221]],[[29349,30547],[-1,-81],[2,-100]],[[29350,30366],[-6,-12]],[[29344,30354],[-5,-1]],[[29339,30353],[-10,-3]],[[29329,30350],[-5,1]],[[29324,30351],[-5,0]],[[29319,30351],[-13,1]],[[29306,30352],[-4,10]],[[29302,30362],[-2,4]],[[29300,30366],[-11,12]],[[29289,30378],[-21,-3]],[[29268,30375],[-3,-4]],[[29265,30371],[4,-10]],[[29269,30361],[4,-12]],[[29273,30349],[1,-14]],[[29274,30335],[-2,-13]],[[29272,30322],[0,-3]],[[29272,30319],[-14,2]],[[29258,30321],[-5,0]],[[29253,30321],[-11,14]],[[29242,30335],[1,12]],[[29243,30347],[-13,8]],[[29230,30355],[-13,2]],[[29217,30357],[-15,-16]],[[29202,30341],[-10,-4]],[[29192,30337],[-7,-6]],[[29185,30331],[-3,-3]],[[29182,30328],[-5,-15]],[[29177,30313],[-2,-4]],[[29175,30309],[5,-1]],[[29180,30308],[7,-2]],[[29187,30306],[3,-7]],[[29190,30299],[-9,-10]],[[29181,30289],[-3,-3]],[[29178,30286],[2,-3]],[[29180,30283],[8,-11]],[[29188,30272],[-9,-3]],[[29179,30269],[-7,12]],[[29172,30281],[3,5]],[[29175,30286],[-2,1]],[[29173,30287],[-6,4]],[[29167,30291],[-3,7]],[[29164,30298],[-8,-8]],[[29156,30290],[-3,7]],[[29153,30297],[-8,-2]],[[29145,30295],[-3,-6]],[[29142,30289],[-3,-4]],[[29139,30285],[2,-6]],[[29141,30279],[-2,-4]],[[29139,30275],[-6,-12]],[[29133,30263],[1,-9]],[[29134,30254],[3,-5]],[[29137,30249],[3,-7]],[[29140,30242],[0,-8]],[[29140,30234],[-19,-10]],[[29121,30224],[-4,0]],[[29117,30224],[6,5]],[[29123,30229],[-4,7]],[[29119,30236],[-1,2]],[[29118,30238],[2,8]],[[29120,30246],[3,-4]],[[29123,30242],[5,-5]],[[29128,30237],[5,5]],[[29133,30242],[-9,16]],[[29124,30258],[0,1]],[[29124,30259],[0,12]],[[29124,30271],[-1,5]],[[29123,30276],[9,6]],[[29132,30282],[2,4]],[[29134,30286],[2,4]],[[29136,30290],[1,2]],[[29137,30292],[1,3]],[[29138,30295],[-10,8]],[[29128,30303],[1,3]],[[29129,30306],[1,6]],[[29130,30312],[-7,6]],[[29123,30318],[-3,3]],[[29120,30321],[0,3]],[[29120,30324],[2,8]],[[29122,30332],[-8,1]],[[29114,30333],[-3,11]],[[29111,30344],[-3,0]],[[29108,30344],[-4,0]],[[29104,30344],[-4,0]],[[29100,30344],[-5,0]],[[29095,30344],[-6,-4]],[[29089,30340],[-2,-11]],[[29087,30329],[-22,-3]],[[29065,30326],[0,-146]],[[29065,30180],[-2,-9]],[[29063,30171],[-12,-17]],[[29051,30154],[-3,-3]],[[29048,30151],[-3,-9]],[[29045,30142],[-1,-17]],[[29044,30125],[-1,-13]],[[29043,30112],[-5,-11],[-51,-65],[-112,-248],[-23,-35],[-6,-29],[-3,-598],[5,-37],[14,-52],[30,0],[-7,-23],[106,0]],[[24201,28410],[9,16],[26,-6],[21,-18],[-1,-29],[-13,-9],[-42,24],[0,22]],[[23983,28264],[32,7],[42,-2],[10,-18],[-29,-24],[-28,6],[-34,22],[7,9]],[[23891,28450],[26,19],[31,-37],[-4,-27],[-12,-27],[-25,-9],[1,48],[-20,13],[3,20]],[[39429,7588],[-17,-28],[1,-27],[-13,-31],[-16,-17],[-16,-5],[-42,-31]],[[39326,7449],[25,-26],[34,-18],[-1,-42],[-15,-38],[-6,-47],[-19,-42],[-4,-45],[8,-55],[11,-66],[-17,-34],[-17,0],[-17,51],[-39,42],[-38,33],[11,32],[15,25],[29,33],[-5,33],[-25,9],[1,10],[56,41],[40,44],[-18,26],[-24,26],[-20,0],[-2,25],[-41,48]],[[39248,7514],[-25,16]],[[39223,7530],[-109,-1],[-16,14],[-31,-16],[-11,-30],[-20,-15],[-17,7],[-72,-49],[-23,-34],[-13,5]],[[38911,7411],[-34,-55],[-24,-28],[5,-21],[11,-15],[6,-57],[-12,-5],[-13,-45],[-40,-77],[-15,-20],[-28,-79],[-9,-17],[-5,-45],[-13,-26],[-7,-52],[-20,-11],[-13,-30],[-24,-44]],[[38676,6784],[-18,-33],[-63,10],[-3,-15],[-35,-20],[-18,-73],[6,-111],[27,-89],[0,-14],[-22,-28],[-5,-25],[2,-18],[-23,-68],[-9,-60],[-5,-7],[-57,-6]],[[38472,18722],[1,-3]],[[38473,18719],[51,-195],[59,-153],[22,-90],[30,-73],[-28,-13],[1,-14],[23,3],[4,-24],[71,-204],[37,-110],[46,-132],[41,-89],[105,-238],[3,-18],[33,-97],[93,-244],[51,-125]],[[39115,16903],[33,-83],[167,-351],[19,-84],[23,-61],[-22,-38],[36,-98],[5,-23],[24,-70],[17,-77],[18,-51],[25,-60],[38,-72],[52,-110],[8,-36],[18,-37],[94,-259],[41,-195],[27,-80],[5,-22]],[[39743,15096],[18,-72],[14,-45],[17,-43],[-4,-11],[15,-60],[10,-52],[47,-175]],[[39860,14638],[22,-78],[39,-152],[29,-148]],[[39950,14260],[49,-241],[-5,-56],[5,-22],[-3,-62],[-20,-3]],[[39976,13876],[-72,-24],[1,27],[25,44],[-12,14],[-3,59]],[[39915,13996],[-30,0]],[[39885,13996],[-3,0]],[[39882,13996],[-3,0]],[[39879,13996],[-165,6],[-28,2]],[[39686,14004],[-2,0]],[[39684,14004],[-2,0]],[[39682,14004],[-1,0]],[[39681,14004],[-36,2],[-4,-122]],[[39641,13884],[-32,26]],[[39609,13910],[-2,1]],[[39607,13911],[-8,5]],[[39599,13916],[0,1]],[[39599,13917],[-1,-11],[-43,2],[-3,-79],[-88,3],[-4,-37]],[[39460,13795],[-2,-51]],[[39458,13744],[-1,-12]],[[39457,13732],[-1,-28]],[[39456,13704],[0,-14]],[[39456,13690],[-1,-9]],[[39455,13681],[-1,-29]],[[39454,13652],[0,-2]],[[39454,13650],[-2,-61]],[[39452,13589],[-1,-28]],[[39451,13561],[-2,-23]],[[39449,13538],[-4,-18]],[[39445,13520],[-10,-26]],[[39435,13494],[-13,-23]],[[39422,13471],[-1,0]],[[39421,13471],[-34,-36]],[[39387,13435],[1,-3]],[[39388,13432],[1,-1]],[[39389,13431],[7,-28],[4,-73]],[[39400,13330],[0,-15]],[[39400,13315],[0,-21]],[[39400,13294],[0,-1]],[[12675,39999],[148,0]],[[12823,39999],[237,0],[34,-1],[455,-1]],[[13549,39997],[148,1]],[[13697,39998],[4,0]],[[13701,39998],[2,0]],[[13703,39998],[13,0]],[[13716,39998],[8,0]],[[13724,39998],[4,0]],[[13728,39998],[6,0]],[[13734,39998],[23,0]],[[13757,39998],[93,0]],[[13850,39998],[1,0]],[[13851,39998],[0,-4]],[[13851,39994],[0,-19]],[[13851,39975],[-5,-21],[2,-30]],[[13848,39924],[0,-11]],[[13848,39913],[-18,-44]],[[13830,39869],[0,-17]],[[13830,39852],[4,-15]],[[13834,39837],[6,-7]],[[13840,39830],[10,-7]],[[13850,39823],[11,-8]],[[13861,39815],[0,1]],[[13861,39816],[1,1]],[[13862,39817],[11,-2]],[[13873,39815],[30,-8]],[[13903,39807],[12,-4]],[[13915,39803],[9,-2]],[[13924,39801],[29,-20],[12,-27],[3,-40],[-4,-13]],[[13964,39701],[-10,-36]],[[13954,39665],[-1,-11]],[[13953,39654],[-2,-8]],[[13951,39646],[0,-2]],[[13951,39644],[-4,-40]],[[13947,39604],[3,-13]],[[13950,39591],[13,-13]],[[13963,39578],[28,-12]],[[13991,39566],[5,-3]],[[13996,39563],[17,-13],[5,-21]],[[14018,39529],[4,-17]],[[14022,39512],[14,-30]],[[14036,39482],[51,-54]],[[14087,39428],[5,-5]],[[14092,39423],[20,-33]],[[14112,39390],[2,-6]],[[14114,39384],[12,-25]],[[14126,39359],[37,-54]],[[14163,39305],[17,-9]],[[14180,39296],[23,-16],[3,-16],[-25,-44]],[[14181,39220],[-1,-21]],[[14180,39199],[31,-33]],[[14211,39166],[5,-18],[-13,-10]],[[14203,39138],[-2,-2]],[[14201,39136],[-7,-14]],[[14194,39122],[18,-46]],[[14212,39076],[7,-5]],[[14219,39071],[22,-17],[11,-33],[-7,-21],[-11,-3]],[[14234,38997],[-17,-4]],[[14217,38993],[-18,-25]],[[14199,38968],[-9,-81]],[[14190,38887],[3,-15]],[[14193,38872],[21,-33]],[[14214,38839],[24,-50],[-1,-33]],[[14237,38756],[-3,-15]],[[14234,38741],[4,-26]],[[14238,38715],[8,-18]],[[14246,38697],[27,-43]],[[14273,38654],[12,-20]],[[14285,38634],[8,-14]],[[14293,38620],[1,-19]],[[14294,38601],[-5,-26]],[[14289,38575],[-8,-27]],[[14281,38548],[27,-30]],[[14308,38518],[3,-34]],[[14311,38484],[1,-13]],[[14312,38471],[4,-8]],[[14316,38463],[12,-7]],[[14328,38456],[8,-1]],[[14336,38455],[18,-3]],[[14354,38452],[17,8]],[[14371,38460],[36,-8]],[[14407,38452],[32,-38]],[[14439,38414],[14,-16],[10,-35]],[[14463,38363],[2,-7]],[[14465,38356],[7,-15]],[[14472,38341],[4,-3]],[[14476,38338],[40,-28]],[[14516,38310],[30,-35],[27,-64]],[[14573,38211],[61,-2]],[[14634,38209],[87,-3]],[[14721,38206],[244,-14],[217,-12],[327,-16]],[[15509,38164],[46,-3]],[[15555,38161],[46,-2]],[[15601,38159],[7,0]],[[15608,38159],[15,-1]],[[15623,38158],[17,-1]],[[15640,38157],[8,0]],[[15648,38157],[36,-2]],[[15684,38155],[1,0]],[[15685,38155],[1,-1]],[[15686,38154],[2,0]],[[15688,38154],[2,0]],[[15690,38154],[44,-2]],[[15734,38152],[1,0]],[[15735,38152],[197,-13]],[[15932,38139],[37,-2]],[[15969,38137],[315,-17]],[[16284,38120],[5,0]],[[16289,38120],[337,-25]],[[16626,38095],[148,-5]],[[16774,38090],[375,-13]],[[17149,38077],[322,-20],[158,-8]],[[17629,38049],[6,0]],[[17635,38049],[8,0]],[[17643,38049],[3,0]],[[17646,38049],[137,-6]],[[17783,38043],[1,0]],[[17784,38043],[638,-36]],[[18422,38007],[10,-1]],[[18432,38006],[26,-1]],[[18458,38005],[103,-9]],[[18561,37996],[126,-6]],[[18687,37990],[98,-5]],[[18785,37985],[186,-11]],[[18971,37974],[111,-7]],[[19082,37967],[24,-1]],[[19106,37966],[144,-9],[323,-19],[159,-8]],[[19732,37930],[20,-1]],[[19752,37929],[2,0]],[[19754,37929],[28,-2]],[[19782,37927],[99,-7]],[[19881,37920],[3,0]],[[19884,37920],[28,-4],[191,-10]],[[20103,37906],[14,-2]],[[20117,37904],[176,-10]],[[20293,37894],[5,-1]],[[20298,37893],[49,-3]],[[20347,37890],[2,0]],[[20349,37890],[84,-5]],[[20433,37885],[15,-1]],[[20448,37884],[265,-17],[109,-6]],[[20822,37861],[14,-1]],[[20836,37860],[259,-17],[49,-3]],[[21144,37840],[20,-1]],[[21164,37839],[520,-31]],[[21684,37808],[62,-3]],[[21746,37805],[6,-1]],[[21752,37804],[105,-9],[164,-11]],[[22021,37784],[46,-2]],[[22067,37782],[11,-1]],[[22078,37781],[4,0]],[[22082,37781],[40,-3]],[[22122,37778],[178,-12],[85,-5]],[[22385,37761],[1,0]],[[22386,37761],[65,-5]],[[22451,37756],[69,-5]],[[22520,37751],[67,-4]],[[22587,37747],[1,0]],[[22588,37747],[1,0]],[[22589,37747],[13,-1]],[[22602,37746],[143,-11]],[[22745,37735],[1,0]],[[22746,37735],[9,0]],[[22227,31766],[-26,13],[-21,-9],[-34,3],[-19,33],[-40,15],[-44,-1],[-19,-12],[-37,7],[-16,11],[-1,14],[-29,11],[-76,33],[-27,4],[0,64],[-22,11],[-16,50],[-25,-4],[-16,12],[30,18],[-59,7],[-29,-8],[-16,25],[-71,29],[-50,28],[-36,15],[-28,-1],[-7,10],[11,16],[-36,55],[-32,12],[-4,38],[-27,76],[-39,11],[-34,-25],[-23,-5],[-8,18],[13,27],[22,16],[-42,66],[-11,26],[32,25],[6,30],[-19,52],[-16,11],[-2,19],[16,39],[-9,27],[4,18],[-19,15],[-21,-18],[-6,59],[-37,15],[6,16],[-20,21],[-28,1],[-13,20],[-29,15],[-6,33],[-50,98],[-18,64],[-23,16],[3,39],[-8,21],[-82,53],[-34,30],[-12,18],[-34,22],[-15,23],[-29,11],[-10,18],[-1,25],[-8,19],[-19,12],[-24,-8],[-44,35],[-76,33],[-31,25],[-54,23],[-59,51],[-38,53],[-16,6],[-17,-19],[-50,32],[-18,24],[-9,21],[-36,-1],[-9,26],[-26,0],[-9,20],[-33,9],[-37,-7],[-36,11],[-27,-5],[-26,32],[-36,14],[-13,-13],[-35,7],[-88,92],[-71,41],[-22,19],[-58,20],[-206,111],[-3,22],[-33,12],[-28,0],[-44,41],[10,19],[-8,13],[-30,23],[-25,4],[-10,27],[-27,-10],[-4,32],[-32,25],[-10,14],[-42,5],[-10,29],[-22,13],[-50,3],[-32,29],[13,21],[4,21],[-19,17],[-9,-8]],[[19167,34346],[-27,-26],[-29,21],[15,38],[-13,21],[-27,17],[-38,-1],[-54,37],[-66,-6],[-18,-17],[-15,12],[-30,10],[-27,-4],[-36,-12],[-12,5],[-69,-37]],[[18721,34404],[-36,-19],[-21,-1],[-36,11],[-62,-17],[-43,-35],[-27,18],[-9,17],[-22,-4],[-57,-46],[-114,-64],[-56,-8],[-59,11],[-28,25],[12,31],[25,20],[19,34],[-6,29],[-11,2],[-14,-25],[-44,13],[-29,23],[-45,89],[-18,13],[-17,-44],[23,-70],[15,-9],[16,-40],[-16,0],[-10,-21],[-24,1],[-56,-5],[-48,9],[-48,1],[-12,29],[-34,17],[-9,51],[-46,22],[-32,-6],[-8,-22],[-30,-16],[-16,-33],[-8,-57],[19,-47],[-2,-46],[-12,-26],[-22,-22],[-26,5],[-40,-24],[-18,8],[-24,-6],[-104,-58],[-63,-54],[-25,-14],[-15,-30],[17,-20],[-20,-16],[-10,17],[-31,-14],[6,-28],[-13,-23],[-29,-36],[-16,7],[-7,28],[-26,-18],[-23,-43],[12,-24],[15,-42],[-8,-32],[2,-31],[29,-45],[23,-9],[23,32],[16,5],[19,-38],[5,-22],[-8,-31]],[[17324,33631],[-35,-8]],[[17289,33623],[-3,2]],[[17286,33625],[-29,3]],[[17257,33628],[-27,8]],[[17230,33636],[-11,7]],[[17219,33643],[-8,5]],[[17211,33648],[-6,2]],[[17205,33650],[-45,17]],[[17160,33667],[-1,0]],[[17159,33667],[-19,4]],[[17140,33671],[-18,1]],[[17122,33672],[-13,0]],[[17109,33672],[-12,2]],[[17097,33674],[-31,17]],[[17066,33691],[-3,2]],[[17063,33693],[-12,8]],[[17051,33701],[-6,5],[-24,5],[-17,3],[-33,7]],[[16971,33721],[-2,0]],[[16969,33721],[-34,-11],[-17,1],[-35,14]],[[16883,33725],[-18,9],[-27,22],[-19,-15],[12,-39],[-5,-17]],[[16826,33685],[20,-17],[-21,-41],[-29,-11],[-3,-35],[20,-12],[24,5],[10,-8],[32,2],[45,33],[49,-12],[22,-23],[39,0],[67,10],[15,-4],[48,-51],[21,-6],[21,5],[17,11],[47,-17],[41,-26],[15,4],[14,-8],[11,-25],[14,-79],[1,-37],[-12,-66],[-29,-67],[-16,-19],[-38,-17],[-36,2],[-43,-6],[-28,-10],[-46,-2],[-127,46],[-21,5],[-75,8],[-11,10],[-41,16],[-40,34],[-15,24],[-27,29],[-16,46],[-44,-8],[-54,-20],[-55,-42],[-19,-9],[-40,-39],[-13,25],[-33,13],[-51,2],[-95,-25],[-39,-14],[-169,-115],[-49,-22],[-86,-43],[-50,-30],[-52,-50],[-62,-47],[-46,-25],[-14,-21],[-37,-19],[-49,-39],[-10,-47],[-10,-10],[-24,17],[-19,-15],[-19,16],[-19,-15],[-17,-6],[4,-23],[-51,4],[-42,-11],[-51,-29],[-27,-19],[-54,-47],[-56,-41],[-34,-11],[-56,-49],[-29,-30],[-27,-24],[-33,1],[-87,-49],[-69,-44],[-37,-29],[-26,-6],[-109,-60],[-38,-4],[-31,-11],[-69,-40],[-39,-15],[-55,-28],[-71,-53],[-16,-29],[-3,-22],[-14,-20],[-25,5],[-11,31],[-24,18],[-14,26],[10,27],[23,32],[30,68],[6,23],[15,36],[18,19],[14,5],[47,74],[1,13],[-9,42],[10,43],[-37,6],[-23,-10],[-2,-47],[4,-10],[-18,-17],[-100,11],[-29,-16],[-29,-2],[-6,-39],[-24,-26],[-35,-72],[-34,-33],[-23,-35],[-43,-32],[-93,-32],[-24,-79],[-43,-36],[-25,-3],[-26,-20],[-58,-22],[-38,-2],[-5,-12],[-42,-13],[-59,16],[-21,-5],[-19,-16],[-17,-1],[-7,15],[-16,11],[-41,15],[-28,2],[-99,21],[-155,-1],[-104,-18],[-167,-47],[-44,-16],[-56,-13],[-27,-21],[-56,-3],[-45,-14],[-31,5],[-79,-22]],[[12717,31928],[-176,-46],[-5,-15],[31,-20],[86,5],[22,21],[21,-11],[-17,-19],[-40,-22],[-52,-3],[-41,14],[-51,13],[-89,14],[-75,4],[-41,-1],[-42,-4],[-62,-11],[-52,-17],[-41,-21],[-55,-42],[-26,-12],[-28,18],[-28,36],[-16,12],[-53,90],[-30,63],[-34,82],[-58,170],[-31,118],[-28,121],[-10,67],[-10,44],[-17,128],[-4,60],[8,78],[22,106],[24,39],[72,53],[12,-12],[-33,-57],[-8,-18],[-1,-41],[-5,-21],[-18,-32],[-8,-27],[-28,-63],[0,-29],[18,-43],[-18,-68],[4,-36],[22,-68],[14,-73],[9,-18],[-15,-24],[3,-27],[10,-26],[21,-1],[10,-10],[18,-49],[2,-24],[14,-52],[-1,-52],[4,-22],[33,-66],[23,-61],[33,-40],[1,-22],[-8,-17],[7,-29],[22,2],[23,-8],[6,-19],[-9,-46],[15,-12],[37,9],[13,11],[25,-2],[38,13],[41,5],[14,12],[37,-6],[42,6],[21,42],[14,64],[-8,29],[2,25],[14,8],[9,43],[0,70],[-3,115],[6,44],[-9,76],[9,30],[5,53],[4,74],[4,22],[-10,62],[-31,27],[-14,7],[-17,48],[3,25],[-3,40],[-15,38],[-40,38],[-38,5],[-23,21],[-33,54],[-4,24],[-34,94],[-72,135],[-110,136],[-21,21]],[[11816,33347],[-86,88],[-81,53],[-41,18],[-54,8],[-43,20],[-44,13],[-55,5],[-29,-5],[-54,7],[-63,31],[-48,31],[-33,25],[-33,33],[-51,63],[-27,49],[-4,14],[-35,39],[-41,9],[-46,40],[-146,160],[-36,45],[-38,34],[-60,40],[-54,32],[-188,98],[-160,80],[-86,48],[-93,70],[-61,50],[-110,113],[-134,122],[-189,136],[-352,231],[-233,136],[-132,71],[-100,49],[-154,75]],[[8622,35478],[-21,10],[-474,202],[-472,172]],[[7655,35862],[3,210],[-7,3],[3,57],[7,25],[48,122],[85,211],[21,36],[24,18],[46,24],[12,10],[11,29],[3,79],[13,20],[10,-1],[17,34],[27,-7],[8,22],[0,22],[-25,0],[-6,33],[14,11],[62,1],[2,160],[-23,0],[19,58],[3,54],[104,-1],[1,92],[0,89],[-101,2],[1,15],[-17,210],[-37,146],[0,20],[17,142],[-1,28],[-37,68],[-8,35],[2,57],[-46,1],[1,99],[-71,9],[-24,12],[-35,29],[7,16],[31,16],[-1,23],[-18,1],[-1,68],[-21,1],[-1,45],[-22,11],[-23,0],[0,22],[40,0],[40,15],[9,32],[-19,11],[1,19],[20,0],[-2,21],[46,0],[0,-22],[23,0],[1,63],[-53,2],[9,21],[-29,20],[-23,-5],[-10,31],[28,8],[9,26],[25,22],[1,85],[14,0],[107,-18],[-8,30],[-12,111],[2,26],[28,163],[13,85],[0,55],[-7,19],[-25,42],[-11,27],[-65,271],[-6,39],[2,192],[22,211]],[[7902,39951],[48,-1]],[[7950,39950],[34,0],[293,-1],[15,2]],[[8292,39951],[124,1]],[[8416,39952],[192,-3]],[[8608,39949],[13,1]],[[8621,39950],[118,0]],[[8739,39950],[174,2]],[[8913,39952],[247,1]],[[9160,39953],[103,1]],[[9263,39954],[653,8],[1,2]],[[9917,39964],[422,3],[529,3],[196,3],[143,1],[17,0],[17,1]],[[11241,39975],[444,7],[204,4],[27,0],[511,9],[152,4]],[[12579,39999],[96,0]],[[15572,32494],[15,2],[52,-30],[28,0],[43,12],[23,37],[49,-10],[54,13],[70,63],[43,70],[62,26],[15,-5],[15,11],[-4,17],[22,20],[10,25],[41,10],[5,-27],[-3,-34],[-11,-29],[-28,-38],[-17,-11],[-145,-69],[-71,-39],[-111,-33],[-75,-24],[-46,-9],[-22,11],[-14,41]],[[13350,31505],[12,10],[16,-8],[41,-44],[30,-12],[23,-29],[26,-21],[87,-38],[19,0],[54,-23],[61,-17],[32,10],[27,-1],[8,9],[-2,22],[35,9],[53,0],[54,18],[32,6],[65,30],[32,19],[21,7],[17,15],[39,16],[83,90],[24,6],[9,16],[3,26],[29,23],[38,7],[49,-7],[27,31],[28,17],[39,1],[13,21],[21,22],[34,4],[27,16],[1,25],[24,-7],[9,19],[44,-6],[97,25],[113,33],[25,19],[29,-4],[28,20],[12,1],[25,15],[2,14],[-20,18],[-20,1],[-5,45],[21,4],[26,-27],[15,-21],[25,-15],[26,20],[-10,42],[10,30],[25,15],[28,9],[60,54],[24,10],[29,28],[30,3],[75,58],[9,20],[3,25],[14,11],[21,-3],[49,58],[9,40],[17,21],[13,2],[27,41],[15,-37],[-3,-12],[-36,-30],[-103,-117],[-141,-141],[-101,-103],[-63,-46],[-116,-66],[-113,-47],[-48,-11],[-127,-46],[-86,-37],[-76,-40],[-280,-178],[-98,-58],[-124,-47],[-296,-108],[-46,-12],[-29,20],[-99,93],[-78,61],[-59,37],[-12,17],[3,14]],[[12691,31833],[33,9],[47,-2],[28,13],[90,1],[85,-2],[64,-17],[88,26],[27,17],[54,7],[10,6],[43,0],[54,-15],[19,-10],[34,1],[11,-15],[34,-15],[26,-31],[32,-6],[-39,-54],[-35,-59],[-16,-32],[-28,-108],[-17,-7],[-108,-12],[-79,13],[-29,12],[-26,30],[-57,55],[-97,70],[-63,41],[-90,43],[-77,22],[-18,19]],[[31993,36051],[8,29]],[[32001,36080],[0,27]],[[32001,36107],[-10,39]],[[31991,36146],[-8,22]],[[31983,36168],[-9,26]],[[31974,36194],[5,2]],[[31979,36196],[22,-1]],[[32001,36195],[70,3]],[[32071,36198],[9,19]],[[32080,36217],[127,24]],[[32207,36241],[28,-9]],[[32235,36232],[11,-3],[75,9]],[[32321,36238],[106,-1]],[[32427,36237],[60,-50]],[[32487,36187],[47,-19],[60,35]],[[32594,36203],[81,102]],[[32675,36305],[65,-4]],[[32740,36301],[4,-12],[30,-20],[9,-16],[44,12],[6,-6],[-21,-100],[-3,-109],[10,-190],[23,-164],[19,-84],[44,-235]],[[32905,35377],[128,-558],[130,-639],[31,-165],[42,-194],[42,-195],[49,-182],[23,-70],[33,-83],[18,-21]],[[33401,33270],[43,-49],[12,-31],[0,-32],[12,-62],[12,-45],[3,-23],[18,-76],[5,-10],[4,-83],[13,-145]],[[33523,32714],[1,-10]],[[33524,32704],[-41,-5],[-5,10],[-26,0],[-4,16],[28,0],[-27,107],[-24,-1],[-26,-27],[-11,-17],[-18,2],[-24,-20],[-32,2],[2,46],[-6,37],[-80,2],[-24,-11]],[[33206,32845],[1,-6]],[[33207,32839],[0,-4]],[[33207,32835],[0,-12]],[[33207,32823],[1,-90]],[[33208,32733],[-2,-20]],[[33206,32713],[-10,9],[-21,2],[-4,-24],[-36,-14],[-19,-2],[-12,21],[-24,12],[-7,29],[-15,0],[-26,20],[-7,13],[0,25],[-43,0],[-13,19],[-60,-85],[-60,141],[-23,79],[-156,-19],[-187,-18],[-114,-18],[-58,-8],[-141,0],[-13,-2],[-68,-29],[-36,-7],[-85,0],[-134,-3]],[[31834,32854],[-22,51]],[[31812,32905],[-9,21]],[[31803,32926],[-43,99]],[[31760,33025],[-8,20]],[[31752,33045],[-13,49]],[[31739,33094],[-1,3]],[[31738,33097],[-20,78]],[[31718,33175],[-5,28]],[[31713,33203],[-2,6]],[[31711,33209],[-1,7]],[[31710,33216],[-1,5]],[[31709,33221],[-1,6]],[[31708,33227],[-1,5]],[[31707,33232],[-3,23]],[[31704,33255],[-1,39]],[[31703,33294],[2,11]],[[31705,33305],[10,34]],[[31715,33339],[2,4]],[[31717,33343],[15,38]],[[31732,33381],[2,6]],[[31734,33387],[2,5]],[[31736,33392],[2,5]],[[31738,33397],[6,17]],[[31744,33414],[4,9]],[[31748,33423],[6,27]],[[31754,33450],[0,12]],[[31754,33462],[-6,57]],[[31748,33519],[-6,24]],[[31742,33543],[-6,13]],[[31736,33556],[-4,10]],[[31732,33566],[-4,9]],[[31728,33575],[-2,5]],[[31726,33580],[-2,4]],[[31724,33584],[-3,5]],[[31721,33589],[-10,19]],[[31711,33608],[-4,5]],[[31707,33613],[-3,4]],[[31704,33617],[-4,6]],[[31700,33623],[-2,2]],[[31698,33625],[-4,6]],[[31694,33631],[-4,4]],[[31690,33635],[-11,12]],[[31679,33647],[-17,16]],[[31662,33663],[-8,7]],[[31654,33670],[-5,4]],[[31649,33674],[-4,3]],[[31645,33677],[-4,4]],[[31641,33681],[-6,4]],[[31635,33685],[-14,12]],[[31621,33697],[-2,2]],[[31619,33699],[-39,25]],[[31580,33724],[-7,4]],[[31573,33728],[-2,2]],[[31571,33730],[-44,29]],[[31527,33759],[-85,56]],[[31442,33815],[-3,2]],[[31439,33817],[-14,9]],[[31425,33826],[-28,17]],[[31397,33843],[-24,16]],[[31373,33859],[-38,31]],[[31335,33890],[-24,28]],[[31311,33918],[-13,24]],[[31298,33942],[-7,15]],[[31291,33957],[-12,34]],[[31279,33991],[-5,43]],[[31274,34034],[-3,45]],[[31271,34079],[2,38]],[[31273,34117],[2,61]],[[31275,34178],[2,26]],[[31277,34204],[8,28]],[[31285,34232],[15,29]],[[31300,34261],[17,41]],[[31317,34302],[6,23]],[[31323,34325],[2,45]],[[31325,34370],[-3,25]],[[31322,34395],[-4,33]],[[31318,34428],[-1,43]],[[31317,34471],[2,17]],[[31319,34488],[7,63]],[[31326,34551],[-1,13]],[[31325,34564],[-61,130]],[[31264,34694],[-2,15]],[[31262,34709],[10,103]],[[31272,34812],[-1,47]],[[31271,34859],[0,18]],[[31271,34877],[9,12]],[[31280,34889],[7,9]],[[31287,34898],[9,11]],[[31296,34909],[12,15]],[[31308,34924],[9,12]],[[31317,34936],[2,11]],[[31319,34947],[9,45]],[[31328,34992],[0,2]],[[31328,34994],[152,202]],[[31480,35196],[9,28],[-15,85],[-33,51],[-60,71],[-57,71],[-20,63],[84,69],[4,123]],[[31392,35757],[17,38]],[[31409,35795],[1,1]],[[31410,35796],[12,8]],[[31422,35804],[17,2]],[[31439,35806],[38,-12]],[[31477,35794],[48,-12]],[[31525,35782],[25,-10]],[[31550,35772],[40,-16]],[[31590,35756],[15,4]],[[31605,35760],[28,24],[17,53],[55,0],[-14,40],[24,1],[0,15],[18,2],[0,99],[-22,69],[50,15],[200,3],[32,-30]],[[30345,32584],[-20,0]],[[30325,32584],[-64,-9]],[[30261,32575],[-28,-5]],[[30233,32570],[-15,-2]],[[30218,32568],[-47,-24]],[[30171,32544],[-1,0]],[[30170,32544],[-2,-1]],[[30168,32543],[-24,-7]],[[30144,32536],[-6,1]],[[30138,32537],[-18,2]],[[30120,32539],[-6,-2]],[[30114,32537],[-6,-3]],[[30108,32534],[-14,-8]],[[30094,32526],[-12,-16]],[[30082,32510],[-16,-12]],[[30066,32498],[-4,-5]],[[30062,32493],[-2,-5]],[[30060,32488],[-15,-27]],[[30045,32461],[-4,-15]],[[30041,32446],[-3,-21]],[[30038,32425],[0,-2]],[[30038,32423],[-12,-28]],[[30026,32395],[-3,-16]],[[30023,32379],[-2,-29]],[[30021,32350],[-1,-11]],[[30020,32339],[-4,-11]],[[30016,32328],[-8,-14]],[[30008,32314],[-3,-6]],[[30005,32308],[-3,-4]],[[30002,32304],[-3,-4]],[[29999,32300],[-4,-4]],[[29995,32296],[-22,-27]],[[29973,32269],[-7,-9]],[[29966,32260],[-5,-6]],[[29961,32254],[-69,0]],[[29892,32254],[-17,-1]],[[29875,32253],[-10,0]],[[29865,32253],[-5,0]],[[29860,32253],[-92,-1]],[[29768,32252],[-34,-8]],[[29734,32244],[-17,-5]],[[29717,32239],[0,-8]],[[29717,32231],[-27,2]],[[29690,32233],[-4,-2]],[[29686,32231],[-16,-6]],[[29670,32225],[-2,-1]],[[29668,32224],[-50,-14]],[[29618,32210],[-12,-5]],[[29606,32205],[-26,-26]],[[29580,32179],[-5,-5]],[[29575,32174],[-1,-1]],[[29574,32173],[-62,-56]],[[29512,32117],[-11,-20]],[[29501,32097],[-10,-21]],[[29491,32076],[-107,0]],[[29380,36054],[21,17]],[[29401,36071],[3,3]],[[29404,36074],[4,4]],[[29408,36078],[2,3]],[[29410,36081],[6,7]],[[29416,36088],[5,5]],[[29421,36093],[3,4]],[[29424,36097],[5,5]],[[29429,36102],[1,3]],[[29430,36105],[17,7],[-7,17]],[[29440,36129],[8,19]],[[29448,36148],[1,5]],[[29449,36153],[5,37]],[[29454,36190],[0,4]],[[29454,36194],[-28,73],[-4,39],[2,19]],[[29424,36325],[0,5]],[[29424,36330],[8,44],[13,21]],[[29445,36395],[3,4]],[[29448,36399],[3,5]],[[29451,36404],[10,15]],[[29461,36419],[1,29]],[[29462,36448],[0,10]],[[29462,36458],[-4,12]],[[29458,36470],[-4,9]],[[29454,36479],[-7,20],[5,24]],[[29452,36523],[10,12]],[[29462,36535],[7,9]],[[29469,36544],[6,7]],[[29475,36551],[7,9]],[[29482,36560],[4,5]],[[29486,36565],[4,6]],[[29490,36571],[5,10]],[[29495,36581],[13,58]],[[29508,36639],[14,31],[-7,16]],[[29515,36686],[1,6]],[[29516,36692],[25,43],[13,15],[-3,9]],[[29551,36759],[1,49]],[[29552,36808],[0,15]],[[29552,36823],[0,2]],[[29552,36825],[-3,16]],[[29549,36841],[0,17]],[[29549,36858],[5,9]],[[29554,36867],[5,9]],[[29559,36876],[1,12]],[[29560,36888],[0,11]],[[29560,36899],[0,2]],[[29560,36901],[1,7]],[[29561,36908],[3,59]],[[29564,36967],[1,20]],[[29565,36987],[-2,12]],[[29563,36999],[-2,10]],[[29561,37009],[-1,6]],[[29560,37015],[-6,8]],[[29554,37023],[-4,10]],[[29550,37033],[7,8],[-12,42]],[[29545,37083],[0,1]],[[29545,37084],[1,13]],[[29546,37097],[1,2]],[[29547,37099],[1,7]],[[29548,37106],[1,5]],[[29549,37111],[3,9]],[[29552,37120],[0,4]],[[29552,37124],[20,43],[-3,25],[24,61]],[[29593,37253],[1,3]],[[29594,37256],[4,8]],[[29598,37264],[16,32]],[[29614,37296],[0,3]],[[29614,37299],[-2,8]],[[29612,37307],[-1,6]],[[29611,37313],[-6,38]],[[29605,37351],[-1,9]],[[29604,37360],[-2,8]],[[29602,37368],[4,25],[-10,5]],[[29596,37398],[0,3]],[[29596,37401],[-4,17]],[[29592,37418],[-3,16]],[[29589,37434],[-1,6]],[[29588,37440],[-14,57]],[[29574,37497],[-1,2]],[[29573,37499],[-10,25]],[[29563,37524],[-1,3]],[[29562,37527],[-2,6]],[[29560,37533],[-8,6]],[[29552,37539],[-16,7]],[[29536,37546],[-19,18],[-18,1]],[[29499,37565],[0,3]],[[29499,37568],[3,21]],[[29502,37589],[1,11]],[[29503,37600],[-2,15]],[[29501,37615],[-5,26]],[[29496,37641],[-1,4]],[[29495,37645],[-2,9]],[[29493,37654],[-2,6]],[[29491,37660],[-23,39]],[[29468,37699],[-6,8]],[[29462,37707],[-8,9]],[[29454,37716],[-10,13]],[[29444,37729],[-6,11]],[[29438,37740],[-2,5]],[[29436,37745],[-2,5]],[[29434,37750],[1,12]],[[29435,37762],[1,11]],[[29436,37773],[1,16],[-16,39],[-6,3]],[[29415,37831],[-7,5]],[[29408,37836],[-1,15],[-19,7]],[[29388,37858],[-4,24]],[[29384,37882],[7,24]],[[29391,37906],[4,13]],[[29395,37919],[0,9]],[[29395,37928],[-9,28]],[[29386,37956],[-2,10]],[[29384,37966],[-1,2]],[[29383,37968],[-5,22]],[[29378,37990],[14,24]],[[29392,38014],[1,1]],[[29393,38015],[6,10]],[[29399,38025],[10,14]],[[29409,38039],[5,7]],[[29414,38046],[0,3]],[[29414,38049],[2,8]],[[29416,38057],[5,22]],[[29421,38079],[4,21]],[[29425,38100],[-5,16]],[[29420,38116],[-4,13]],[[29416,38129],[7,10]],[[29423,38139],[3,4]],[[29426,38143],[11,4],[17,31],[-5,42]],[[29449,38220],[-1,2]],[[29448,38222],[-8,16]],[[29440,38238],[0,1]],[[29440,38239],[4,13]],[[29444,38252],[0,6]],[[29444,38258],[-5,19]],[[29439,38277],[-4,9]],[[29435,38286],[0,1]],[[29435,38287],[-3,5]],[[29432,38292],[-13,5]],[[29419,38297],[-12,19]],[[29407,38316],[8,15]],[[29415,38331],[10,18]],[[29425,38349],[10,21]],[[29435,38370],[0,22]],[[29435,38392],[0,7]],[[29435,38399],[0,6]],[[29435,38405],[-1,17]],[[29434,38422],[5,34],[7,14]],[[29446,38470],[3,6]],[[29449,38476],[21,-17]],[[29470,38459],[5,-7]],[[29475,38452],[7,1]],[[29482,38453],[12,2]],[[29494,38455],[6,1]],[[29500,38456],[7,6]],[[29507,38462],[11,8]],[[29518,38470],[10,3]],[[29528,38473],[16,4]],[[29544,38477],[0,12]],[[29544,38489],[20,22]],[[29564,38511],[6,5]],[[29570,38516],[5,4]],[[29575,38520],[8,7]],[[29583,38527],[-4,12]],[[29579,38539],[-4,12]],[[29575,38551],[-7,19]],[[29568,38570],[-4,12]],[[29564,38582],[-1,3]],[[29563,38585],[-10,3]],[[29553,38588],[-5,15]],[[29548,38603],[-7,13]],[[29541,38616],[-2,3]],[[29539,38619],[-5,8]],[[29534,38627],[-4,7]],[[29530,38634],[-10,17]],[[29520,38651],[-2,16],[9,18],[17,-1]],[[29544,38684],[6,9]],[[29550,38693],[21,4]],[[29571,38697],[6,-5]],[[29577,38692],[12,8]],[[29589,38700],[4,3]],[[29593,38703],[7,6]],[[29600,38709],[7,-2]],[[29607,38707],[11,-2]],[[29618,38705],[11,-7]],[[29629,38698],[6,-4]],[[29635,38694],[12,-8]],[[29647,38686],[5,-3]],[[29652,38683],[11,-7]],[[29663,38676],[20,-21]],[[29683,38655],[1,-2]],[[29684,38653],[19,-18],[27,-12]],[[29730,38623],[30,-10]],[[29760,38613],[21,13]],[[29781,38626],[1,1]],[[29782,38627],[10,21]],[[29792,38648],[4,10]],[[29796,38658],[2,15]],[[29798,38673],[3,17],[17,30],[16,10]],[[29834,38730],[4,2]],[[29838,38732],[6,32]],[[29844,38764],[-1,2]],[[29843,38766],[-10,40]],[[29833,38806],[7,18]],[[29840,38824],[-1,18]],[[29839,38842],[-3,14]],[[29836,38856],[-3,14],[43,28]],[[29876,38898],[2,3]],[[29878,38901],[13,12]],[[29891,38913],[13,12]],[[29904,38925],[11,2]],[[29915,38927],[24,-9]],[[29939,38918],[9,7]],[[29948,38925],[6,4]],[[29954,38929],[11,7]],[[29965,38936],[13,-21]],[[29978,38915],[5,-9]],[[29983,38906],[7,-11]],[[29990,38895],[6,-11]],[[29996,38884],[20,-12]],[[30016,38872],[11,-6]],[[30027,38866],[18,0]],[[30045,38866],[19,0]],[[30064,38866],[13,-2]],[[30077,38864],[14,-2]],[[30091,38862],[20,-5]],[[30111,38857],[16,5]],[[30127,38862],[7,2]],[[30134,38864],[11,3]],[[30145,38867],[2,17]],[[30147,38884],[-11,15]],[[30136,38899],[-5,17],[12,16],[24,6]],[[30167,38938],[29,-25]],[[30196,38913],[20,-16]],[[30216,38897],[-1,-17]],[[30215,38880],[-1,-13]],[[30214,38867],[0,-6]],[[30214,38861],[12,-19]],[[30226,38842],[18,-10]],[[30244,38832],[6,-8]],[[30250,38824],[7,-28]],[[30257,38796],[4,-19]],[[30261,38777],[5,-20]],[[30266,38757],[39,-5]],[[30305,38752],[8,-5]],[[30313,38747],[12,-15]],[[30325,38732],[-1,-6]],[[30324,38726],[12,-12]],[[30336,38714],[21,7]],[[30357,38721],[4,1]],[[30361,38722],[26,-2],[26,5]],[[30413,38725],[19,-12]],[[30432,38713],[23,-13]],[[30455,38700],[23,10]],[[30478,38710],[-1,-25]],[[30477,38685],[-2,-2]],[[30475,38683],[13,-8]],[[30488,38675],[5,1]],[[30493,38676],[52,16],[19,-12]],[[30564,38680],[6,-4]],[[30570,38676],[2,2]],[[30572,38678],[22,17]],[[30594,38695],[37,1]],[[30631,38696],[25,1],[19,-14]],[[30675,38683],[7,-4]],[[30682,38679],[5,-7]],[[30687,38672],[16,-24]],[[30703,38648],[9,5]],[[30712,38653],[1,16],[21,-1]],[[30734,38668],[6,-17],[27,-38]],[[30767,38613],[0,-1]],[[30767,38612],[8,-13]],[[30775,38599],[-4,-20]],[[30771,38579],[-6,-8]],[[30765,38571],[5,-6]],[[30770,38565],[16,-17],[-2,-13]],[[30784,38535],[-2,-9]],[[30782,38526],[7,-7]],[[30789,38519],[53,15]],[[30842,38534],[2,8]],[[30844,38542],[-5,6]],[[30839,38548],[-2,17]],[[30837,38565],[3,15]],[[30840,38580],[8,10]],[[30848,38590],[3,4]],[[30851,38594],[-3,11]],[[30848,38605],[15,10]],[[30863,38615],[33,-7]],[[30896,38608],[8,-9]],[[30904,38599],[9,-20]],[[30913,38579],[15,-11]],[[30928,38568],[15,-8]],[[30943,38560],[15,-5]],[[30958,38555],[31,-5],[18,-8],[-8,-19]],[[30999,38523],[-3,-9]],[[30996,38514],[4,-9]],[[31000,38505],[46,-21]],[[31046,38484],[1,-1]],[[31047,38483],[4,-1]],[[31051,38482],[-3,-21]],[[31048,38461],[0,-9]],[[31048,38452],[12,-9]],[[31060,38443],[7,-5]],[[31067,38438],[25,-11]],[[31092,38427],[22,-10]],[[31114,38417],[1,-1]],[[31115,38416],[2,0]],[[31117,38416],[19,7]],[[31136,38423],[37,13],[14,-6]],[[31187,38430],[21,-9]],[[31208,38421],[25,11]],[[31233,38432],[15,7],[17,-19]],[[31265,38420],[3,-13]],[[31268,38407],[14,-11]],[[31282,38396],[18,0]],[[31300,38396],[26,1],[16,-7]],[[31342,38390],[18,-10],[6,0],[12,8]],[[31378,38388],[0,1]],[[31378,38389],[7,14]],[[31385,38403],[-1,15]],[[31384,38418],[-18,21]],[[31366,38439],[-22,-13]],[[31344,38426],[-14,-10],[-16,5],[-4,18],[24,16],[31,3]],[[31365,38458],[15,1]],[[31380,38459],[15,8]],[[31395,38467],[19,9],[13,-7],[6,-24],[-9,-10]],[[31424,38435],[-11,-13]],[[31413,38422],[4,-15]],[[31417,38407],[1,-2]],[[31418,38405],[10,-3]],[[31428,38402],[32,12],[12,-8],[2,-22]],[[31474,38384],[-12,-40]],[[31462,38344],[5,-20]],[[31467,38324],[22,-14]],[[31489,38310],[37,9]],[[31526,38319],[9,12]],[[31535,38331],[12,15],[16,-1],[6,-16]],[[31569,38329],[5,-11]],[[31574,38318],[12,-5]],[[31586,38313],[8,4]],[[31594,38317],[1,13]],[[31595,38330],[3,29],[21,5],[18,-29],[-3,-21]],[[31634,38314],[-11,-22]],[[31623,38292],[13,-13]],[[31636,38279],[21,1]],[[31657,38280],[21,-14]],[[31678,38266],[13,-26]],[[31691,38240],[16,1]],[[31707,38241],[9,21]],[[31716,38262],[-1,40]],[[31715,38302],[9,17],[18,3],[24,-14],[2,-16]],[[31768,38292],[-6,-33]],[[31762,38259],[17,-5]],[[31779,38254],[24,27]],[[31803,38281],[13,5]],[[31816,38286],[20,-2]],[[31836,38284],[28,-3]],[[31864,38281],[25,-5]],[[31889,38276],[24,-19]],[[31913,38257],[6,-2]],[[31919,38255],[18,-5],[2,-19]],[[31939,38231],[0,-8]],[[31939,38223],[15,-11]],[[31954,38212],[24,13]],[[31978,38225],[0,1]],[[31978,38226],[19,19],[17,8],[21,-18]],[[32035,38235],[19,-33]],[[32054,38202],[17,-9]],[[32071,38193],[17,7]],[[32088,38200],[7,14]],[[32095,38214],[-1,17]],[[32094,38231],[-2,21]],[[32092,38252],[6,33],[11,5],[26,-6]],[[32135,38284],[12,-2]],[[32147,38282],[41,-5],[21,2]],[[32209,38279],[26,3]],[[32235,38282],[1,0]],[[32236,38282],[10,2]],[[32246,38284],[82,17],[12,0],[28,-27]],[[32368,38274],[29,-38]],[[32397,38236],[7,-7]],[[32404,38229],[12,-6]],[[32416,38223],[3,-1]],[[32419,38222],[39,-13]],[[32458,38209],[4,-1]],[[32462,38208],[6,-1]],[[32468,38207],[6,-1]],[[32474,38206],[8,-1]],[[32482,38205],[2,-1]],[[32484,38204],[59,-6],[24,2]],[[32567,38200],[32,-29],[28,-13],[19,-14],[17,-1],[-9,-51],[-1,-53],[-7,-79],[-16,-100],[-26,-144],[-25,-185],[-8,-191],[8,-110],[12,-69],[20,-96],[-10,-45],[-19,-8],[-28,35],[-47,-7]],[[32507,37040],[-2,-53],[64,-90],[60,-72],[88,-15],[13,-12],[4,-90],[22,-171],[1,-37],[-24,-72],[47,-86],[0,-26],[-34,-8],[-6,-7]],[[31834,32854],[12,-27]],[[31846,32827],[-131,-4],[-77,0]],[[31638,32823],[-22,0],[-194,-5]],[[31422,32818],[-25,0]],[[31397,32818],[-34,-1]],[[31363,32817],[-32,-1]],[[31331,32816],[-88,-1]],[[31243,32815],[-188,-5],[-136,-2]],[[30919,32808],[-71,-1]],[[30848,32807],[-14,0]],[[30834,32807],[-74,-1]],[[30760,32806],[-50,-1]],[[30710,32805],[-1,0]],[[30709,32805],[-80,-1]],[[30629,32804],[-14,-15]],[[30615,32789],[-3,-3]],[[30612,32786],[-18,-20]],[[30594,32766],[-12,-21]],[[30582,32745],[-2,-3]],[[30580,32742],[-6,-5]],[[30574,32737],[-16,-2]],[[30558,32735],[-10,-5]],[[30548,32730],[-12,-12]],[[30536,32718],[-3,-3]],[[30533,32715],[-7,-7]],[[30526,32708],[-15,-17]],[[30511,32691],[-11,-12]],[[30500,32679],[-24,-19]],[[30476,32660],[-28,-21]],[[30448,32639],[-1,-2]],[[30447,32637],[-12,-5]],[[30435,32632],[-21,-10]],[[30414,32622],[-10,-10]],[[30404,32612],[-26,-17]],[[30378,32595],[-7,-11]],[[30371,32584],[-2,-4]],[[30369,32580],[-8,1]],[[30361,32581],[-14,2]],[[30347,32583],[-2,1]],[[33524,32704],[9,-87],[12,-72],[23,-109],[71,-231],[60,-153],[12,-22],[2,-25],[70,-225]],[[33783,31780],[7,-22],[253,-691],[209,-500],[45,-112],[21,-57],[49,-124]],[[34367,30274],[130,-328],[161,-408],[194,-452]],[[34852,29086],[75,-177]],[[34927,28909],[-14,-3],[14,-36],[-4,-7],[26,-42],[19,-50],[-12,-24],[27,0],[10,-23],[-41,-18],[61,-113]],[[35013,28593],[-21,-10]],[[34992,28583],[-35,-16]],[[34957,28567],[-1,0]],[[34956,28567],[-4,-1]],[[34952,28566],[-2,-1]],[[34950,28565],[-6,-3]],[[34944,28562],[-1,0]],[[34943,28562],[-6,-3]],[[34937,28559],[0,6]],[[34937,28565],[-6,0]],[[34931,28565],[-4,0]],[[34927,28565],[-1,0]],[[34926,28565],[-2,1]],[[34924,28566],[-1,0]],[[34923,28566],[-39,0]],[[34884,28566],[3,-5]],[[34887,28561],[1,-2]],[[34888,28559],[-8,-4]],[[34880,28555],[-2,-2]],[[34878,28553],[-14,29]],[[34864,28582],[-10,-4]],[[34854,28578],[-1,3]],[[34853,28581],[-1,1]],[[34852,28582],[0,1]],[[34852,28583],[-1,1]],[[34851,28584],[0,1]],[[34851,28585],[-1,1]],[[34850,28586],[-1,2]],[[34849,28588],[-10,-4]],[[34839,28584],[8,-16]],[[34847,28568],[-8,-4]],[[34839,28564],[2,-4]],[[34841,28560],[2,-11]],[[34843,28549],[-10,-5]],[[34833,28544],[-4,10]],[[34829,28554],[-4,-2]],[[34825,28552],[-7,-3]],[[34818,28549],[-1,3]],[[34817,28552],[-8,16]],[[34809,28568],[0,-1]],[[34809,28567],[-12,3]],[[34797,28570],[-7,15]],[[34790,28585],[-1,-1]],[[34789,28584],[-12,-5]],[[34777,28579],[-15,32]],[[34762,28611],[0,-13]],[[34762,28598],[-22,0]],[[34740,28598],[0,-16]],[[34740,28582],[-7,-1]],[[34733,28581],[-7,0]],[[34726,28581],[-12,-1]],[[34714,28580],[-1,3]],[[34713,28583],[-2,3]],[[34711,28586],[-4,7]],[[34707,28593],[-15,0]],[[34692,28593],[-10,0]],[[34682,28593],[-15,0]],[[34667,28593],[0,-43]],[[34667,28550],[0,-1]],[[34667,28549],[0,-5]],[[34667,28544],[0,-4]],[[34667,28540],[0,-29]],[[34667,28511],[-37,1]],[[34630,28512],[-10,-2]],[[34620,28510],[-15,-10]],[[34605,28500],[38,-37]],[[34643,28463],[12,-17]],[[34655,28446],[3,-10]],[[34658,28436],[0,-6]],[[34658,28430],[0,-8]],[[34658,28422],[-1,-8]],[[34657,28414],[-1,-3]],[[34656,28411],[-2,-10]],[[34654,28401],[-2,-8]],[[34652,28393],[-1,-3]],[[34651,28390],[-2,-12]],[[34649,28378],[-23,-17]],[[34626,28361],[-7,8]],[[34619,28369],[-13,14]],[[34606,28383],[-23,-21]],[[34583,28362],[-7,15]],[[34576,28377],[-12,10]],[[34564,28387],[-4,4]],[[34560,28391],[-4,16]],[[34556,28407],[-34,0]],[[34522,28407],[7,-22]],[[34529,28385],[1,-7]],[[34530,28378],[1,-11]],[[34531,28367],[0,-4]],[[34531,28363],[0,-1]],[[34531,28362],[1,-5]],[[34532,28357],[0,-2]],[[34532,28355],[0,-3]],[[34532,28352],[1,-14]],[[34533,28338],[2,-16]],[[34535,28322],[2,-15]],[[34537,28307],[2,-8]],[[34539,28299],[2,-7]],[[34541,28292],[0,-11],[-86,-2],[-12,-9],[12,-130],[7,-270],[-3,-111],[2,-49],[-174,69],[-40,11],[-120,8],[-52,17],[-52,7],[-56,-1],[-50,-18],[-40,-9],[-48,-26],[-32,-10],[-98,-13],[-14,0],[-35,-45],[-17,-31],[-11,-37],[-28,0],[1,-68],[-21,0],[2,-22],[20,-9],[-40,-147],[-9,-25],[-117,84]],[[33430,27445],[-1,-27],[-10,0],[-1,31],[-49,0],[0,20]],[[33369,27469],[-37,6]],[[33332,27475],[-1,0]],[[33331,27475],[-2,30]],[[33329,27505],[-2,20]],[[33327,27525],[-5,0]],[[33322,27525],[0,5]],[[33322,27530],[-9,0]],[[33313,27530],[0,9]],[[33313,27539],[-12,0]],[[33301,27539],[-6,0]],[[33295,27539],[-3,0]],[[33292,27539],[-3,0]],[[33289,27539],[-36,-1]],[[33253,27538],[1,-34],[-11,-23],[-33,-1],[1,-14],[-28,-2],[0,16],[-27,0],[-1,-210],[-3,-39],[0,-92],[-61,-1],[-1,23],[-42,0]],[[33048,27161],[1,-5]],[[33049,27156],[3,-11]],[[33052,27145],[-4,1]],[[33048,27146],[-8,1]],[[33040,27147],[-2,-4]],[[33038,27143],[-5,-6]],[[33033,27137],[-11,-15]],[[33022,27122],[-5,-9]],[[33017,27113],[-5,-9]],[[33012,27104],[0,-3]],[[33012,27101],[0,-2]],[[33012,27099],[13,-10]],[[33025,27089],[2,-6]],[[33027,27083],[-12,-12]],[[33015,27071],[-6,-12]],[[33009,27059],[9,-13]],[[33018,27046],[5,-5]],[[33023,27041],[-2,-21]],[[33021,27020],[7,-9]],[[33028,27011],[7,-2]],[[33035,27009],[6,-1]],[[33041,27008],[6,-11]],[[33047,26997],[-5,0]],[[33042,26997],[-10,0]],[[33032,26997],[2,-4]],[[33034,26993],[3,-6]],[[33037,26987],[0,-15]],[[33037,26972],[-1,-2]],[[33036,26970],[-4,-13]],[[33032,26957],[-8,-19]],[[33024,26938],[-9,1]],[[33015,26939],[-15,16]],[[33000,26955],[-14,3]],[[32986,26958],[-9,-16]],[[32977,26942],[1,-18]],[[32978,26924],[3,-12]],[[32981,26912],[9,-13]],[[32990,26899],[3,-7]],[[32993,26892],[-5,-3]],[[32988,26889],[-12,5]],[[32976,26894],[-3,-5]],[[32973,26889],[2,-19]],[[32975,26870],[1,-15]],[[32976,26855],[-12,-5]],[[32964,26850],[-5,-14]],[[32959,26836],[-3,-2]],[[32956,26834],[-9,-7]],[[32947,26827],[-3,-1]],[[32944,26826],[-2,1]],[[32942,26827],[-7,4]],[[32935,26831],[-3,-7]],[[32932,26824],[-2,-7]],[[32930,26817],[-3,-6]],[[32927,26811],[-2,-4]],[[32925,26807],[6,-22]],[[32931,26785],[-2,-2]],[[32929,26783],[-8,-5]],[[32921,26778],[-7,-8]],[[32914,26770],[-3,-3]],[[32911,26767],[-4,-5]],[[32907,26762],[-2,-3]],[[32905,26759],[-1,-10]],[[32904,26749],[-2,-4]],[[32902,26745],[-8,-12]],[[32894,26733],[-5,-12]],[[32889,26721],[-18,-13]],[[32871,26708],[-5,0]],[[32866,26708],[-4,0]],[[32862,26708],[-11,-5]],[[32851,26703],[-1,-1]],[[32850,26702],[-3,-7]],[[32847,26695],[-5,-8]],[[32842,26687],[-2,-4]],[[32840,26683],[-6,-11]],[[32834,26672],[-7,-12]],[[32827,26660],[-6,0]],[[32821,26660],[-4,-1]],[[32817,26659],[-6,0]],[[32811,26659],[-3,0]],[[32808,26659],[0,-8]],[[32808,26651],[-1,-1]],[[32807,26650],[-1,-1]],[[32806,26649],[-10,-10]],[[32796,26639],[-13,-9]],[[32783,26630],[-4,-15]],[[32779,26615],[-2,0]],[[32777,26615],[-9,0]],[[32768,26615],[-5,0]],[[32763,26615],[-2,0]],[[32761,26615],[-8,-8]],[[32753,26607],[-2,-1]],[[32751,26606],[0,-1]],[[32751,26605],[0,-2]],[[32751,26603],[0,-2]],[[32751,26601],[-13,-10]],[[32738,26591],[-2,-2]],[[32736,26589],[-13,-19]],[[32723,26570],[-7,-7]],[[32716,26563],[-6,-11]],[[32710,26552],[-12,-39]],[[32698,26513],[-2,-19]],[[32696,26494],[-62,2],[-17,-3],[-46,-23],[-13,-2],[-89,0],[-13,5],[-51,39],[-9,3],[-68,0],[-10,-3],[-62,-32],[-93,-2],[-30,-3],[-37,-25],[-139,-2],[-64,-20],[-21,-2],[1,-32],[-44,-1],[-23,-8],[-21,0]],[[31785,26385],[0,-14]],[[31785,26371],[0,-14]],[[31785,26357],[0,-41]],[[31785,26316],[-1,-3]],[[31784,26313],[-155,0]],[[31629,26313],[-12,0]],[[31617,26313],[-58,0]],[[31559,26313],[-4,0]],[[31555,26313],[-53,0]],[[31502,26313],[-24,44],[-43,6],[-27,-5],[-73,-31],[-48,-2],[1,129],[9,15],[0,24],[-14,5],[1,29],[-16,-8],[-28,6],[-6,9],[-52,3],[73,87],[-11,11],[-45,-25],[-15,13],[-16,-3],[-209,-2],[-8,20],[3,22],[-17,14],[-7,30],[-13,20],[-66,29],[12,27],[-23,31],[-20,0],[-55,35],[-32,25],[-8,14],[-24,16],[-21,-3],[-25,5],[-31,16],[-37,25],[-7,-2],[-91,43],[0,-10],[-30,-17],[-28,-54],[-44,25],[-30,9],[-220,0],[-2,8],[-28,1],[-3,-9],[-216,-1]],[[29888,26937],[0,1]],[[29888,26938],[-1,1]],[[29887,26939],[0,24]],[[29887,26963],[0,5]],[[29887,26968],[0,22]],[[29887,26990],[0,22]],[[29887,27012],[0,26]],[[29887,27038],[0,6]],[[29887,27044],[0,9]],[[29887,27053],[0,6]],[[29887,27059],[0,13]],[[29887,27072],[0,9]],[[29887,27081],[0,3]],[[29887,27084],[-1,18]],[[29886,27102],[0,8]],[[29886,27110],[0,7]],[[29886,27117],[-1,22]],[[29885,27139],[0,5]],[[29885,27144],[0,28]],[[29885,27172],[0,5]],[[29885,27177],[0,3]],[[29885,27180],[0,17]],[[29885,27197],[-1,36]],[[29884,27233],[0,2]],[[29884,27235],[0,87]],[[29884,27322],[0,55]],[[29884,27377],[0,7]],[[29884,27384],[0,5]],[[29884,27389],[-58,0]],[[29826,27389],[-1,0]],[[29825,27389],[-123,-1]],[[29702,27388],[-36,0]],[[29666,27388],[-35,0]],[[29631,27388],[-1,0]],[[29630,27388],[-73,1]],[[29557,27389],[-6,0]],[[29551,27389],[-33,0]],[[29518,27389],[-87,0]],[[29431,27389],[-2,0]],[[29429,27389],[-200,1]],[[29229,27390],[-5,0]],[[29224,27390],[-5,0]],[[29219,27390],[-6,0]],[[29213,27390],[-6,0]],[[29207,27390],[-8,0]],[[29199,27390],[-14,0]],[[29185,27390],[-113,-1]],[[29072,27389],[-46,0]],[[29026,27389],[-14,0]],[[29012,27389],[-20,1]],[[613,35547],[0,22]],[[613,35569],[28,8]],[[641,35577],[10,3]],[[651,35580],[30,9]],[[681,35589],[28,5],[251,76]],[[960,35670],[6,36]],[[966,35706],[6,31]],[[972,35737],[-6,-1]],[[966,35736],[-20,-4]],[[946,35732],[-3,-1]],[[943,35731],[-5,-3]],[[938,35728],[-14,-7]],[[924,35721],[-2,-1]],[[922,35720],[-18,-4]],[[904,35716],[-6,0]],[[898,35716],[-9,-1]],[[889,35715],[-5,1]],[[884,35716],[-7,2]],[[877,35718],[-3,1]],[[874,35719],[-3,0]],[[871,35719],[-22,-1]],[[849,35718],[-13,-1]],[[836,35717],[-18,-7]],[[818,35710],[-13,-5]],[[805,35705],[-10,-7]],[[795,35698],[-22,0]],[[773,35698],[-7,1]],[[766,35699],[-27,0]],[[739,35699],[-3,0]],[[736,35699],[-21,8]],[[715,35707],[-9,2]],[[706,35709],[-3,1]],[[703,35710],[-18,13],[-6,36]],[[679,35759],[-1,29]],[[678,35788],[7,29],[11,21],[13,9]],[[709,35847],[6,2]],[[715,35849],[30,8]],[[745,35857],[1,1]],[[746,35858],[27,2]],[[773,35860],[4,0]],[[777,35860],[9,0]],[[786,35860],[47,2]],[[833,35862],[5,0]],[[838,35862],[52,11]],[[890,35873],[9,3]],[[899,35876],[2,1]],[[901,35877],[3,1]],[[904,35878],[14,13]],[[918,35891],[2,2]],[[920,35893],[4,4]],[[924,35897],[36,44]],[[960,35941],[7,13]],[[967,35954],[-4,63]],[[963,36017],[-1,41]],[[962,36058],[0,12]],[[962,36070],[2,10]],[[964,36080],[1,4]],[[965,36084],[7,10]],[[972,36094],[5,9]],[[977,36103],[3,3]],[[980,36106],[1,1]],[[981,36107],[24,23]],[[1005,36130],[3,3]],[[1008,36133],[7,7]],[[1015,36140],[12,20]],[[1027,36160],[2,3]],[[1029,36163],[3,5]],[[1032,36168],[0,8]],[[1032,36176],[-13,36]],[[1019,36212],[0,4]],[[1019,36216],[0,3]],[[1019,36219],[2,15],[18,27],[11,7]],[[1050,36268],[5,3]],[[1055,36271],[7,18]],[[1062,36289],[4,11]],[[1066,36300],[2,4]],[[1068,36304],[12,22],[18,17],[18,6]],[[1116,36349],[3,0]],[[1119,36349],[34,-4]],[[1153,36345],[4,-1]],[[1157,36344],[4,-1]],[[1161,36343],[5,-1]],[[1166,36342],[23,-1]],[[1189,36341],[28,8]],[[1217,36349],[9,8]],[[1226,36357],[6,8]],[[1232,36365],[26,30],[49,18]],[[1307,36413],[13,8]],[[1320,36421],[0,1]],[[1320,36422],[10,6]],[[1330,36428],[11,9]],[[1341,36437],[10,8]],[[1351,36445],[36,30]],[[1387,36475],[16,18]],[[1403,36493],[8,20]],[[1411,36513],[-2,23]],[[1409,36536],[-20,40]],[[1389,36576],[-55,20]],[[1334,36596],[-56,9]],[[1278,36605],[-26,-6]],[[1252,36599],[-15,2]],[[1237,36601],[-1,0]],[[1236,36601],[-8,4]],[[1228,36605],[-18,10]],[[1210,36615],[-16,20]],[[1194,36635],[-20,3]],[[1174,36638],[-14,2]],[[1160,36640],[-2,0]],[[1158,36640],[-16,24],[-21,11]],[[1121,36675],[-39,44]],[[1082,36719],[-2,3]],[[1080,36722],[-3,23]],[[1077,36745],[-2,14]],[[1075,36759],[-3,4]],[[1072,36763],[-3,3]],[[1069,36766],[-6,4]],[[1063,36770],[-10,22]],[[1053,36792],[9,19]],[[1062,36811],[7,20]],[[1069,36831],[6,18]],[[1075,36849],[-4,29]],[[1071,36878],[1,16],[-16,9]],[[1056,36903],[-3,3]],[[1053,36906],[-5,9]],[[1048,36915],[-10,16]],[[1038,36931],[-4,6]],[[1034,36937],[-4,4]],[[1030,36941],[-3,4]],[[1027,36945],[-13,1]],[[1014,36946],[-6,0]],[[1008,36946],[-8,4]],[[1000,36950],[-13,15]],[[987,36965],[5,23]],[[992,36988],[6,12]],[[998,37000],[-2,10]],[[996,37010],[-5,20]],[[991,37030],[0,16]],[[991,37046],[-1,21]],[[990,37067],[1,5]],[[991,37072],[13,27],[20,-1],[-7,35]],[[1017,37133],[1,3]],[[1018,37136],[4,9]],[[1022,37145],[2,4]],[[1024,37149],[15,15],[12,28],[1,18],[16,2],[22,24],[11,20],[-5,11]],[[1096,37267],[18,17]],[[1114,37284],[1,-1]],[[1115,37283],[1,0]],[[1116,37283],[3,-5]],[[1119,37278],[2,0]],[[1121,37278],[3,1]],[[1124,37279],[13,7]],[[1137,37286],[0,1]],[[1137,37287],[3,5]],[[1140,37292],[4,12]],[[1144,37304],[2,6]],[[1146,37310],[0,14]],[[1146,37324],[-3,3]],[[1143,37327],[-4,9]],[[1139,37336],[1,2]],[[1140,37338],[21,20]],[[1161,37358],[2,-1]],[[1163,37357],[5,0]],[[1168,37357],[1,0]],[[1169,37357],[4,14]],[[1173,37371],[5,16]],[[1178,37387],[4,10]],[[1182,37397],[4,13]],[[1186,37410],[1,4]],[[1187,37414],[2,5]],[[1189,37419],[1,9]],[[1190,37428],[2,13]],[[1192,37441],[1,10]],[[1193,37451],[0,2]],[[1193,37453],[1,10]],[[1194,37463],[1,7]],[[1195,37470],[3,23]],[[1198,37493],[0,6]],[[1198,37499],[3,23]],[[1201,37522],[9,19]],[[1210,37541],[8,4]],[[1218,37545],[21,12]],[[1239,37557],[14,20],[10,39],[-4,6]],[[1259,37622],[-5,7]],[[1254,37629],[5,39]],[[1259,37668],[2,4]],[[1261,37672],[8,30]],[[1269,37702],[0,2]],[[1269,37704],[-1,14]],[[1268,37718],[-5,32]],[[1263,37750],[4,31],[-15,37],[5,14],[-5,29],[-12,8]],[[1240,37869],[-4,5]],[[1236,37874],[-2,1]],[[1234,37875],[-11,19]],[[1223,37894],[-2,29],[-16,9],[-7,32]],[[1198,37964],[3,15]],[[1201,37979],[-5,9]],[[1196,37988],[-8,5]],[[1188,37993],[-15,9]],[[1173,38002],[-25,9]],[[1148,38011],[-2,1]],[[1146,38012],[-14,4]],[[1132,38016],[-7,6]],[[1125,38022],[-6,4]],[[1119,38026],[-14,11]],[[1105,38037],[-29,33],[-37,3]],[[1039,38073],[-8,5]],[[1031,38078],[-25,29],[-41,32],[-29,-14],[-19,7]],[[917,38132],[-27,12]],[[890,38144],[-13,10]],[[877,38154],[-1,1]],[[876,38155],[-6,10]],[[870,38165],[-4,7]],[[866,38172],[-23,9]],[[843,38181],[-13,20]],[[830,38201],[-12,17]],[[818,38218],[-2,13]],[[816,38231],[-4,6]],[[812,38237],[-1,0]],[[811,38237],[-3,5]],[[808,38242],[-7,3]],[[801,38245],[-48,15]],[[753,38260],[-13,3]],[[740,38263],[-21,2]],[[719,38265],[-14,5]],[[705,38270],[-12,11]],[[693,38281],[-4,9]],[[689,38290],[-7,12]],[[682,38302],[-23,30]],[[659,38332],[0,1]],[[659,38333],[-5,6]],[[654,38339],[-4,5]],[[650,38344],[-3,3]],[[647,38347],[-2,1]],[[645,38348],[-39,19]],[[606,38367],[-12,5]],[[594,38372],[-9,5]],[[585,38377],[-5,3]],[[580,38380],[-5,3]],[[575,38383],[-10,7]],[[565,38390],[-13,9]],[[552,38399],[-11,7]],[[541,38406],[-3,2]],[[538,38408],[5,14],[-18,23],[-1,53],[-8,23]],[[516,38521],[-1,2]],[[515,38523],[-6,9]],[[509,38532],[-12,14]],[[497,38546],[-30,42]],[[467,38588],[1,1]],[[468,38589],[2,8]],[[470,38597],[1,2]],[[471,38599],[1,15]],[[472,38614],[0,5]],[[472,38619],[-4,13]],[[468,38632],[-29,36]],[[439,38668],[-3,4]],[[436,38672],[-5,5]],[[431,38677],[-4,1]],[[427,38678],[-4,0]],[[423,38678],[-29,31]],[[394,38709],[-6,7]],[[388,38716],[-3,3]],[[385,38719],[-1,2]],[[384,38721],[-1,1]],[[383,38722],[-3,3]],[[380,38725],[-10,11]],[[370,38736],[-18,15]],[[352,38751],[-17,8]],[[335,38759],[-4,2]],[[331,38761],[-3,5]],[[328,38766],[-1,1]],[[327,38767],[-4,9]],[[323,38776],[-6,11]],[[317,38787],[-6,10]],[[311,38797],[-4,8]],[[307,38805],[-6,7]],[[301,38812],[-6,6]],[[295,38818],[-6,6]],[[289,38824],[-2,2]],[[287,38826],[-1,1]],[[286,38827],[-3,3]],[[283,38830],[-3,3]],[[280,38833],[-1,1]],[[279,38834],[-4,2]],[[275,38836],[-5,3]],[[270,38839],[-3,1]],[[267,38840],[-17,9]],[[250,38849],[-2,1]],[[248,38850],[-12,4]],[[236,38854],[-2,1]],[[234,38855],[-2,1]],[[232,38856],[-2,1]],[[230,38857],[-13,4]],[[217,38861],[-3,1]],[[214,38862],[-1,1]],[[213,38863],[-6,4]],[[207,38867],[-1,1]],[[206,38868],[-3,2]],[[203,38870],[-10,7]],[[193,38877],[-13,10]],[[180,38887],[-3,17]],[[177,38904],[-3,11]],[[174,38915],[-1,3]],[[173,38918],[-2,2]],[[171,38920],[-2,6]],[[169,38926],[-15,23]],[[154,38949],[-9,5]],[[145,38954],[-40,15]],[[105,38969],[-3,2]],[[102,38971],[0,16]],[[102,38987],[0,1]],[[102,38988],[-2,4]],[[100,38992],[-2,4]],[[98,38996],[-3,5]],[[95,39001],[-2,4]],[[93,39005],[-1,3]],[[92,39008],[-8,7]],[[84,39015],[-2,1]],[[82,39016],[-21,20]],[[61,39036],[-5,4]],[[56,39040],[-1,1]],[[55,39041],[-3,1]],[[52,39042],[-3,2]],[[49,39044],[-4,2]],[[45,39046],[-4,15]],[[41,39061],[0,3]],[[41,39064],[8,33]],[[49,39097],[-1,4]],[[48,39101],[-5,13]],[[43,39114],[-1,2]],[[42,39116],[-7,13]],[[35,39129],[-11,11]],[[24,39140],[-2,3]],[[22,39143],[-4,3]],[[18,39146],[-1,1]],[[17,39147],[-2,2]],[[15,39149],[-8,8]],[[7,39157],[-1,1]],[[6,39158],[-3,4]],[[3,39162],[-2,2]],[[1,39164],[-1,2]],[[0,39166],[4,10]],[[4,39176],[6,19]],[[10,39195],[1,3]],[[11,39198],[14,31],[5,26],[17,17]],[[47,39272],[3,4]],[[50,39276],[16,6],[11,16],[-1,16],[-7,15],[-1,28],[24,19],[7,8],[3,5],[1,7]],[[103,39396],[1,3]],[[104,39399],[1,7]],[[105,39406],[1,6]],[[106,39412],[12,29],[1,15],[12,22],[12,32],[1,13],[30,72]],[[174,39595],[1,2]],[[175,39597],[9,12]],[[184,39609],[1,1]],[[185,39610],[9,3],[16,43]],[[210,39656],[14,36]],[[224,39692],[2,8]],[[226,39700],[3,15]],[[229,39715],[3,17]],[[232,39732],[9,23],[1,27],[-13,26]],[[229,39808],[-3,7]],[[226,39815],[-8,40],[4,17]],[[222,39872],[-2,6]],[[220,39878],[-7,18]],[[213,39896],[-3,6]],[[210,39902],[-6,10]],[[204,39912],[-2,3]],[[202,39915],[-13,63],[70,1],[181,0],[17,2]],[[457,39981],[147,-2]],[[604,39979],[5,0]],[[609,39979],[108,2]],[[717,39981],[11,0]],[[728,39981],[72,1],[29,-2],[172,1],[100,-1],[55,2],[211,-1],[19,2]],[[1386,39983],[7,0]],[[1393,39983],[76,-3],[38,3]],[[1507,39983],[53,0]],[[1560,39983],[22,-3],[113,0],[4,4]],[[1699,39984],[12,-1]],[[1711,39983],[2,0]],[[1713,39983],[27,-1]],[[1740,39982],[23,2]],[[1763,39984],[20,0]],[[1783,39984],[26,-1]],[[1809,39983],[15,0]],[[1824,39983],[57,0]],[[1881,39983],[57,-3],[82,0]],[[2020,39980],[13,-1]],[[2033,39979],[56,-8]],[[2089,39971],[71,5]],[[2160,39976],[319,12]],[[2479,39988],[120,3]],[[2599,39991],[83,-5]],[[2682,39986],[32,4]],[[2714,39990],[99,-1]],[[2813,39989],[36,0]],[[2849,39989],[26,0]],[[2875,39989],[23,0]],[[2898,39989],[81,-1]],[[2979,39988],[1,0]],[[2980,39988],[23,1]],[[3003,39989],[55,-1]],[[3058,39988],[12,1]],[[3070,39989],[134,0]],[[3204,39989],[113,0],[31,-4],[74,-1]],[[3422,39984],[24,0]],[[3446,39984],[74,-1]],[[3520,39983],[131,-3]],[[3651,39980],[29,0]],[[3680,39980],[39,-1]],[[3719,39979],[37,0]],[[3756,39979],[44,0]],[[3800,39979],[57,0]],[[3857,39979],[117,0]],[[3974,39979],[66,0]],[[4040,39979],[184,-2]],[[4224,39977],[7,0]],[[4231,39977],[225,-2]],[[4456,39975],[11,0]],[[4467,39975],[213,-4],[48,1]],[[4728,39972],[79,-1]],[[4807,39971],[8,-1]],[[4815,39970],[19,-2]],[[4834,39968],[24,-4]],[[4858,39964],[2,0]],[[4860,39964],[25,-3]],[[4885,39961],[115,-1]],[[5000,39960],[104,0],[355,2]],[[5459,39962],[120,0],[57,2]],[[5636,39964],[74,-4]],[[5710,39960],[36,-2]],[[5746,39958],[116,-6]],[[5862,39952],[40,3],[68,-3]],[[5970,39952],[1,0]],[[5971,39952],[112,2]],[[6083,39954],[42,1]],[[6125,39955],[64,1]],[[6189,39956],[5,0]],[[6194,39956],[14,-1],[348,3]],[[6556,39958],[75,1]],[[6631,39959],[50,0]],[[6681,39959],[5,0]],[[6686,39959],[249,-2]],[[6935,39957],[139,-2],[167,1]],[[7241,39956],[105,3]],[[7346,39959],[59,-2],[244,0],[41,-2]],[[7690,39955],[14,0]],[[7704,39955],[33,0]],[[7737,39955],[6,0]],[[7743,39955],[58,-2]],[[7801,39953],[101,-2]],[[7655,35862],[-48,18],[-89,26],[-199,69],[-105,34],[-87,23],[-179,47],[-149,30],[-115,20],[-174,25]],[[6510,36154],[-78,11],[-167,17],[-142,5],[-98,-3],[-87,-7],[-42,17],[-32,10],[-110,14],[-97,8],[-111,17],[-33,-2],[-111,16],[-90,8],[-98,3],[-70,-1],[-295,-13],[-134,-9],[-86,-9],[-234,-29]],[[4395,36207],[-194,-24],[-74,-11],[-135,-24],[-226,-41]],[[3766,36107],[-179,-35],[-503,-106],[-236,-54],[-326,-72],[-266,-39],[-107,-13],[-124,-12],[-110,-4],[-89,27],[-66,43],[-5,13],[-59,-27],[-10,-27],[-83,-24],[-280,-69],[-163,-46],[-69,-16],[-137,-21],[-60,-15],[-88,-18],[-55,-15],[-138,-30]],[[39976,13876],[-9,-42],[9,-105],[5,-79],[-1,-53],[3,-42],[7,-39],[0,-87],[-4,-68],[-10,-85],[-6,-185],[0,-72],[5,-131],[-1,-66],[-14,-205],[-15,-92],[-2,-56]],[[39943,12469],[-15,-46],[-29,-176],[-28,-208]],[[26261,17686],[-96,141],[-74,73],[-78,62],[-10,17],[5,44],[-89,268],[-35,79],[-53,81],[-97,108],[-14,48],[17,3],[40,-27],[73,-42],[68,-31],[-8,-60],[-11,-28],[5,-44],[20,-21],[87,-12],[22,11],[-4,61],[17,31],[48,40],[66,20],[34,-9],[37,6],[38,20],[-28,39],[3,11],[59,35],[15,78],[28,43],[77,76],[-5,72],[2,5]],[[26420,18884],[5,10],[52,29],[28,25],[46,1],[16,12],[17,1],[21,20],[-6,16],[4,20],[28,11],[36,53],[6,38],[-8,17],[12,42],[4,41],[23,4],[22,40]],[[26726,19264],[0,1]],[[25237,20447],[15,2],[10,-15],[33,-6],[32,-17],[12,-13],[35,16],[-1,76]],[[25373,20490],[5,0]],[[25378,20490],[3,0]],[[25381,20490],[23,0]],[[25404,20490],[1,0]],[[25405,20490],[7,0]],[[25412,20490],[3,0]],[[25415,20490],[1,0]],[[25416,20490],[21,-1]],[[25437,20489],[5,0]],[[25442,20489],[4,-1]],[[25446,20488],[3,-1]],[[25449,20487],[3,-2]],[[25452,20485],[7,-6]],[[25459,20479],[17,-13]],[[25476,20466],[26,0]],[[25502,20466],[21,-1]],[[25523,20465],[9,-1]],[[25532,20464],[60,0]],[[25592,20464],[12,0]],[[25604,20464],[13,0]],[[25617,20464],[8,0]],[[25625,20464],[8,0]],[[25633,20464],[21,0]],[[25654,20464],[1,0]],[[25655,20464],[10,-1]],[[25665,20463],[5,0]],[[25670,20463],[7,0]],[[25677,20463],[10,0]],[[25687,20463],[-4,-14],[51,-35],[1,-19],[32,0],[0,-45],[43,0],[0,-90],[40,0],[3,12],[64,0],[0,33],[65,1],[27,13],[17,2]],[[26026,20321],[12,-12]],[[26038,20309],[1,-3]],[[26039,20306],[8,-7]],[[26047,20299],[21,-22]],[[26068,20277],[0,-4]],[[26068,20273],[62,-57],[15,0],[-2,-22],[9,-23]],[[26152,20171],[6,0]],[[26158,20171],[11,0]],[[26169,20171],[28,1]],[[26197,20172],[44,0]],[[26241,20172],[20,0]],[[26261,20172],[1,0]],[[26262,20172],[22,0]],[[26284,20172],[36,1]],[[26320,20173],[1,0]],[[26321,20173],[13,0]],[[26334,20173],[9,-1]],[[26343,20172],[2,0]],[[26345,20172],[3,1]],[[26348,20173],[19,-17]],[[26367,20156],[2,-2]],[[26369,20154],[-18,-51],[22,-43],[-10,-31],[-3,-53],[-21,-12],[-7,-15]],[[26332,19949],[-6,-13],[6,-28],[25,-6],[7,-23],[-21,-22],[12,-52],[-4,-35],[-41,-101],[-33,-42],[-67,-22],[-55,12],[-45,23],[-30,1],[0,-36]],[[26080,19605],[0,-33],[-14,-1],[-1,35]],[[26065,19606],[-1,33],[-24,-13],[-22,-26],[-25,4],[-20,11],[-5,38],[-68,-17],[-10,-10],[-1,-31],[-28,-41],[13,-21],[-14,-16],[-3,-74],[-25,-5],[1,-28],[16,-21],[-13,-19],[29,-28],[9,-39],[20,-30],[-11,-23],[19,-7],[16,-72],[19,2],[22,47],[11,-1],[-23,-62],[-13,-15],[-135,-68],[-21,-16],[-12,5],[6,76],[-8,16],[-1,33],[-13,27],[-22,69],[-6,33],[12,104],[6,31],[18,50],[2,143],[-12,71],[-33,74],[-37,37],[-38,55],[-50,131],[-51,52],[-17,32],[-5,20],[-33,49],[-157,140],[-43,52],[-47,89]],[[25237,20447],[-24,46],[-24,63],[-13,55],[-8,53]],[[25168,20664],[-8,88],[23,150],[26,146],[6,16]],[[25215,21064],[35,83],[12,50],[6,40],[-2,36],[11,76],[4,136],[5,89]],[[25286,21574],[0,7],[51,177],[10,-19],[15,-89],[-11,-65],[-2,-54],[37,-34],[-36,-38]],[[25350,21459],[-9,-23],[24,-69],[12,-18],[5,-35],[-5,-45],[32,-22],[11,53],[15,48],[2,35],[10,10],[24,104],[-5,39]],[[25466,21536],[11,40],[5,91],[13,15],[-2,31],[15,40],[-18,4],[-51,-1],[-34,22],[-50,18],[-38,-5],[-62,60],[-24,97],[13,76],[48,-54],[9,-27],[4,-38],[-5,-54],[23,-22],[18,13],[28,-4],[63,-56],[53,3],[36,-3],[0,49],[-16,29],[39,46],[1,23],[-25,21],[0,14],[18,92],[-17,52],[8,15],[-8,14],[12,15],[-1,31],[13,4],[3,21],[-29,16],[13,21],[-13,61],[-18,11],[11,20],[-15,46],[-20,35],[-11,33],[-24,10],[22,19],[-18,42],[26,2]],[[25472,22524],[0,2]],[[25472,22526],[20,20],[-44,33],[-9,23],[7,15],[55,32],[25,90],[24,9],[20,-12],[22,4],[38,69]],[[26231,21569],[-35,-9],[-12,-19],[1,-21],[13,-5],[-16,-57],[-37,7],[6,26],[-2,23],[-19,44],[10,17],[3,55],[-23,15],[-39,15],[-51,-17],[-17,-17],[26,-42],[11,-40],[33,-30],[6,-24],[-64,-98],[-26,-35],[-6,-31]],[[25993,21326],[1,-17],[21,-8],[5,-11],[-16,-12],[-23,-48],[-17,-15]],[[25964,21215],[-4,-4],[-34,2],[-5,-6]],[[25921,21207],[-14,-13]],[[25907,21194],[-34,6],[-27,-24],[-11,-20],[-6,-34],[18,-1],[8,-29],[-25,-16],[-5,-11]],[[25825,21065],[27,-3],[93,-75],[23,-5]],[[25968,20982],[28,-3],[9,16],[14,-5],[3,-33],[21,-20],[40,-13],[52,-8],[29,-16],[51,-21],[21,-4],[17,26],[31,-34],[7,-1],[30,24],[9,-8],[-23,-22],[-21,-33],[-1,-32],[32,-11],[83,-64],[69,-96],[36,-7],[-1,-32],[-9,-8],[19,-88],[29,-47],[3,-33],[-15,-23],[-15,-9],[6,-23],[29,-16],[-4,-22],[-17,-14],[-29,3],[-27,-47],[-18,-18],[-9,-26],[10,-15],[-8,-22],[-24,-16],[-39,-8],[-17,1]],[[25208,22518],[14,-30],[-12,-19],[-21,9],[-8,40]],[[25181,22518],[-9,50],[-14,187],[16,20],[47,-8],[-12,-32],[-17,8],[-13,-23],[19,-33],[-5,-26],[15,-27],[-6,-16],[-15,-4],[0,-34],[21,-62]],[[33692,24247],[-7,49],[-30,65],[-12,47],[-18,85],[-7,64],[-27,70],[-7,28],[1,44]],[[33585,24699],[55,0],[0,44],[-26,20],[-2,26]],[[33612,24789],[7,0]],[[33619,24789],[8,1]],[[33627,24790],[65,0]],[[33692,24790],[7,2]],[[33699,24792],[7,4]],[[33706,24796],[4,3]],[[33710,24799],[8,7]],[[33718,24806],[16,14]],[[33734,24820],[-3,10]],[[33731,24830],[-3,7]],[[33728,24837],[0,1]],[[33728,24838],[62,7]],[[33790,24845],[1,-10],[40,0],[0,18],[-17,41],[-3,66]],[[33811,24960],[-14,27],[14,25],[0,48],[-48,0],[-5,22],[-35,34],[-1,34],[3,87]],[[33725,25237],[32,0]],[[33757,25237],[54,0]],[[33811,25237],[1,0]],[[33812,25237],[71,2]],[[33883,25239],[10,0]],[[33893,25239],[14,-1]],[[33907,25238],[11,0]],[[33918,25238],[2,0]],[[33920,25238],[65,0]],[[33985,25238],[71,1]],[[34056,25239],[17,1]],[[34073,25240],[88,1]],[[34161,25241],[64,0]],[[34225,25241],[17,0]],[[34242,25241],[28,1]],[[34270,25242],[75,0]],[[34345,25242],[43,1]],[[34388,25243],[159,-1]],[[34547,25242],[178,2]],[[34725,25244],[153,0],[50,1]],[[34928,25245],[16,-1]],[[34944,25244],[26,0]],[[34970,25244],[69,-2],[51,2],[-2,87],[-2,278],[-3,148],[-3,190],[-1,70],[-7,322],[458,6],[158,0],[226,1],[59,-1],[335,1]],[[36308,26346],[122,-214],[329,-487],[20,-26],[84,-144]],[[36863,25475],[27,-47]],[[36890,25428],[29,-50],[113,-155],[60,-73],[51,-76],[21,-73],[15,-70],[17,-119],[17,-76],[36,-104],[44,-93],[51,-125],[58,-118],[-1,-28],[-20,-33],[-36,-16],[-18,-1],[-96,-48],[-33,-20],[-75,-79],[-25,-39],[-10,-31],[-23,-24],[-27,-78],[-17,-60],[-24,-108],[-12,-82],[-10,-98],[-3,-73],[0,-190],[18,-250],[0,-21],[27,-189],[21,-161],[22,-110],[29,-127]],[[37089,22430],[66,-284],[26,-94],[36,-113]],[[37217,21939],[12,-38],[54,-143],[88,-217],[105,-239]],[[37476,21302],[11,-28],[84,-185],[136,-272],[49,-102],[57,-111],[-1,-8]],[[32073,24865],[-17,0]],[[32056,24865],[-4,0]],[[32052,24865],[0,-35],[23,-14],[44,-57]],[[32119,24759],[34,-22]],[[32153,24737],[30,-19]],[[32183,24718],[49,-43]],[[32232,24675],[9,-8]],[[32241,24667],[13,-15]],[[32254,24652],[13,-15]],[[32267,24637],[18,-14]],[[32285,24623],[22,-15]],[[32307,24608],[8,-6]],[[32315,24602],[26,-23]],[[32341,24579],[17,-15]],[[32358,24564],[1,-6]],[[32359,24558],[1,-51]],[[32360,24507],[43,0],[1,-33],[-9,-23],[10,-38],[0,-121],[-14,-24],[-1,-31]],[[32390,24237],[4,0]],[[32394,24237],[5,0]],[[32399,24237],[10,1]],[[32409,24238],[28,-1],[63,8]],[[32500,24245],[27,-5]],[[32527,24240],[7,-1]],[[32534,24239],[4,-1]],[[32538,24238],[18,0]],[[32556,24238],[23,0]],[[32579,24238],[3,0]],[[32582,24238],[24,2]],[[32606,24240],[9,0]],[[32615,24240],[14,0]],[[32629,24240],[13,0]],[[32642,24240],[47,0]],[[32689,24240],[46,1]],[[32735,24241],[35,-1]],[[32770,24240],[17,0]],[[32787,24240],[3,0]],[[32790,24240],[4,-1]],[[32794,24239],[4,12]],[[32798,24251],[16,69]],[[32814,24320],[0,3]],[[32814,24323],[1,9]],[[32815,24332],[1,0]],[[32816,24332],[12,0]],[[32828,24332],[7,0]],[[32835,24332],[15,0]],[[32850,24332],[2,0]],[[32852,24332],[1,0]],[[32853,24332],[3,0]],[[32856,24332],[11,0]],[[32867,24332],[15,0]],[[32882,24332],[85,1]],[[32967,24333],[3,0]],[[32696,26494],[4,-29]],[[32700,26465],[4,-15]],[[32704,26450],[-1,-10]],[[32703,26440],[13,-24]],[[32716,26416],[4,-34]],[[32720,26382],[2,-8]],[[32722,26374],[5,-20]],[[32727,26354],[-2,-17]],[[32725,26337],[-8,-24]],[[32717,26313],[5,-2]],[[32722,26311],[-2,-7]],[[32720,26304],[-1,-3]],[[32719,26301],[-2,-8]],[[32717,26293],[3,-15]],[[32720,26278],[-1,-6]],[[32719,26272],[-1,-4]],[[32718,26268],[1,-1]],[[32719,26267],[3,-9]],[[32722,26258],[0,-2]],[[32722,26256],[-1,-11]],[[32721,26245],[0,-2]],[[32721,26243],[-4,-5]],[[32717,26238],[-1,-5]],[[32716,26233],[0,-8]],[[32716,26225],[0,-1]],[[32716,26224],[0,-3]],[[32716,26221],[-3,-9]],[[32713,26212],[0,-2]],[[32713,26210],[1,-2]],[[32714,26208],[3,-15]],[[32717,26193],[-1,-10]],[[32716,26183],[0,-3]],[[32716,26180],[3,-5]],[[32719,26175],[0,-1]],[[32719,26174],[-1,-13]],[[32718,26161],[-1,-2]],[[32717,26159],[0,-8]],[[32717,26151],[-1,-1]],[[32716,26150],[0,-1]],[[32716,26149],[-3,-6]],[[32713,26143],[0,-5]],[[32713,26138],[0,-12]],[[32713,26126],[-11,-6]],[[32702,26120],[-16,-63]],[[32686,26057],[-2,-29]],[[32684,26028],[-1,-5]],[[32683,26023],[-3,-11]],[[32680,26012],[-1,-2]],[[32679,26010],[-5,-10]],[[32674,26000],[-7,0]],[[32667,26000],[-9,-9]],[[32658,25991],[-10,-14]],[[32648,25977],[-6,-8]],[[32642,25969],[-3,-5]],[[32639,25964],[-6,-8]],[[32633,25956],[0,-7]],[[32633,25949],[-24,-32]],[[32609,25917],[-5,-3]],[[32604,25914],[-6,-5]],[[32598,25909],[-6,-9]],[[32592,25900],[-9,-20]],[[32583,25880],[-2,-5]],[[32581,25875],[-4,-2]],[[32577,25873],[-11,-5]],[[32566,25868],[-11,-1]],[[32555,25867],[-1,2]],[[32554,25869],[-5,7]],[[32549,25876],[-6,1]],[[32543,25877],[-3,-2]],[[32540,25875],[-7,-4]],[[32533,25871],[-8,0]],[[32525,25871],[-6,0]],[[32519,25871],[-5,0]],[[32514,25871],[-8,0]],[[32506,25871],[-12,-1]],[[32494,25870],[-8,-6]],[[32486,25864],[0,-12]],[[32486,25852],[0,-12]],[[32486,25840],[0,-96]],[[32486,25744],[0,-33]],[[32486,25711],[-1,-29]],[[32485,25682],[0,-22]],[[32485,25660],[0,-30]],[[32485,25630],[0,-5]],[[32485,25625],[0,-7]],[[32485,25618],[0,-2]],[[32485,25616],[0,-1]],[[32485,25615],[0,-1]],[[32485,25614],[-131,2],[-1,23],[-21,0],[1,21],[-48,0],[-12,-9],[-11,-24],[-50,11],[-32,0],[-32,27],[-18,10],[-4,-15],[10,-52],[-7,-67],[-25,-13],[-20,19],[-78,0],[0,-33],[9,-25],[0,-25],[-21,-8],[-6,-13],[7,-27],[15,-21],[-1,-22],[15,-19],[27,0],[-12,-56],[-21,0],[-19,-27],[-34,-14],[-8,-28],[-16,-24],[11,-16],[41,-20]],[[31993,25169],[-1,-7]],[[31992,25162],[0,-2]],[[31992,25160],[0,-7]],[[31992,25153],[0,-2]],[[31992,25151],[1,-1]],[[31993,25150],[0,-1]],[[31993,25149],[1,-15]],[[31994,25134],[55,0],[1,-112],[55,24],[32,1],[0,-46],[-22,0],[1,-25],[11,-7],[2,-80],[-21,-10],[-3,-13],[-32,-1]],[[32485,25614],[0,-51]],[[32485,25563],[0,-12]],[[32485,25551],[0,-6]],[[32485,25545],[0,-107]],[[32485,25438],[0,-26]],[[32485,25412],[17,0]],[[32502,25412],[68,0]],[[32570,25412],[42,0]],[[32612,25412],[43,0]],[[32655,25412],[64,0]],[[32719,25412],[98,0]],[[32817,25412],[26,1]],[[32843,25413],[6,0]],[[32849,25413],[11,0]],[[32860,25413],[2,0]],[[32862,25413],[1,0]],[[32863,25413],[2,0]],[[32865,25413],[8,0]],[[32873,25413],[42,0]],[[32915,25413],[10,0]],[[32925,25413],[1,0]],[[32926,25413],[13,0]],[[32939,25413],[10,1]],[[32949,25414],[12,0]],[[32961,25414],[2,0]],[[32963,25414],[13,0]],[[32976,25414],[3,0]],[[32979,25414],[2,0]],[[32981,25414],[1,0]],[[32982,25414],[1,0]],[[32983,25414],[18,0]],[[33001,25414],[0,-7]],[[33001,25407],[23,0]],[[33024,25407],[1,0]],[[33025,25407],[2,0]],[[33027,25407],[59,1]],[[33086,25408],[36,0]],[[33122,25408],[16,0]],[[33138,25408],[24,1]],[[33162,25409],[1,0]],[[33163,25409],[12,0]],[[33175,25409],[0,-7]],[[33175,25402],[1,-36]],[[33176,25366],[0,-2]],[[33176,25364],[0,-8]],[[33176,25356],[2,-62]],[[33178,25294],[0,-21]],[[33178,25273],[0,-36]],[[33178,25237],[0,-3]],[[33178,25234],[0,-5]],[[33178,25229],[12,0]],[[33190,25229],[14,0]],[[33204,25229],[1,0]],[[33205,25229],[15,1]],[[33220,25230],[29,0]],[[33249,25230],[2,0]],[[33251,25230],[15,0]],[[33266,25230],[2,0]],[[33268,25230],[10,0]],[[33278,25230],[1,0]],[[33279,25230],[19,1]],[[33298,25231],[8,0]],[[33306,25231],[6,0]],[[33312,25231],[19,0]],[[33331,25231],[5,0]],[[33336,25231],[16,1]],[[33352,25232],[1,0]],[[33353,25232],[45,0]],[[33398,25232],[3,1]],[[33401,25233],[6,0]],[[33407,25233],[11,0]],[[33418,25233],[3,0]],[[33421,25233],[4,0]],[[33425,25233],[1,0]],[[33426,25233],[2,0]],[[33428,25233],[2,0]],[[33430,25233],[8,0]],[[33438,25233],[4,0]],[[33442,25233],[81,2]],[[33523,25235],[12,0]],[[33535,25235],[75,1]],[[33610,25236],[6,-1]],[[33616,25235],[61,1]],[[33677,25236],[36,1]],[[33713,25237],[5,0]],[[33718,25237],[7,0]],[[34927,28909],[154,-359],[34,-67]],[[35115,28483],[81,-162],[76,-119],[63,-82],[30,-27],[14,-19],[12,-41],[75,-169],[79,-157],[389,-684],[90,-158],[248,-455],[36,-64]],[[30892,11055],[43,1]],[[30935,11056],[43,1]],[[30978,11057],[293,3]],[[31938,12271],[257,2],[170,-1],[85,2],[79,10],[413,4],[532,6],[0,-202],[-1,-166],[-1,-226],[4,-158],[3,-279],[4,-97],[7,-323],[2,-180],[83,2],[254,7],[86,-1],[86,3],[84,0],[87,2],[85,3],[261,5],[151,1],[357,3],[254,6],[256,7]],[[35536,10701],[3,-536]],[[30454,11140],[9,0]],[[30463,11140],[15,0]],[[30478,11140],[1,0]],[[30479,11140],[3,0]],[[30482,11140],[9,0]],[[30491,11140],[22,0]],[[30513,11140],[15,0]],[[30528,11140],[38,0]],[[30566,11140],[3,0]],[[30569,11140],[15,1]],[[30584,11141],[10,0]],[[30594,11141],[0,-8]],[[30594,11133],[0,-23]],[[30594,11110],[0,-12]],[[30594,11098],[0,-1]],[[30594,11097],[1,-12]],[[30595,11085],[0,-2]],[[30595,11083],[0,-15]],[[30595,11068],[0,-15]],[[30595,11053],[73,0]],[[30668,11053],[1,0]],[[30669,11053],[11,0]],[[30680,11053],[72,0]],[[30752,11053],[5,1]],[[30757,11054],[10,0]],[[30767,11054],[125,1]],[[36588,18729],[-252,-1],[-121,3]],[[36215,18731],[-139,-1]],[[36076,18730],[-2,381],[-3,141]],[[36071,19252],[-328,-3],[-69,-2]],[[35674,19247],[-27,0]],[[35647,19247],[-27,-1]],[[35620,19246],[-17,1]],[[35603,19247],[-32,-1]],[[35571,19246],[0,22]],[[35571,19268],[-1,17]],[[35570,19285],[0,100]],[[35570,19385],[0,1]],[[35570,19386],[0,1]],[[35570,19387],[0,3]],[[35570,19390],[-1,89]],[[35569,19479],[0,20]],[[35569,19499],[0,2]],[[35569,19501],[0,29]],[[35569,19530],[-1,71]],[[35568,19601],[-1,211]],[[35567,19812],[-33,-1]],[[35534,19811],[-2,156]],[[35532,19967],[-1,106]],[[35531,20073],[-2,164],[-3,123]],[[35526,20360],[36,0]],[[35562,20360],[31,0]],[[32503,22341],[0,-10]],[[32503,22331],[1,-43]],[[32504,22288],[0,-59]],[[32504,22229],[0,-39]],[[32504,22190],[1,-42]],[[32505,22148],[0,-30]],[[32505,22118],[0,-5]],[[32505,22113],[1,-52]],[[32506,22061],[0,-33]],[[32506,22028],[0,-17]],[[32506,22011],[0,-30]],[[32506,21981],[57,2]],[[32563,21983],[48,0]],[[32611,21983],[58,0]],[[32669,21983],[178,0]],[[32847,21983],[81,0]],[[32982,21688],[-4,-2]],[[32978,21686],[-7,-5]],[[32971,21681],[-1,-11]],[[32970,21670],[-2,0]],[[32968,21670],[-4,-1]],[[32964,21669],[-9,-7]],[[32955,21662],[-4,-3]],[[32951,21659],[-2,-1]],[[32949,21658],[-5,-4]],[[32944,21654],[-16,-14]],[[32928,21640],[-2,-7]],[[32926,21633],[4,-10]],[[32930,21623],[-2,-6]],[[32928,21617],[-2,-3]],[[32926,21614],[-1,-5]],[[32925,21609],[-13,-13]],[[32912,21596],[-2,-3]],[[32910,21593],[-2,-6]],[[32908,21587],[3,-8]],[[32911,21579],[3,-9]],[[32914,21570],[2,-6]],[[32916,21564],[7,-9]],[[32923,21555],[-6,-15]],[[32917,21540],[-5,-1]],[[32912,21539],[0,-1]],[[32912,21538],[-1,-9]],[[32911,21529],[-15,8]],[[32896,21537],[-1,-1]],[[32895,21536],[-4,-3]],[[32891,21533],[-7,13]],[[32884,21546],[0,1]],[[32884,21547],[-1,0]],[[32883,21547],[-1,2]],[[32882,21549],[-2,4]],[[32880,21553],[-6,10]],[[32874,21563],[-8,2]],[[32866,21565],[-1,1]],[[32865,21566],[-7,5]],[[32858,21571],[-8,5]],[[32850,21576],[-3,2]],[[32847,21578],[-6,0]],[[32841,21578],[-2,9]],[[32839,21587],[-1,1]],[[32838,21588],[0,5]],[[32838,21593],[-1,14]],[[32837,21607],[-1,1]],[[32836,21608],[-3,2]],[[32833,21610],[-1,11]],[[32832,21621],[0,3]],[[32832,21624],[-1,6]],[[32831,21630],[-17,8]],[[32814,21638],[-12,-2]],[[32802,21636],[-2,-1]],[[32800,21635],[-15,3]],[[32785,21638],[-3,-1]],[[32782,21637],[-14,-1]],[[32768,21636],[-9,4]],[[32759,21640],[-2,2]],[[32757,21642],[-9,11]],[[32748,21653],[-2,1]],[[32746,21654],[-1,3]],[[32745,21657],[0,1]],[[32745,21658],[-3,6]],[[32742,21664],[-20,19]],[[32722,21683],[-9,4]],[[32713,21687],[-2,1]],[[32711,21688],[-6,4]],[[32705,21692],[-15,2]],[[32690,21694],[-13,1]],[[32677,21695],[0,2]],[[32677,21697],[-4,10]],[[32673,21707],[-7,-6]],[[32666,21701],[-2,-1]],[[32664,21700],[-10,0]],[[32654,21700],[-2,0]],[[32652,21700],[-1,5]],[[32651,21705],[-1,3]],[[32650,21708],[2,2]],[[32652,21710],[2,2]],[[32654,21712],[-1,1]],[[32653,21713],[-2,1]],[[32651,21714],[-4,3]],[[32647,21717],[-1,0]],[[32646,21717],[-3,3]],[[32643,21720],[-2,-1]],[[32641,21719],[-5,-3]],[[32636,21716],[-5,5]],[[32631,21721],[-3,3]],[[32628,21724],[-5,10]],[[32623,21734],[-3,7]],[[32620,21741],[-3,25]],[[32617,21766],[-4,18]],[[32613,21784],[-16,25]],[[32597,21809],[-1,1]],[[32596,21810],[-11,9]],[[32585,21819],[-9,2]],[[32576,21821],[-5,1]],[[32571,21822],[-2,0]],[[32569,21822],[-7,-3]],[[32562,21819],[-6,-3]],[[32556,21816],[-6,-2]],[[32550,21814],[-2,-1]],[[32548,21813],[-15,-6]],[[32533,21807],[-17,5]],[[32516,21812],[-10,-5]],[[32506,21807],[-1,-2]],[[32505,21805],[-8,-8]],[[32497,21797],[-1,-2]],[[32496,21795],[-1,-3]],[[32495,21792],[-2,-5]],[[32493,21787],[-1,-3]],[[32492,21784],[-1,-3]],[[32491,21781],[2,-5]],[[32493,21776],[-5,2]],[[32488,21778],[-3,-2]],[[32485,21776],[1,0]],[[32486,21776],[5,-2]],[[32491,21774],[-1,-3]],[[32490,21771],[-6,-23]],[[32484,21748],[0,-13]],[[32484,21735],[3,-9]],[[32487,21726],[2,-5]],[[32489,21721],[2,-6]],[[32491,21715],[0,-1]],[[32491,21714],[0,-4]],[[32491,21710],[-1,-6]],[[32490,21704],[15,-7]],[[32505,21697],[2,-2]],[[32507,21695],[15,-18]],[[32522,21677],[3,-4]],[[32525,21673],[6,-7]],[[32531,21666],[2,-1]],[[32533,21665],[3,-3]],[[32536,21662],[4,-2]],[[32540,21660],[1,-1]],[[32541,21659],[4,-3]],[[32545,21656],[5,2]],[[32550,21658],[5,2]],[[32555,21660],[7,2]],[[32562,21662],[3,0]],[[32565,21662],[10,0]],[[32575,21662],[1,0]],[[32576,21662],[11,4]],[[32587,21666],[4,-5]],[[32591,21661],[13,-15]],[[32604,21646],[3,-10]],[[32607,21636],[4,-12]],[[32611,21624],[1,-1]],[[32612,21623],[0,-1]],[[32612,21622],[10,-16]],[[32622,21606],[5,-9]],[[32627,21597],[1,-2]],[[32628,21595],[10,-5]],[[32638,21590],[6,-3]],[[32644,21587],[1,-1]],[[32645,21586],[4,-13]],[[32649,21573],[2,13]],[[32651,21586],[0,4]],[[32651,21590],[4,-17]],[[32655,21573],[1,-2]],[[32656,21571],[2,-9]],[[32658,21562],[1,-1]],[[32659,21561],[9,-19]],[[32668,21542],[2,-8]],[[32670,21534],[2,-11]],[[32672,21523],[1,-2]],[[32673,21521],[2,-4]],[[32675,21517],[0,-1]],[[32675,21516],[7,-14]],[[32682,21502],[3,-16]],[[32685,21486],[9,-18]],[[32694,21468],[1,-1]],[[32695,21467],[22,-22]],[[32717,21445],[9,9]],[[32726,21454],[-4,5]],[[32722,21459],[6,3]],[[32728,21462],[3,0]],[[32731,21462],[1,0]],[[32732,21462],[20,1]],[[32752,21463],[20,8]],[[32772,21471],[8,3]],[[32780,21474],[7,-2]],[[32787,21472],[14,2]],[[32801,21474],[3,1]],[[32804,21475],[5,0]],[[32809,21475],[15,5]],[[32824,21480],[14,5]],[[32838,21485],[1,0]],[[32839,21485],[29,-6]],[[32868,21479],[0,-2]],[[32868,21477],[4,-10]],[[32872,21467],[2,-14]],[[32874,21453],[5,1]],[[32879,21454],[1,-1]],[[32880,21453],[0,-1]],[[32880,21452],[6,-13]],[[32886,21439],[1,1]],[[32887,21440],[1,1]],[[32888,21441],[1,1]],[[32889,21442],[1,1]],[[32890,21443],[3,-7]],[[32893,21436],[10,-26]],[[32903,21410],[9,-24]],[[32912,21386],[-2,0]],[[32910,21386],[-2,-1]],[[32908,21385],[-2,0]],[[32906,21385],[-5,0]],[[32901,21385],[-6,-15]],[[32895,21370],[4,-16]],[[32899,21354],[9,-3]],[[32908,21351],[2,1]],[[32910,21352],[10,5]],[[32920,21357],[1,-5]],[[33107,21040],[3,1]],[[33110,21041],[0,-1]],[[33110,21040],[12,-8]],[[33122,21032],[1,6]],[[33123,21038],[1,7]],[[33124,21045],[3,-2]],[[33127,21043],[18,-13]],[[33145,21030],[2,-1]],[[33147,21029],[0,-1]],[[33147,21028],[3,-1]],[[33150,21027],[10,-4]],[[33160,21023],[10,-3]],[[33170,21020],[7,-3]],[[33177,21017],[1,0]],[[33178,21017],[24,-11]],[[33202,21006],[23,-10]],[[33225,20996],[6,-7]],[[33231,20989],[4,2]],[[33235,20991],[0,2]],[[33235,20993],[-2,9]],[[33233,21002],[-1,2]],[[33232,21004],[-1,2]],[[33231,21006],[-5,7]],[[33226,21013],[14,2]],[[33240,21015],[4,-7]],[[33244,21008],[3,-5]],[[33247,21003],[1,-2]],[[33248,21001],[2,-3]],[[33250,20998],[9,-2]],[[33259,20996],[1,-1]],[[33260,20995],[20,-23]],[[33280,20972],[-1,-26]],[[33279,20946],[-2,-13]],[[33277,20933],[-7,-12]],[[33270,20921],[-10,-21]],[[33260,20900],[-1,-6]],[[33259,20894],[0,-5]],[[33259,20889],[-7,-21]],[[33252,20868],[-5,-5]],[[33247,20863],[0,-16]],[[33247,20847],[2,-9]],[[33249,20838],[0,-4]],[[33249,20834],[2,-7]],[[33251,20827],[11,-23]],[[33262,20804],[4,-6]],[[33266,20798],[1,-1]],[[33267,20797],[1,-2]],[[33268,20795],[5,-6]],[[33273,20789],[5,-7]],[[33278,20782],[5,-7]],[[33283,20775],[10,-22]],[[33293,20753],[6,-24]],[[33299,20729],[1,-1]],[[33300,20728],[1,-5]],[[33301,20723],[0,-9]],[[33301,20714],[-1,-2]],[[33300,20712],[-3,-7]],[[33297,20705],[-3,-5]],[[33294,20700],[2,-16]],[[33296,20684],[11,-28]],[[33307,20656],[19,-27]],[[33326,20629],[1,-2]],[[33327,20627],[1,-1]],[[33328,20626],[9,-13]],[[33337,20613],[2,-7]],[[33339,20606],[-1,0]],[[33338,20606],[-3,0]],[[33335,20606],[-4,1]],[[33331,20607],[-9,14]],[[33322,20621],[-1,1]],[[33321,20622],[-8,-6]],[[33313,20616],[4,-12]],[[33317,20604],[2,1]],[[33319,20605],[1,0]],[[33320,20605],[2,-1]],[[33322,20604],[5,-2]],[[33327,20602],[9,-5]],[[33336,20597],[4,-8]],[[33340,20589],[27,-12]],[[33367,20577],[8,-1]],[[33375,20576],[5,-1]],[[33380,20575],[4,0]],[[33384,20575],[1,0]],[[33385,20575],[33,1]],[[33418,20576],[5,0]],[[33423,20576],[0,-1]],[[33423,20575],[-1,-9]],[[33422,20566],[4,-5]],[[33426,20561],[0,-1]],[[33426,20560],[3,-4]],[[33429,20556],[6,-14]],[[33435,20542],[16,-9]],[[33451,20533],[17,-2]],[[33468,20531],[8,-2]],[[33476,20529],[1,-1]],[[33477,20528],[12,-4]],[[33489,20524],[12,-4]],[[33501,20520],[7,-5]],[[33508,20515],[23,-4]],[[33531,20511],[3,2]],[[33534,20513],[10,6]],[[33544,20519],[-2,-9]],[[33542,20510],[-2,-5]],[[33540,20505],[3,2]],[[33543,20507],[11,5]],[[33554,20512],[4,2]],[[33558,20514],[8,9]],[[33566,20523],[6,0]],[[33572,20523],[14,0]],[[33586,20523],[-4,-12]],[[33582,20511],[-1,-7]],[[33581,20504],[0,-8]],[[33581,20496],[4,-5]],[[33585,20491],[9,8]],[[33594,20499],[2,5]],[[33596,20504],[4,13]],[[33600,20517],[5,4]],[[33605,20521],[2,1]],[[33607,20522],[7,-5]],[[33614,20517],[1,-1]],[[33615,20516],[9,-7]],[[33624,20509],[4,-3]],[[33628,20506],[4,-3]],[[33632,20503],[1,6]],[[33633,20509],[1,3]],[[33634,20512],[7,-3]],[[33641,20509],[3,-2]],[[33644,20507],[2,-1]],[[33646,20506],[5,-2]],[[33651,20504],[13,-10]],[[33664,20494],[2,-1]],[[33666,20493],[2,-2]],[[33668,20491],[8,0]],[[33676,20491],[3,-2]],[[33679,20489],[17,-10]],[[33696,20479],[15,-16]],[[33711,20463],[9,-10]],[[33720,20453],[7,-8]],[[33727,20445],[15,-8]],[[33742,20437],[13,-14]],[[33755,20423],[7,-9]],[[33762,20414],[9,-9]],[[33771,20405],[4,-8]],[[33775,20397],[-3,-5]],[[33772,20392],[-3,-5]],[[33769,20387],[13,-22]],[[33782,20365],[27,-14]],[[33809,20351],[-11,-11]],[[33798,20340],[1,-2]],[[33799,20338],[1,-1]],[[33800,20337],[2,-5]],[[33802,20332],[1,-2]],[[33803,20330],[-4,-3]],[[33799,20327],[7,-12]],[[33806,20315],[10,-18]],[[33816,20297],[2,-3]],[[33818,20294],[6,-9]],[[33824,20285],[1,-1]],[[33825,20284],[2,1]],[[33827,20285],[3,1]],[[33830,20286],[1,-7]],[[33831,20279],[0,-2]],[[33831,20277],[0,-1]],[[33831,20276],[9,-21]],[[33840,20255],[2,-3]],[[33842,20252],[6,-8]],[[33848,20244],[0,-10]],[[33848,20234],[1,-14]],[[33849,20220],[2,-18]],[[33851,20202],[6,3]],[[33857,20205],[4,-7]],[[33861,20198],[2,-4]],[[33863,20194],[1,-4]],[[33864,20190],[2,-16]],[[33866,20174],[5,-10]],[[33871,20164],[10,-6]],[[33881,20158],[12,-18]],[[33893,20140],[13,-10]],[[33906,20130],[1,-19]],[[33907,20111],[3,-3]],[[33910,20108],[15,-17]],[[33925,20091],[1,-5]],[[33926,20086],[-10,-17]],[[33916,20069],[7,-10]],[[33923,20059],[9,-5]],[[33932,20054],[9,8]],[[33941,20062],[2,1]],[[33943,20063],[9,-4]],[[33952,20059],[0,-8]],[[33952,20051],[0,-16]],[[33952,20035],[5,1]],[[33957,20036],[9,3]],[[33966,20039],[-3,-17]],[[33963,20022],[-2,-12]],[[33961,20010],[1,-1]],[[33962,20009],[21,-8]],[[33983,20001],[3,-10]],[[33986,19991],[1,-4]],[[33987,19987],[1,-2]],[[33988,19985],[6,-8]],[[33994,19977],[-5,-12]],[[33989,19965],[-1,3]],[[33988,19968],[-2,2]],[[33986,19970],[-7,-1]],[[33979,19969],[-8,-1]],[[33971,19968],[-4,-1]],[[33967,19967],[-5,-18]],[[33962,19949],[0,-1]],[[33962,19948],[1,-8]],[[33963,19940],[0,-7]],[[33963,19933],[1,-9]],[[33964,19924],[1,0]],[[33965,19924],[6,-3]],[[33971,19921],[6,-8]],[[33977,19913],[4,-6]],[[33981,19907],[-1,-1]],[[33980,19906],[-2,-3]],[[33978,19903],[7,-18]],[[33985,19885],[6,8]],[[33991,19893],[3,3]],[[33994,19896],[12,-12]],[[34006,19884],[0,-6]],[[34006,19878],[0,-4]],[[34006,19874],[-3,-2]],[[34003,19872],[-3,-2]],[[34000,19870],[9,-3]],[[34009,19867],[7,-2]],[[34016,19865],[4,-1]],[[34020,19864],[8,5]],[[34028,19869],[7,-5]],[[34035,19864],[0,-4]],[[34035,19860],[1,-18]],[[34036,19842],[1,-6]],[[34037,19836],[1,-10]],[[34038,19826],[-3,-10]],[[34035,19816],[-1,0]],[[34034,19816],[-7,2]],[[34027,19818],[-1,-9]],[[34026,19809],[-4,-3]],[[34022,19806],[-6,-4]],[[34016,19802],[2,-16]],[[34018,19786],[2,-1]],[[34020,19785],[5,-3]],[[34025,19782],[-6,-4]],[[34019,19778],[-1,-5]],[[34018,19773],[-1,-3]],[[34017,19770],[-1,-6]],[[34016,19764],[1,-2]],[[34017,19762],[8,-8]],[[34025,19754],[0,-1]],[[34025,19753],[0,-7]],[[34025,19746],[3,3]],[[34028,19749],[5,4]],[[34033,19753],[2,0]],[[34035,19753],[10,0]],[[34045,19753],[4,0]],[[34049,19753],[1,0]],[[34050,19753],[3,-1]],[[34053,19752],[5,-2]],[[34058,19750],[4,-28]],[[34062,19722],[5,-5]],[[34067,19717],[8,2]],[[34075,19719],[2,0]],[[34077,19719],[2,0]],[[34079,19719],[8,-1]],[[34087,19718],[14,-2]],[[34101,19716],[1,-8]],[[34102,19708],[1,-4]],[[34103,19704],[4,3]],[[34107,19707],[5,3]],[[34112,19710],[-1,-8]],[[34111,19702],[0,-2]],[[34111,19700],[5,-9]],[[34116,19691],[3,-6]],[[34119,19685],[1,-3]],[[34120,19682],[17,-16]],[[34137,19666],[-3,-3]],[[34134,19663],[-3,-4]],[[34131,19659],[1,-3]],[[34132,19656],[4,-12]],[[34136,19644],[0,-1]],[[34136,19643],[-6,-4]],[[34130,19639],[-3,-2]],[[34127,19637],[0,-1]],[[34127,19636],[0,-8]],[[34127,19628],[-1,0]],[[34126,19628],[-4,-3]],[[34122,19625],[-4,-3]],[[34118,19622],[2,-6]],[[34120,19616],[1,-3]],[[34121,19613],[2,-6]],[[34123,19607],[2,-9]],[[34125,19598],[-4,1]],[[34121,19599],[-8,3]],[[34113,19602],[7,-8]],[[34120,19594],[2,-2]],[[34122,19592],[6,-15]],[[34128,19577],[0,-1]],[[34128,19576],[-8,-22]],[[34120,19554],[5,-2]],[[34125,19552],[2,-1]],[[34127,19551],[2,0]],[[34129,19551],[3,-7]],[[34132,19544],[-5,-9]],[[34127,19535],[5,-12]],[[34132,19523],[2,-3]],[[34134,19520],[7,-27]],[[34141,19493],[-1,0]],[[34140,19493],[-8,-3]],[[34132,19490],[10,-14]],[[34142,19476],[-4,-12]],[[34138,19464],[6,-6]],[[34144,19458],[-4,-11]],[[34140,19447],[5,-34]],[[34145,19413],[4,6]],[[34149,19419],[2,5]],[[34151,19424],[6,-5]],[[34157,19419],[0,-1]],[[34157,19418],[0,-6]],[[34157,19412],[0,-2]],[[34157,19410],[8,-7]],[[34165,19403],[6,-8]],[[34171,19395],[8,-13]],[[34179,19382],[13,-6]],[[34192,19376],[18,-11]],[[34210,19365],[3,-11]],[[34213,19354],[1,-2]],[[34214,19352],[-2,-11]],[[34212,19341],[-3,-24]],[[34209,19317],[1,-3]],[[34210,19314],[0,-1]],[[34210,19313],[3,-10]],[[34213,19303],[-1,-13]],[[34212,19290],[-3,-6]],[[34209,19284],[-2,-4]],[[34207,19280],[-1,-2]],[[34206,19278],[-3,5]],[[34203,19283],[-4,6]],[[34199,19289],[-4,-10]],[[34195,19279],[5,-2]],[[34200,19277],[-4,-5]],[[34196,19272],[-7,-8]],[[34189,19264],[-5,-5]],[[34184,19259],[-8,0]],[[34176,19259],[5,6]],[[34181,19265],[0,11]],[[34181,19276],[-3,-1]],[[34178,19275],[-7,-1]],[[34171,19274],[-2,0]],[[34169,19274],[-2,0]],[[34167,19274],[-3,-6]],[[34164,19268],[-2,-2]],[[34162,19266],[-2,-5]],[[34160,19261],[-3,-6]],[[34157,19255],[-2,-3]],[[34155,19252],[-54,0],[-201,5]],[[33900,19257],[-20,0]],[[33880,19257],[-4,0]],[[33876,19257],[-148,5],[-139,5],[-450,5],[-138,0]],[[33001,19272],[-41,1]],[[32960,19273],[-179,0]],[[32781,19273],[-389,0]],[[32392,19273],[-31,0]],[[32361,19273],[-6,0]],[[32355,19273],[-12,0]],[[32343,19273],[-146,-1],[-42,0]],[[32155,19272],[-4,0]],[[32151,19272],[-35,0]],[[31939,19273],[-190,-1],[-328,0]],[[31421,19272],[-2,0]],[[31419,19272],[-99,0]],[[31320,19272],[-316,-1]],[[31004,19271],[-184,-1],[-219,1]],[[30601,19271],[-8,0]],[[30593,19271],[-2,0]],[[30591,19271],[-8,0]],[[30583,19271],[-7,0]],[[30576,19271],[-15,0]],[[30561,19271],[-30,0]],[[30531,19271],[-1,0]],[[30530,19271],[-1,0]],[[30529,19271],[-12,0]],[[30517,19271],[-2,0]],[[30515,19271],[-3,0]],[[30512,19271],[-55,0]],[[30457,19271],[-37,0]],[[30420,19271],[-50,0]],[[30370,19271],[-87,0]],[[30283,19271],[-4,0]],[[30279,19271],[-1,0]],[[30278,19271],[-65,0]],[[30213,19271],[-19,-1]],[[30194,19270],[-67,2]],[[30127,19272],[-7,0]],[[30120,19272],[-79,0]],[[30041,19272],[-2,0]],[[30039,19272],[-1,0]],[[30038,19272],[-2,0]],[[30036,19272],[-8,0]],[[30028,19272],[-117,-1]],[[29911,19271],[-2,0]],[[29909,19271],[-7,0]],[[29902,19271],[-195,2],[-126,-1]],[[29581,19272],[-131,0]],[[29450,19272],[-83,0]],[[29367,19272],[-10,0]],[[31446,23601],[1,-121]],[[31447,23480],[-1,-39]],[[31446,23441],[0,-112]],[[31446,23329],[0,-17]],[[31446,23312],[1,-73]],[[31447,23239],[0,-110]],[[31447,23129],[-1,-71]],[[31446,23058],[84,1]],[[31530,23059],[5,0]],[[31535,23059],[79,0]],[[31614,23059],[8,0]],[[31622,23059],[3,0]],[[31625,23059],[31,0]],[[31656,23059],[16,1]],[[31672,23060],[4,0]],[[31676,23060],[32,0]],[[31708,23060],[89,0]],[[31797,23060],[20,0]],[[31817,23060],[34,0]],[[31851,23060],[116,-1]],[[31967,23059],[4,0]],[[31971,23059],[7,-15]],[[31978,23044],[7,-16]],[[31985,23028],[9,-16]],[[31994,23012],[9,-16]],[[32003,22996],[62,-129]],[[32065,22867],[1,-2]],[[32066,22865],[30,-62]],[[32096,22803],[8,-16]],[[32104,22787],[42,-88]],[[32146,22699],[0,-136],[0,-224]],[[32146,22339],[6,0]],[[32152,22339],[6,0]],[[32158,22339],[2,0]],[[32160,22339],[2,0]],[[32162,22339],[2,0]],[[32164,22339],[2,0]],[[32166,22339],[2,0]],[[32168,22339],[14,0]],[[32182,22339],[83,0]],[[32265,22339],[3,0]],[[32268,22339],[60,0]],[[32328,22339],[86,0]],[[32414,22339],[16,3]],[[32430,22342],[49,-1]],[[32479,22341],[1,0]],[[32480,22341],[2,0]],[[32482,22341],[7,0]],[[32489,22341],[14,0]],[[26728,19265],[-2,-1]],[[26217,22527],[54,1]],[[26271,22528],[106,0]],[[26377,22528],[107,-1]],[[26484,22527],[5,0]],[[26489,22527],[18,0]],[[26507,22527],[1,0]],[[26508,22527],[1,0]],[[26509,22527],[4,0]],[[26513,22527],[17,0]],[[26530,22527],[18,0]],[[26548,22527],[45,-2]],[[26593,22525],[126,0]],[[26719,22525],[104,-2]],[[26823,22523],[1,1]],[[26824,22524],[2,0]],[[26826,22524],[90,0]],[[26916,22524],[2,0]],[[26918,22524],[1,0]],[[26919,22524],[7,0]],[[26926,22524],[1,0]],[[26927,22524],[75,-3]],[[27002,22521],[21,2]],[[27023,22523],[36,-1]],[[27059,22522],[21,-1]],[[27080,22521],[38,-1]],[[27118,22520],[31,-1]],[[27149,22519],[62,-1]],[[27211,22518],[3,0]],[[27214,22518],[21,0]],[[27235,22518],[5,0]],[[27240,22518],[12,0]],[[27252,22518],[28,0]],[[27280,22518],[41,-1]],[[27321,22517],[24,-1]],[[27345,22516],[12,0]],[[27357,22516],[11,-2]],[[27368,22514],[8,0]],[[27376,22514],[14,1]],[[27390,22515],[6,0]],[[27396,22515],[87,0]],[[27483,22515],[38,-1]],[[27521,22514],[46,1]],[[27782,22515],[9,0]],[[27791,22515],[100,1],[119,0]],[[28010,22516],[84,0]],[[28094,22516],[41,0]],[[28135,22516],[141,0]],[[28276,22516],[29,0]],[[28305,22516],[170,2]],[[28475,22518],[53,1]],[[28528,22519],[90,0]],[[28618,22519],[57,-2]],[[28675,22517],[148,0]],[[28823,22517],[61,0]],[[28884,22517],[26,0]],[[28910,22517],[2,1]],[[28912,22518],[1,0]],[[28913,22518],[73,2],[100,-3]],[[27750,25572],[-79,-2],[-226,1]],[[27445,25571],[-1,23]],[[27444,25594],[-1,23]],[[27443,25617],[0,6]],[[27443,25623],[0,73]],[[27443,25696],[-1,54]],[[27442,25750],[-174,0]],[[27268,25750],[-66,0]],[[27202,25750],[-63,0]],[[27139,25750],[-58,-1]],[[27081,25749],[-107,0]],[[26974,25749],[-165,0]],[[26809,25749],[-63,0]],[[26746,25749],[-9,0]],[[26737,25749],[-1,0]],[[26736,25749],[-170,0],[-218,-1],[-62,-2]],[[26286,25746],[-192,-1]],[[28259,25582],[-4,-1]],[[28255,25581],[-3,0]],[[28252,25581],[-21,-3]],[[28231,25578],[-31,0]],[[28200,25578],[-14,0]],[[28186,25578],[-2,0]],[[28184,25578],[-185,-1]],[[27999,25577],[-54,0]],[[27945,25577],[-6,0]],[[27939,25577],[-189,-5]],[[38783,8922],[2,0]],[[38785,8922],[74,3]],[[38859,8925],[3,0]],[[38862,8925],[3,0]],[[38865,8925],[1,0]],[[38866,8925],[66,1]],[[38932,8926],[17,1]],[[38949,8927],[5,0]],[[38954,8927],[1,0]],[[38955,8927],[1,0]],[[38956,8927],[34,1]],[[38990,8928],[19,-1]],[[39009,8927],[28,1]],[[39037,8928],[9,0]],[[39046,8928],[33,2]],[[39079,8930],[43,2]],[[39122,8932],[19,1]],[[39141,8933],[19,0]],[[39160,8933],[28,1]],[[39188,8934],[15,1]],[[39203,8935],[8,0]],[[39211,8935],[1,0]],[[39212,8935],[4,0]],[[39216,8935],[30,1]],[[39246,8936],[3,0]],[[39249,8936],[39,0]],[[39288,8936],[3,0]],[[39291,8936],[1,1]],[[39385,8941],[1,0]],[[39386,8941],[6,0]],[[39392,8941],[8,0]],[[39400,8941],[3,0]],[[39403,8941],[3,0]],[[39406,8941],[3,0]],[[39409,8941],[7,1]],[[39416,8942],[44,2]],[[39460,8944],[0,-5]],[[39460,8939],[18,1]],[[39478,8940],[34,1]],[[39512,8941],[3,4]],[[39515,8945],[16,0]],[[39531,8945],[4,1]],[[39535,8946],[1,0]],[[39536,8946],[8,0]],[[38185,4810],[-15,0],[-2,-56],[1,-53]],[[38071,4486],[-69,0],[-40,-54],[-2,-52],[-42,1],[-12,-5],[-33,10],[0,21],[-31,20],[-16,1],[-6,-16],[-27,-8],[-14,-11],[-17,3],[-4,-16],[-18,3],[-34,-13],[-6,-28],[-32,3],[-31,-15],[-13,-21],[-12,6],[-12,18],[-33,-8],[-12,-29],[8,-10],[-2,-31],[16,-16],[14,-1],[7,-32]],[[37531,4172],[-6,6]],[[37457,4274],[-7,8]],[[37371,4247],[-2,0]],[[37320,4217],[5,-13]],[[37323,4185],[-11,9]],[[37237,4231],[-3,-1]],[[37223,4229],[-15,2]],[[37150,4139],[-9,3]],[[37135,4148],[-4,6]],[[37128,4160],[-1,9]],[[37130,4178],[7,-22],[11,-11],[12,3]],[[37174,4227],[-10,-7]],[[37159,4220],[-14,-2]],[[37135,4225],[-13,5]],[[37102,4222],[-4,-12]],[[37094,4205],[-2,-2]],[[37091,4198],[3,-7]],[[37095,4181],[0,-18]],[[37058,4154],[-6,-3]],[[37052,4151],[-7,-12]],[[37045,4139],[-7,-16]],[[37038,4122],[1,-13]],[[36960,4055],[-2,6]],[[36977,4127],[0,1]],[[36982,4147],[5,16]],[[36958,4167],[0,-3]],[[36932,4161],[-6,-4]],[[36920,4152],[-14,-10]],[[36898,4148],[-4,4]],[[36887,4149],[-6,-20]],[[36844,4127],[-12,-5]],[[36816,4110],[-8,-8]],[[36806,4101],[-12,-2]],[[36728,4089],[-6,-20]],[[36722,4064],[0,-1]],[[36681,4038],[-10,-25]],[[36673,4011],[6,-10],[20,2]],[[36700,4005],[1,6]],[[36702,4017],[12,-11],[22,-3]],[[36749,3962],[-14,-40]],[[36735,3922],[3,-15]],[[36723,3886],[-12,-13],[1,-25],[5,-9],[15,-9],[-23,-14]],[[36707,3820],[-5,4]],[[36701,3822],[-1,-9]],[[36701,3810],[-4,-8]],[[36693,3800],[-20,-5]],[[36663,3795],[-12,4],[-13,-5],[-5,-8]],[[36621,3776],[-2,0]],[[36616,3799],[19,12]],[[36645,3827],[11,12]],[[36659,3842],[3,4]],[[36668,3855],[14,17],[4,2],[11,4],[9,4],[8,11]],[[36715,3895],[1,3]],[[36718,3904],[9,30]],[[36587,3998],[-3,0]],[[36555,3973],[-14,-11]],[[36535,3961],[-3,0]],[[36522,3956],[-10,-12]],[[36511,3943],[-9,-11]],[[36491,3925],[-2,-22],[4,-24]],[[36487,3871],[-15,-4]],[[36350,3942],[-15,8]],[[36299,3914],[-11,-10]],[[36284,3903],[0,1]],[[36282,3908],[-3,9]],[[36242,3890],[7,-12]],[[36249,3877],[9,-11]],[[36340,3816],[-11,-6]],[[36309,3805],[-23,1]],[[36245,3815],[-11,12]],[[36111,3866],[7,-15]],[[36119,3841],[0,-10]],[[36117,3820],[-10,-29]],[[36106,3789],[-11,-9]],[[36090,3776],[-1,-1]],[[36062,3935],[-9,5]],[[36015,3936],[-8,2],[-12,-2],[-6,-3],[-11,-11],[-6,-10],[-8,-25]],[[35950,3815],[2,21]],[[35952,3836],[-3,13]],[[35845,3927],[-4,-2]],[[35685,4016],[-2,-1]],[[35651,4011],[-2,97],[1,313],[-20,0],[-1,359],[-1,390],[-58,-1],[-1,333],[0,409],[2,101],[-1,367],[1,393],[-1,12],[1,246],[0,526],[0,128],[0,212]],[[35572,8972],[370,-3],[278,-1],[367,0]],[[36587,8968],[0,-6]],[[36587,8962],[0,-10]],[[36587,8952],[0,-29]],[[36587,8923],[0,-28]],[[36587,8895],[0,-35]],[[36587,8860],[0,-28]],[[36587,8832],[506,1],[168,0]],[[37261,8833],[1,0]],[[37262,8833],[1,0]],[[37263,8833],[3,0]],[[37266,8833],[501,-1],[77,0]],[[37844,8832],[9,0]],[[37853,8832],[19,0]],[[37872,8832],[23,1]],[[37895,8833],[119,0]],[[38014,8833],[7,0]],[[38021,8833],[1,0]],[[38022,8833],[169,1]],[[38191,8834],[1,0]],[[38192,8834],[6,0]],[[38198,8834],[2,0]],[[38200,8834],[28,-1]],[[38228,8833],[84,0]],[[38312,8833],[3,0]],[[38315,8833],[9,0]],[[38324,8833],[36,1]],[[38360,8834],[1,0]],[[38361,8834],[10,0]],[[38371,8834],[3,0]],[[38374,8834],[1,0]],[[38375,8834],[1,0]],[[38376,8834],[4,0]],[[38380,8834],[15,0]],[[38395,8834],[16,0]],[[38411,8834],[8,0]],[[38419,8834],[26,0]],[[38445,8834],[26,0]],[[38471,8834],[23,0]],[[38494,8834],[36,0]],[[38530,8834],[77,-2]],[[38607,8832],[5,0]],[[38612,8832],[0,1]],[[38612,8833],[0,41]],[[38612,8874],[0,6]],[[38612,8880],[0,37]],[[38612,8917],[65,2]],[[38677,8919],[21,0]],[[38698,8919],[1,1]],[[38699,8920],[10,0]],[[38709,8920],[74,2]],[[28300,15271],[0,1]],[[28300,15272],[0,8]],[[28300,15280],[0,32]],[[28300,15312],[0,1]],[[28300,15313],[0,1]],[[28300,15314],[0,40]],[[28300,15354],[0,3]],[[28300,15357],[0,17]],[[28300,15374],[0,96]],[[28300,15470],[0,12]],[[28300,15482],[5,0]],[[28305,15482],[11,0]],[[28316,15482],[6,0]],[[28322,15482],[9,0]],[[28331,15482],[23,0]],[[28354,15482],[20,0]],[[28374,15482],[1,-1]],[[28375,15481],[13,0]],[[28388,15481],[98,0]],[[28486,15481],[1,0]],[[28487,15481],[2,0]],[[28489,15481],[3,0]],[[28492,15481],[38,0]],[[28530,15481],[19,0]],[[28549,15481],[5,0]],[[28554,15481],[10,0]],[[28564,15481],[9,0]],[[28573,15481],[44,0]],[[28617,15481],[3,0]],[[28620,15481],[13,0]],[[28633,15481],[47,-1]],[[28680,15480],[30,0]],[[28710,15480],[1,0]],[[28711,15480],[62,0]],[[28773,15480],[5,0]],[[28778,15480],[4,0]],[[28782,15480],[38,0]],[[28820,15480],[1,0]],[[28821,15480],[28,0]],[[28849,15480],[59,-1]],[[28908,15479],[2,0]],[[28910,15479],[2,0]],[[28912,15479],[3,0]],[[28915,15479],[24,0]],[[28939,15479],[67,0]],[[29006,15479],[12,0]],[[29018,15479],[29,-1]],[[29047,15478],[52,0]],[[29099,15478],[78,-1]],[[29177,15477],[27,0]],[[29204,15477],[5,0]],[[29209,15477],[4,-1]],[[29213,15476],[28,0]],[[29241,15476],[24,0]],[[29265,15476],[22,0]],[[29287,15476],[4,0]],[[29291,15476],[45,0]],[[29336,15476],[4,0]],[[31927,13854],[-86,0],[-463,0],[-477,0],[-515,2],[-381,1]],[[30005,13857],[-1,0]],[[27669,14944],[53,1]],[[27722,14945],[18,0]],[[27740,14945],[48,-1]],[[27788,14944],[4,0]],[[27792,14944],[8,-1]],[[27800,14943],[5,1]],[[27805,14944],[59,0]],[[27864,14944],[4,-1]],[[27868,14943],[2,0]],[[27870,14943],[3,0]],[[27873,14943],[69,-1]],[[27942,14942],[5,0]],[[27947,14942],[2,0]],[[27949,14942],[6,0]],[[27955,14942],[16,0]],[[27971,14942],[3,1]],[[27974,14943],[18,-1]],[[27992,14942],[6,0]],[[27998,14942],[44,0]],[[28042,14942],[16,0]],[[28058,14942],[7,-1]],[[28065,14941],[40,0]],[[28105,14941],[17,0]],[[28122,14941],[88,-1]],[[28210,14940],[28,0]],[[28238,14940],[18,0]],[[28256,14940],[26,0]],[[28282,14940],[17,0]],[[28299,14940],[1,331]],[[25312,31246],[-88,0]],[[25224,31246],[-87,0]],[[25137,31246],[-1,43]],[[25136,31289],[-88,0]],[[25048,31289],[-2,-1]],[[25046,31288],[-119,0]],[[24927,31288],[-10,0]],[[24917,31288],[-10,0]],[[24907,31288],[-33,0]],[[24874,31288],[-9,0]],[[24865,31288],[-3,0]],[[24862,31288],[-32,-1]],[[24830,31287],[-3,0]],[[24827,31287],[-12,0]],[[24815,31287],[-11,0]],[[24804,31287],[-10,0]],[[24794,31287],[-8,0]],[[24786,31287],[-11,-1]],[[24775,31286],[-27,1]],[[24748,31287],[-2,0]],[[24746,31287],[-2,0]],[[24744,31287],[-1,0]],[[24743,31287],[-18,1]],[[24725,31288],[-7,0]],[[24718,31288],[-6,1]],[[24712,31289],[-10,12]],[[24702,31301],[-14,0]],[[24688,31301],[-11,-6]],[[24677,31295],[-12,-16]],[[24665,31279],[-8,-18]],[[24657,31261],[-6,-8]],[[24651,31253],[-5,-3]],[[24646,31250],[-4,-2]],[[24642,31248],[-8,-1]],[[24634,31247],[-15,7]],[[24619,31254],[-15,20]],[[24604,31274],[-3,7]],[[24601,31281],[-3,5]],[[24598,31286],[-7,17]],[[24591,31303],[-9,47]],[[24582,31350],[-9,14]],[[24573,31364],[-44,34]],[[24529,31398],[-1,13]],[[24528,31411],[4,9]],[[24532,31420],[15,15]],[[24547,31435],[5,10]],[[24552,31445],[-3,8]],[[24549,31453],[-17,16]],[[24532,31469],[-5,7]],[[24527,31476],[-3,17]],[[24524,31493],[5,14]],[[24529,31507],[15,21]],[[24544,31528],[9,9]],[[24553,31537],[26,21]],[[24579,31558],[21,18]],[[24600,31576],[8,7]],[[24608,31583],[6,8]],[[24614,31591],[1,11]],[[24615,31602],[-3,44]],[[24612,31646],[-7,30]],[[24605,31676],[3,16]],[[24608,31692],[11,6]],[[24619,31698],[12,6]],[[24631,31704],[5,9]],[[24636,31713],[0,12]],[[24636,31725],[-8,18]],[[24628,31743],[-6,9]],[[24622,31752],[-25,24]],[[24597,31776],[0,7]],[[24597,31783],[12,13]],[[24609,31796],[11,13]],[[24620,31809],[2,14]],[[24622,31823],[-2,9]],[[24620,31832],[-19,18]],[[24601,31850],[-5,14]],[[24596,31864],[0,9]],[[24596,31873],[5,9]],[[24601,31882],[7,13]],[[24608,31895],[3,14]],[[24611,31909],[-1,12]],[[24610,31921],[-5,29]],[[24605,31950],[1,14]],[[24606,31964],[9,13]],[[24615,31977],[17,8]],[[24632,31985],[10,-3]],[[24642,31982],[6,-12]],[[24648,31970],[9,-6]],[[24657,31964],[13,-3]],[[24670,31961],[3,0]],[[24673,31961],[15,3]],[[24688,31964],[13,3]],[[24701,31967],[11,11]],[[24712,31978],[1,8]],[[24713,31986],[-4,3]],[[24709,31989],[-29,2]],[[24680,31991],[-8,13]],[[24672,32004],[-7,18]],[[24665,32022],[-3,10]],[[24662,32032],[-9,7]],[[24653,32039],[-19,5]],[[24634,32044],[-7,5]],[[24627,32049],[-12,12]],[[24615,32061],[-5,16]],[[24610,32077],[2,11]],[[24612,32088],[10,12]],[[24622,32100],[12,-8]],[[24634,32092],[13,-21]],[[24647,32071],[11,-11]],[[24658,32060],[4,-5]],[[24662,32055],[3,-2]],[[24665,32053],[10,2]],[[24675,32055],[6,14]],[[24681,32069],[2,13]],[[24683,32082],[0,5]],[[24683,32087],[-3,9]],[[24680,32096],[-9,5]],[[24671,32101],[-17,1]],[[24654,32102],[-7,6]],[[24647,32108],[0,15]],[[24647,32123],[12,18]],[[24659,32141],[3,4]],[[24662,32145],[5,8]],[[24667,32153],[0,1]],[[24667,32154],[6,10]],[[24673,32164],[7,16]],[[24680,32180],[9,29]],[[24689,32209],[4,9]],[[24693,32218],[9,9]],[[24702,32227],[3,9]],[[24705,32236],[1,12]],[[24706,32248],[-2,23]],[[24704,32271],[-5,18]],[[24699,32289],[-8,6]],[[24691,32295],[-10,1]],[[24681,32296],[-15,-9]],[[24666,32287],[-8,0]],[[24658,32287],[-11,10]],[[24647,32297],[0,22]],[[24647,32319],[9,27]],[[24656,32346],[1,12]],[[24657,32358],[1,11]],[[24658,32369],[8,14]],[[24666,32383],[15,14]],[[24681,32397],[10,14]],[[24691,32411],[13,37]],[[24704,32448],[8,29]],[[24712,32477],[12,18]],[[24724,32495],[9,6]],[[24733,32501],[45,26]],[[24778,32527],[23,19]],[[24801,32546],[3,6]],[[24804,32552],[-2,10]],[[24802,32562],[-7,7]],[[24795,32569],[-9,4]],[[24786,32573],[-3,2]],[[24783,32575],[-11,4]],[[24772,32579],[-12,0]],[[24760,32579],[-4,0]],[[24756,32579],[-13,2]],[[24743,32581],[-11,7]],[[24732,32588],[-9,20]],[[24723,32608],[-2,14]],[[24721,32622],[1,15]],[[24722,32637],[19,41]],[[24741,32678],[9,15]],[[24750,32693],[22,24]],[[24772,32717],[11,6]],[[24783,32723],[17,5]],[[24800,32728],[10,0]],[[24810,32728],[10,-4]],[[24820,32724],[19,-15]],[[24839,32709],[4,-2]],[[24843,32707],[15,3]],[[24858,32710],[9,4]],[[24867,32714],[20,15]],[[24887,32729],[9,6]],[[24896,32735],[22,2]],[[24918,32737],[16,1]],[[24934,32738],[9,7]],[[24943,32745],[4,10]],[[24947,32755],[1,29]],[[24948,32784],[5,25]],[[24953,32809],[3,32]],[[24956,32841],[4,17]],[[24960,32858],[9,30]],[[24969,32888],[5,12]],[[24974,32900],[9,15]],[[24983,32915],[1,2]],[[24984,32917],[17,21]],[[25001,32938],[10,10]],[[25011,32948],[5,5]],[[25016,32953],[8,10]],[[25024,32963],[13,30]],[[25037,32993],[-4,14]],[[25033,33007],[-4,14]],[[25029,33021],[3,16]],[[25032,33037],[7,19]],[[25039,33056],[-1,22]],[[25038,33078],[-3,9]],[[25035,33087],[0,3]],[[25035,33090],[0,3]],[[25035,33093],[-1,5]],[[25034,33098],[0,2]],[[25034,33100],[0,2]],[[25034,33102],[-3,8]],[[25031,33110],[-1,1]],[[25030,33111],[-10,6]],[[25020,33117],[-6,-2]],[[25014,33115],[6,15]],[[25020,33130],[22,9]],[[25042,33139],[2,10]],[[25044,33149],[3,9]],[[25047,33158],[4,17]],[[25051,33175],[6,12]],[[25057,33187],[5,2]],[[25062,33189],[11,-3]],[[25073,33186],[10,3]],[[25083,33189],[1,10]],[[25084,33199],[-2,6]],[[25082,33205],[-3,6]],[[25079,33211],[3,8]],[[25082,33219],[6,2]],[[25088,33221],[5,8]],[[25093,33229],[3,14]],[[25096,33243],[-2,8]],[[25094,33251],[7,14]],[[25101,33265],[17,3]],[[25118,33268],[11,1]],[[25129,33269],[5,4]],[[25134,33273],[9,6]],[[25143,33279],[11,2]],[[25154,33281],[9,1]],[[25163,33282],[15,0]],[[25178,33282],[26,-10]],[[25204,33272],[7,-2]],[[25211,33270],[9,3]],[[25220,33273],[4,12]],[[25224,33285],[13,-2]],[[25237,33283],[8,0]],[[25245,33283],[7,0]],[[25252,33283],[4,-3]],[[25256,33280],[6,-5]],[[25262,33275],[7,1]],[[25269,33276],[5,12]],[[25274,33288],[5,10]],[[25279,33298],[6,5]],[[25285,33303],[17,16]],[[25302,33319],[3,7]],[[25305,33326],[5,11]],[[25310,33337],[6,5]],[[25316,33342],[19,9]],[[25335,33351],[7,6]],[[25342,33357],[5,7]],[[25347,33364],[11,17]],[[25358,33381],[13,4]],[[25371,33385],[5,2]],[[25376,33387],[4,8]],[[25380,33395],[9,6]],[[25389,33401],[12,-2]],[[25401,33399],[16,-11]],[[25417,33388],[7,4]],[[25424,33392],[8,3]],[[25432,33395],[13,5]],[[25445,33400],[7,-1]],[[25452,33399],[4,-4]],[[25456,33395],[4,-4]],[[25460,33391],[8,4]],[[25468,33395],[1,11]],[[25469,33406],[8,10]],[[25477,33416],[7,-3]],[[25484,33413],[4,-12]],[[25488,33401],[6,-4]],[[25494,33397],[7,3]],[[25501,33400],[9,3]],[[25510,33403],[10,-6]],[[25520,33397],[1,-12]],[[25521,33385],[4,-10]],[[25525,33375],[6,-11]],[[25531,33364],[6,-8]],[[25537,33356],[7,6]],[[25544,33362],[4,4]],[[25548,33366],[5,-3]],[[25553,33363],[4,-1]],[[25557,33362],[8,3]],[[25565,33365],[16,7]],[[25581,33372],[12,-3]],[[25593,33369],[-5,-13]],[[25588,33356],[-7,-4]],[[25581,33352],[-2,-6]],[[25579,33346],[7,-12]],[[25586,33334],[0,-12]],[[25586,33322],[-1,-15]],[[25585,33307],[-6,-6]],[[25579,33301],[1,-3]],[[25580,33298],[1,-6]],[[25581,33292],[-1,-4]],[[25580,33288],[-3,-7]],[[25577,33281],[-5,-1]],[[25572,33280],[-3,-11]],[[25569,33269],[6,-9]],[[25575,33260],[6,-6]],[[25581,33254],[6,-5]],[[25587,33249],[12,1]],[[25599,33250],[18,-3]],[[25617,33247],[0,-4]],[[25617,33243],[-5,-3]],[[25612,33240],[-6,-4]],[[25606,33236],[3,-16]],[[25609,33220],[-1,-7]],[[25608,33213],[0,-10]],[[25608,33203],[-8,-7]],[[25600,33196],[-3,-6]],[[25597,33190],[-2,-4]],[[25595,33186],[2,-6]],[[25597,33180],[11,-2]],[[25608,33178],[12,0]],[[25620,33178],[12,0]],[[25632,33178],[14,11]],[[25646,33189],[8,0]],[[25654,33189],[5,-18]],[[25659,33171],[3,-2]],[[25662,33169],[6,-5]],[[25668,33164],[10,-7]],[[25678,33157],[4,-9]],[[25682,33148],[0,-21]],[[25682,33127],[5,-15]],[[25687,33112],[-5,-6]],[[25682,33106],[-2,-24]],[[25680,33082],[2,-8]],[[25682,33074],[18,-18]],[[25700,33056],[3,-1]],[[25703,33055],[6,-3]],[[25709,33052],[0,-6]],[[25709,33046],[0,-13]],[[25709,33033],[6,-6]],[[25715,33027],[7,-14]],[[25722,33013],[2,-5]],[[25724,33008],[17,-14]],[[25741,32994],[9,-13]],[[25750,32981],[8,1]],[[25758,32982],[4,0]],[[25762,32982],[3,-3]],[[25765,32979],[2,-13]],[[25767,32966],[1,-9]],[[25768,32957],[2,-7]],[[25770,32950],[8,-6]],[[25778,32944],[6,-11]],[[25784,32933],[3,-5]],[[25787,32928],[7,-3]],[[25794,32925],[3,2]],[[25797,32927],[3,3]],[[25800,32930],[21,-13]],[[25821,32917],[9,-5]],[[25830,32912],[11,-2]],[[25841,32910],[10,-1]],[[25851,32909],[2,-4]],[[25853,32905],[4,-4]],[[25857,32901],[7,-4]],[[25864,32897],[12,-5]],[[25876,32892],[4,-9]],[[25880,32883],[6,-4]],[[25886,32879],[7,-4]],[[25893,32875],[14,-3]],[[25907,32872],[6,-1]],[[25913,32871],[-3,-4]],[[25910,32867],[-5,-6]],[[25905,32861],[15,-14]],[[25920,32847],[2,-3]],[[25922,32844],[6,-10]],[[25928,32834],[10,-4]],[[25938,32830],[-1,-5]],[[25937,32825],[-1,-7]],[[25936,32818],[4,-3]],[[25940,32815],[4,2]],[[25944,32817],[6,3]],[[25950,32820],[11,-13]],[[25961,32807],[8,-2]],[[25969,32805],[3,0]],[[25972,32805],[7,-7]],[[25979,32798],[15,-8]],[[25994,32790],[16,0]],[[26010,32790],[17,-3]],[[26027,32787],[9,-2]],[[26036,32785],[16,-4]],[[26052,32781],[14,2]],[[26066,32783],[5,0]],[[26071,32783],[3,-1]],[[26074,32782],[3,-1]],[[26077,32781],[2,3]],[[26079,32784],[2,3]],[[26081,32787],[17,-2]],[[26098,32785],[5,-5]],[[26103,32780],[3,-2]],[[26106,32778],[11,-5]],[[26117,32773],[18,3]],[[26135,32776],[9,-3]],[[26144,32773],[7,-2]],[[26151,32771],[10,-3]],[[26161,32768],[7,-6]],[[26168,32762],[8,2]],[[26176,32764],[2,1]],[[26178,32765],[3,-13]],[[26181,32752],[0,-23]],[[26181,32729],[0,-16]],[[26181,32713],[1,-79]],[[26182,32634],[1,-62],[2,-219]],[[26185,32353],[0,-11]],[[26185,32342],[0,-7]],[[26185,32335],[0,-7]],[[26185,32328],[0,-14]],[[26185,32314],[0,-9]],[[26185,32305],[0,-26]],[[26185,32279],[1,-67],[1,-272],[-1,-91],[4,-35],[-1,-204]],[[26189,31610],[1,-84]],[[26190,31526],[0,-11]],[[26190,31515],[0,-3]],[[26190,31512],[0,-6]],[[26190,31506],[0,-9]],[[26190,31497],[0,-14]],[[26190,31483],[0,-17]],[[26190,31466],[0,-53]],[[26190,31413],[0,-4]],[[26190,31409],[0,-22]],[[26190,31387],[0,-6]],[[26190,31381],[0,-29]],[[26190,31352],[0,-8]],[[26190,31344],[0,-24]],[[26190,31320],[0,-3]],[[26190,31317],[0,-16]],[[26190,31301],[0,-6]],[[26190,31295],[0,-49]],[[26190,31246],[0,-5]],[[26190,31241],[0,-4]],[[26190,31237],[0,-3]],[[26190,31234],[-1,-63]],[[26189,31171],[1,-45]],[[26190,31126],[-87,-3]],[[26103,31123],[-145,-4]],[[25958,31119],[-105,-3],[-190,-5]],[[25663,31111],[0,4]],[[25663,31115],[0,12]],[[25663,31127],[0,8]],[[25663,31135],[-1,32]],[[25662,31167],[0,5]],[[25662,31172],[-1,33]],[[25661,31205],[-36,0]],[[25625,31205],[-9,0]],[[25616,31205],[-12,0]],[[25604,31205],[-1,0]],[[25603,31205],[-27,0]],[[25576,31205],[0,16]],[[25576,31221],[0,7]],[[25576,31228],[1,22]],[[25577,31250],[-44,1]],[[25533,31251],[-60,-3]],[[25473,31248],[-4,0]],[[25469,31248],[-90,-3]],[[25379,31245],[-12,0]],[[25367,31245],[-10,0]],[[25357,31245],[-11,0]],[[25346,31245],[-9,0]],[[25337,31245],[-16,1]],[[25321,31246],[-9,0]],[[39285,15010],[-4,0]],[[39281,15010],[-120,0]],[[39161,15010],[-171,1]],[[38990,15011],[-28,1]],[[38962,15012],[-83,0]],[[38879,15012],[-55,1]],[[38824,15013],[-6,1]],[[38818,15014],[-13,0]],[[38805,15014],[-3,0]],[[38802,15014],[-150,3]],[[38652,15017],[-454,4]],[[38198,15021],[-6,0]],[[38192,15021],[-52,0]],[[38140,15021],[-39,-1]],[[38101,15020],[-134,-3],[-75,0]],[[37892,15017],[-62,-1]],[[37830,15016],[-1,0]],[[37829,15016],[-33,2],[-170,0]],[[37626,15018],[-27,0]],[[37599,15018],[-64,1],[-160,0]],[[36598,16551],[279,1],[233,-1]],[[37110,16551],[8,0]],[[37118,16551],[92,0]],[[37210,16551],[82,1]],[[37292,16552],[123,1],[216,0]],[[37631,16553],[555,-5],[19,3],[213,-2],[244,2],[1,120],[1,34],[-39,43],[-2,25],[26,0],[16,23],[0,82],[5,29]],[[38670,16907],[5,1]],[[38675,16908],[85,-2]],[[38760,16906],[2,0]],[[38762,16906],[2,0]],[[38764,16906],[8,0]],[[38772,16906],[26,-1]],[[38798,16905],[1,0]],[[38799,16905],[7,0]],[[38806,16905],[4,0]],[[38810,16905],[1,0]],[[38811,16905],[12,0]],[[38823,16905],[54,-2]],[[38877,16903],[2,0]],[[38879,16903],[1,0]],[[38880,16903],[55,0]],[[38935,16903],[50,0]],[[38985,16903],[58,0]],[[39043,16903],[13,0]],[[39056,16903],[4,0]],[[39060,16903],[10,0]],[[39070,16903],[2,0]],[[39072,16903],[7,0]],[[39079,16903],[12,0]],[[39091,16903],[14,0]],[[39105,16903],[10,0]],[[39743,15096],[-237,2],[-88,0],[-1,-88],[-132,0]],[[12766,35056],[82,-1]],[[12848,35055],[3,0]],[[12851,35055],[2,0]],[[12853,35055],[2,0]],[[12855,35055],[111,-1]],[[12966,35054],[171,-4],[115,0]],[[13252,35050],[-19,-14],[-22,-33],[-11,-43],[-12,-15],[-30,-7],[-8,-15],[6,-21],[-25,-21],[6,-36],[-12,-20],[6,-10],[20,2],[9,-17],[-13,-53],[-15,-16],[1,-12],[27,-4],[2,-18],[-21,-15],[-3,-35],[-33,-28],[-8,-17],[2,-26],[33,-17],[28,3],[16,-10],[0,-12],[-15,-15],[-43,5],[-5,-15],[12,-15],[-11,-13],[-20,18],[-17,-8],[7,-34],[14,-34],[-4,-16],[-24,0],[-18,-25],[0,-9],[36,-17],[17,2],[36,-17],[13,-37],[-21,-46],[6,-20],[20,-5],[5,-14],[-23,-16],[4,-39],[-2,-29],[10,-31],[-4,-28],[33,-5],[1,-12],[-12,-16],[63,-56],[18,-30],[11,-5],[21,14],[13,-7],[1,-20],[13,-6],[20,7],[5,19],[16,-6],[-3,-22],[-16,-13],[7,-15],[31,3],[16,-22],[25,15],[11,-2],[12,-25],[38,-17],[13,-18],[69,-4],[22,-16],[6,-27],[12,-19],[0,-18],[31,-16],[42,13],[38,-23],[-1,-14],[13,-15],[8,-36],[1,-30]],[[13727,33638],[11,-57],[19,-54],[2,-22],[-21,0],[-15,-33],[-28,-26],[-7,-26],[16,-21],[-6,-12],[-21,4],[-35,-9],[-1,-15],[-19,-42],[-18,-14],[6,-23],[-4,-27],[-9,-8],[-6,-23],[-16,-22],[16,-54],[28,-52],[-2,-15],[18,-17],[9,-22],[0,-32],[19,-44],[-4,-35],[3,-34],[19,-26],[9,-25],[4,-31],[-4,-56],[16,-23],[42,-20],[9,-20],[-3,-38],[5,-22],[-6,-18],[-57,-52],[-25,-40],[-9,-31],[-4,-38],[-8,-12],[-23,0],[-19,10],[-5,-19],[-27,18],[-34,34],[-22,5],[-20,-16],[-10,-60],[-11,-25],[-35,-13],[-61,26],[-70,8],[-28,16],[-81,-67],[-122,-97],[-306,-241],[-59,-102]],[[11816,33347],[1,11]],[[11817,33358],[1,5]],[[11818,33363],[-1,16]],[[11817,33379],[0,3]],[[11817,33382],[0,2]],[[11817,33384],[0,39]],[[11817,33423],[-1,22]],[[11816,33445],[0,20]],[[11816,33465],[-1,14]],[[11815,33479],[-1,50]],[[11814,33529],[0,9]],[[11814,33538],[-4,100]],[[11810,33638],[-1,9]],[[11809,33647],[-2,46]],[[11807,33693],[-4,121]],[[11803,33814],[-2,3]],[[11801,33817],[1,62]],[[11802,33879],[0,5]],[[11802,33884],[0,41]],[[11802,33925],[0,60]],[[11802,33985],[2,105]],[[11804,34090],[1,90]],[[11805,34180],[0,6]],[[11805,34186],[3,153]],[[11808,34339],[0,10]],[[11808,34349],[0,24]],[[11808,34373],[0,3]],[[11808,34376],[-1,2]],[[11807,34378],[1,15]],[[11808,34393],[0,7]],[[11808,34400],[1,16]],[[11809,34416],[0,3]],[[11809,34419],[-1,12]],[[11808,34431],[0,28]],[[11808,34459],[0,19]],[[11808,34478],[0,4]],[[11808,34482],[0,63]],[[11808,34545],[0,20]],[[11808,34565],[0,15]],[[11808,34580],[2,90]],[[11810,34670],[1,42]],[[11811,34712],[-1,49]],[[11810,34761],[1,9]],[[11811,34770],[0,106]],[[11811,34876],[0,10]],[[11811,34886],[1,13]],[[11812,34899],[-3,79]],[[11809,34978],[1,7]],[[11810,34985],[0,55]],[[11810,35040],[1,16]],[[11811,35056],[18,3]],[[11829,35059],[20,0]],[[11849,35059],[36,-1]],[[11885,35058],[35,-1]],[[11920,35057],[151,-3]],[[12071,35054],[101,2],[111,1],[264,-1],[105,-1]],[[12652,35055],[9,1]],[[12661,35056],[7,0]],[[12668,35056],[27,0]],[[12695,35056],[71,0]],[[39770,11083],[-3,-1]],[[39767,11082],[-1,0]],[[39766,11082],[-6,0]],[[39760,11082],[-14,-1]],[[39746,11081],[-6,0]],[[39740,11081],[-20,0]],[[39720,11081],[-18,0]],[[39702,11081],[-4,6]],[[39698,11087],[-1,2]],[[39697,11089],[-1,4]],[[39696,11093],[-3,14]],[[39693,11107],[-7,3]],[[39686,11110],[0,1]],[[39686,11111],[-1,0]],[[39685,11111],[-1,1]],[[39684,11112],[-4,3]],[[39680,11115],[-19,-13]],[[39661,11102],[-4,-11]],[[39657,11091],[-10,1]],[[39647,11092],[-3,2]],[[39490,11124],[-1,0]],[[39489,11124],[-2,0]],[[39487,11124],[-130,0]],[[39357,11124],[-17,0]],[[39340,11124],[-8,0]],[[39332,11124],[-3,0]],[[39329,11124],[-41,0]],[[39288,11124],[-6,0]],[[39282,11124],[-10,0]],[[39272,11124],[-1,0]],[[39096,11125],[0,-1]],[[39096,11124],[-6,0]],[[39090,11124],[-45,16]],[[39045,11140],[-28,10]],[[39017,11150],[-4,2]],[[39013,11152],[-2,0]],[[39011,11152],[-4,2]],[[39007,11154],[-39,13]],[[38968,11167],[-39,14]],[[38929,11181],[-79,28]],[[38850,11209],[-8,1]],[[38842,11210],[-240,85]],[[38602,11295],[-1,-1]],[[38601,11294],[0,-61]],[[38601,11233],[1,-68]],[[38602,11165],[-4,0]],[[38598,11165],[-17,0]],[[38581,11165],[-166,-1],[-189,1]],[[38226,11165],[-691,1],[-190,0]],[[37345,11166],[-21,1]],[[37324,11167],[-210,-2],[-237,-1],[-60,1],[-597,-3],[-137,1]],[[36083,11163],[-1,0]],[[36082,11163],[-2,0]],[[36080,11163],[-2,0]],[[36078,11163],[-4,0]],[[36074,11163],[-512,-1],[-34,-1]],[[35528,11161],[-3,0]],[[35525,11161],[0,73]],[[35525,11234],[0,4]],[[35525,11238],[1,0]],[[35526,11238],[9,-1]],[[35535,11237],[-7,181],[-1,92],[-9,354],[0,91]],[[35518,11955],[1,17]],[[35519,11972],[-3,154]],[[35516,12126],[-4,237],[-7,406],[-1,91]],[[35504,12860],[0,3]],[[35504,12863],[-1,269]],[[35503,13132],[0,1]],[[35503,13133],[0,27]],[[35503,13160],[1,240]],[[35504,13400],[-1,263]],[[35503,13663],[0,41]],[[35503,13704],[0,6]],[[35503,13710],[1,95]],[[35504,13805],[0,30]],[[35504,13835],[0,17]],[[35504,13852],[0,348]],[[35504,14200],[0,259],[0,191],[-1,314],[2,60]],[[32622,34470],[-1,-3]],[[32621,34467],[-4,-2]],[[32617,34465],[-196,-2],[-37,-1]],[[32384,34462],[-3,0]],[[32381,34462],[-10,0]],[[32371,34462],[-69,-2]],[[32302,34460],[-49,-1]],[[32253,34459],[-2,0]],[[32251,34459],[-54,-1]],[[32197,34458],[-3,0]],[[32194,34458],[-2,0]],[[32192,34458],[-123,-2]],[[32069,34456],[0,57]],[[32069,34513],[-1,43]],[[32068,34556],[-20,-3]],[[32048,34553],[-71,-11]],[[31977,34542],[-9,-4]],[[31968,34538],[-1,0]],[[31967,34538],[-10,0]],[[31957,34538],[-4,1]],[[31953,34539],[-7,2]],[[31946,34541],[-11,-1]],[[31935,34540],[-6,3]],[[31929,34543],[-8,0]],[[31921,34543],[-5,-1]],[[31916,34542],[-1,2]],[[31915,34544],[-7,5]],[[31908,34549],[-7,4]],[[31901,34553],[-3,2]],[[31898,34555],[-3,3]],[[31895,34558],[-2,1]],[[31893,34559],[-8,1]],[[31885,34560],[-11,7]],[[31874,34567],[-1,2]],[[31873,34569],[-4,5]],[[31869,34574],[-9,8]],[[31860,34582],[-12,12]],[[31848,34594],[-14,-3]],[[31834,34591],[-37,1]],[[31797,34592],[-14,8]],[[31783,34600],[-42,21]],[[31741,34621],[-3,1]],[[31738,34622],[-44,11]],[[31694,34633],[-12,3]],[[31682,34636],[-4,0]],[[31678,34636],[-4,1]],[[31674,34637],[-8,0]],[[31666,34637],[-43,3]],[[31623,34640],[-1,0]],[[31622,34640],[-29,-13]],[[31593,34627],[-65,-37]],[[31528,34590],[-47,-24]],[[31481,34566],[-156,-2]],[[31328,34992],[-14,1]],[[31314,34993],[-16,1]],[[31298,34994],[-31,2]],[[31267,34996],[-3,0]],[[31264,34996],[-13,0]],[[31251,34996],[-24,2]],[[31227,34998],[-13,0]],[[31214,34998],[-7,0]],[[31207,34998],[-3,-15]],[[31204,34983],[-1,0]],[[31203,34983],[-1,0]],[[31202,34983],[-15,3]],[[31187,34986],[-1,2]],[[31186,34988],[-5,5]],[[31181,34993],[-6,3]],[[31175,34996],[-14,0]],[[31161,34996],[-33,-1]],[[31128,34995],[-40,0]],[[31088,34995],[-43,15]],[[31045,35010],[-5,-4]],[[31040,35006],[-24,-22]],[[31016,34984],[-3,0]],[[31013,34984],[-19,1]],[[30994,34985],[-111,0]],[[30883,34985],[-8,-1]],[[30875,34984],[-58,0]],[[30817,34984],[-83,-1]],[[30734,34983],[-30,-1]],[[30704,34982],[-23,1]],[[30681,34983],[-24,0]],[[30657,34983],[-8,0]],[[30649,34983],[-56,-1]],[[30593,34982],[-24,-1]],[[30569,34981],[-10,0]],[[30559,34981],[-4,0]],[[30555,34981],[-14,0]],[[30541,34981],[-3,0]],[[30538,34981],[-16,-1]],[[30522,34980],[-11,0]],[[30511,34980],[-14,0]],[[30497,34980],[-44,0]],[[30453,34980],[-44,-2]],[[30409,34978],[-26,0]],[[30383,34978],[-4,0]],[[30379,34978],[-42,-2]],[[30337,34976],[-119,-3]],[[30218,34973],[-106,-2]],[[30112,34971],[-33,-1]],[[30079,34970],[-18,0]],[[30061,34970],[-145,-3]],[[29916,34967],[-39,-1]],[[29877,34966],[-184,2],[-30,0]],[[29663,34968],[-95,0]],[[29568,34968],[-10,0]],[[29558,34968],[-13,0]],[[29545,34968],[-9,2]],[[29536,34970],[-1,0]],[[29535,34970],[-109,0]],[[29426,34970],[-43,0]],[[29384,35504],[61,62],[156,160],[218,231],[108,113],[56,56],[102,109],[184,192],[78,83],[166,174],[18,19],[114,106],[40,63],[37,65],[20,1],[50,-13],[85,93],[9,102],[40,-23],[34,1],[14,-4],[46,26],[13,40],[6,39],[-17,13],[17,14],[0,27],[29,55],[15,14],[16,-2],[4,22],[34,2],[34,-33],[29,9],[13,-9],[15,22],[16,-13],[60,-6],[16,-20],[19,-6],[14,22],[15,-21],[-4,-16],[26,6],[-5,-22],[11,-33],[16,-6],[19,5],[-12,18],[0,26],[15,25],[-1,16],[18,29],[27,11],[2,23],[9,8],[21,-5],[17,25],[25,-11],[14,22],[30,10],[22,17],[22,-25],[24,-12],[11,2],[23,26],[17,5],[6,-19],[-29,-29],[-3,-12],[41,-20],[9,-31],[-33,-8],[-28,-13],[-6,-11],[21,-50],[24,0],[8,26],[13,12],[24,8],[26,22],[30,8],[17,-13],[-5,-28],[-24,-59],[5,-23],[43,-45],[13,-9],[49,-9],[15,6],[30,31],[21,12],[23,-9],[1,-71],[20,-35],[21,-12],[30,1],[37,14],[21,30],[26,47],[8,48],[-21,60],[51,68],[76,-22],[46,-56],[2,-22],[13,-55],[19,-30],[24,-24],[106,-54],[22,-17]],[[32905,35377],[-10,0]],[[32895,35377],[-35,0]],[[32860,35377],[-64,-1]],[[32796,35376],[-152,-3]],[[32644,35373],[-3,0]],[[32641,35373],[-1,0]],[[32640,35373],[-21,1]],[[32619,35374],[-14,0]],[[32605,35374],[0,-22]],[[32605,35352],[2,-73]],[[32607,35279],[2,-79],[3,-185],[7,-366]],[[32619,34649],[0,-2]],[[32619,34647],[2,-121]],[[32621,34526],[0,-25]],[[32621,34501],[1,-25]],[[32622,34476],[0,-6]],[[32149,31482],[0,-25]],[[32149,31457],[0,-21]],[[32149,31436],[2,-67]],[[32151,31369],[0,-26]],[[32151,31343],[3,-125]],[[32154,31218],[0,-2]],[[32154,31216],[2,-121]],[[32156,31095],[3,-132]],[[32159,30963],[2,-115],[4,-144]],[[32165,30704],[15,-40]],[[32180,30664],[13,-21]],[[32193,30643],[50,-75]],[[32243,30568],[24,-36]],[[32267,30532],[10,-16]],[[32277,30516],[1,-3]],[[32278,30513],[12,-21]],[[32290,30492],[8,-12]],[[32298,30480],[3,-5]],[[32301,30475],[5,-8]],[[32306,30467],[16,-25]],[[32322,30442],[8,-19]],[[32330,30423],[8,-18]],[[32338,30405],[5,-16]],[[32343,30389],[1,-11]],[[32344,30378],[1,-21]],[[32345,30357],[-1,-32]],[[32344,30325],[1,-48]],[[32345,30277],[1,-10]],[[32346,30267],[1,-11]],[[32347,30256],[8,-13]],[[32355,30243],[5,-7]],[[32360,30236],[7,-12]],[[32367,30224],[7,-15]],[[32374,30209],[2,-16]],[[32376,30193],[1,-27]],[[32377,30166],[0,-10]],[[32377,30156],[1,-19]],[[32378,30137],[2,-20]],[[32380,30117],[5,-16]],[[32385,30101],[13,-18]],[[32398,30083],[23,-13]],[[32421,30070],[3,-1]],[[32424,30069],[17,-10]],[[32441,30059],[36,-11]],[[32477,30048],[12,-2]],[[32489,30046],[21,-3]],[[32510,30043],[17,3]],[[32527,30046],[18,10]],[[32545,30056],[9,5]],[[32554,30061],[23,15]],[[32577,30076],[11,9]],[[32588,30085],[7,5]],[[32595,30090],[13,6]],[[32608,30096],[12,2]],[[32620,30098],[1,-1]],[[32621,30097],[1,-1]],[[32622,30096],[-2,-4]],[[32620,30092],[-7,-14]],[[32613,30078],[-4,-4]],[[32609,30074],[-8,-6]],[[32601,30068],[-7,-9]],[[32594,30059],[-5,-5]],[[32589,30054],[-1,-12]],[[32588,30042],[-1,-5]],[[32587,30037],[0,-2]],[[32587,30035],[0,-2]],[[32587,30033],[-1,0]],[[32586,30033],[0,-1]],[[32586,30032],[-2,-3]],[[32584,30029],[2,-6]],[[32586,30023],[0,-1]],[[32586,30022],[0,-1]],[[32586,30021],[1,-4]],[[32587,30017],[-4,-1]],[[32583,30016],[-2,-1]],[[32581,30015],[-1,-1]],[[32580,30014],[-2,-3]],[[32578,30011],[-2,-3]],[[32576,30008],[-2,-2]],[[32574,30006],[-2,-4]],[[32572,30002],[-2,-1]],[[32570,30001],[-3,-2]],[[32567,29999],[-1,-1]],[[32566,29998],[-2,-3]],[[32564,29995],[-5,-9]],[[32559,29986],[-1,-1]],[[32558,29985],[-6,0]],[[32552,29985],[-5,-2]],[[32547,29983],[-4,-2]],[[32543,29981],[-4,-3]],[[32539,29978],[-1,0]],[[32538,29978],[-4,-2]],[[32534,29976],[-3,-2]],[[32531,29974],[-6,-2]],[[32525,29972],[-43,-13]],[[32482,29959],[-4,-1]],[[32478,29958],[-8,-2]],[[32470,29956],[-7,-1]],[[32463,29955],[-190,-54],[-36,-11]],[[32237,29890],[-6,-2]],[[32231,29888],[-1,-1]],[[32230,29887],[-8,-3]],[[32222,29884],[-44,-12]],[[32178,29872],[-19,2]],[[32159,29874],[-16,-6]],[[32143,29868],[-27,-9]],[[32116,29859],[-47,-16]],[[32069,29843],[-11,-4]],[[32058,29839],[-232,-65],[-209,-54],[-97,-26]],[[31520,29694],[-79,-22]],[[31441,29672],[-120,-32]],[[31321,29640],[0,1]],[[31321,29641],[0,1]],[[31321,29642],[1,3]],[[31322,29645],[0,14]],[[31322,29659],[0,6]],[[31322,29665],[1,6]],[[31323,29671],[1,6]],[[31324,29677],[8,23]],[[31332,29700],[9,16]],[[31341,29716],[9,12]],[[31350,29728],[8,4]],[[31358,29732],[5,1]],[[31363,29733],[6,0]],[[31369,29733],[6,3]],[[31375,29736],[7,3]],[[31382,29739],[3,1]],[[31385,29740],[2,1]],[[31387,29741],[2,1]],[[31389,29742],[3,2]],[[31392,29744],[5,0]],[[31397,29744],[13,0]],[[31410,29744],[15,-12]],[[31425,29732],[7,-8]],[[31432,29724],[2,-2]],[[31434,29722],[1,-1]],[[31435,29721],[1,-2]],[[31436,29719],[11,1]],[[31447,29720],[4,6]],[[31451,29726],[0,2]],[[31451,29728],[-2,10]],[[31449,29738],[-2,2]],[[31447,29740],[-11,11]],[[31436,29751],[-8,6]],[[31428,29757],[2,14]],[[31430,29771],[7,3]],[[31437,29774],[4,8]],[[31441,29782],[2,4]],[[31443,29786],[-9,19]],[[31434,29805],[-9,12]],[[31425,29817],[-2,8]],[[31423,29825],[-4,17]],[[31419,29842],[1,7]],[[31420,29849],[2,7]],[[31422,29856],[2,3]],[[31424,29859],[1,1]],[[31425,29860],[-4,11]],[[31421,29871],[-4,11]],[[31417,29882],[-9,12]],[[31408,29894],[-3,3]],[[31405,29897],[-8,17]],[[31397,29914],[-4,4]],[[31393,29918],[-4,4]],[[31389,29922],[-2,10]],[[31387,29932],[-146,-4]],[[31241,29928],[-53,1]],[[31188,29929],[-29,-2]],[[31159,29927],[-15,0]],[[31144,29927],[-18,1]],[[31126,29928],[-93,0]],[[31033,29928],[-30,0]],[[31003,29928],[-1,24]],[[31002,29952],[2,172]],[[31004,30124],[0,6]],[[31004,30130],[0,4]],[[31004,30134],[0,3]],[[31004,30137],[-1,49]],[[31003,30186],[-2,42]],[[31001,30228],[-1,19]],[[31000,30247],[0,3]],[[31000,30250],[1,32]],[[31001,30282],[0,10]],[[31001,30292],[-174,-4]],[[30827,30288],[0,9]],[[30827,30297],[0,7]],[[30827,30304],[-1,7]],[[30826,30311],[0,4]],[[30826,30315],[0,2]],[[30826,30317],[0,22]],[[30826,30339],[-1,30]],[[30825,30369],[-3,179]],[[30822,30548],[-1,23]],[[30821,30571],[0,4]],[[30821,30575],[0,2]],[[30821,30577],[0,9]],[[30821,30586],[0,3]],[[30821,30589],[0,16]],[[30821,30605],[0,3]],[[30821,30608],[0,10]],[[30821,30618],[0,5]],[[30821,30623],[-1,2]],[[30820,30625],[0,8]],[[30820,30633],[0,10]],[[30820,30643],[0,5]],[[30820,30648],[-21,-1]],[[30799,30647],[-1,0]],[[30798,30647],[-9,0]],[[30789,30647],[-6,0]],[[30783,30647],[-7,0]],[[30776,30647],[-3,0]],[[30773,30647],[-2,0]],[[30771,30647],[-17,-1]],[[30754,30646],[-26,0]],[[30728,30646],[-87,-4],[-108,-1]],[[30533,30641],[-63,1]],[[30470,30642],[0,117]],[[30470,30759],[0,3]],[[30470,30762],[0,12]],[[30470,30774],[-1,81]],[[30469,30855],[-10,4]],[[30459,30859],[-20,-2]],[[30439,30857],[-5,0]],[[30434,30857],[-7,-5]],[[30427,30852],[4,-4]],[[30431,30848],[4,-4]],[[30435,30844],[-6,-6]],[[30429,30838],[-1,-1]],[[30428,30837],[-8,-3]],[[30420,30834],[-1,0]],[[30419,30834],[-2,1]],[[30417,30835],[-3,2]],[[30414,30837],[-1,-3]],[[30413,30834],[-1,-5]],[[30412,30829],[-13,0]],[[30399,30829],[-4,0]],[[30395,30829],[-12,0]],[[30383,30829],[-1,-2]],[[30382,30827],[-5,-5]],[[30377,30822],[-1,-1]],[[30376,30821],[-1,-1]],[[30375,30820],[-2,-3]],[[30373,30817],[-2,1]],[[30371,30818],[-1,0]],[[30370,30818],[-3,0]],[[30367,30818],[-1,1]],[[30366,30819],[-6,1]],[[30360,30820],[-7,-4]],[[30353,30816],[-4,3]],[[30349,30819],[-18,-3]],[[30331,30816],[-2,0]],[[30329,30816],[-2,0]],[[30327,30816],[-3,-4]],[[30324,30812],[-11,4]],[[30313,30816],[-1,1]],[[30312,30817],[-3,1]],[[30309,30818],[-2,-1]],[[30307,30817],[-13,-8]],[[30294,30809],[-4,-2]],[[30290,30807],[-6,0]],[[30284,30807],[-8,-1]],[[30276,30806],[-13,-1]],[[30263,30805],[-4,-6]],[[30259,30799],[-7,7]],[[30252,30806],[-2,-1]],[[30250,30805],[-8,-2]],[[30242,30803],[2,-7]],[[30244,30796],[-9,-4]],[[30235,30792],[-1,-3]],[[30234,30789],[-2,-7]],[[30232,30782],[-3,2]],[[30229,30784],[-11,5]],[[30218,30789],[-3,1]],[[30215,30790],[-3,3]],[[30212,30793],[-4,4]],[[30208,30797],[-10,11]],[[30198,30808],[-12,-1]],[[30186,30807],[1,11]],[[30187,30818],[-3,1]],[[30184,30819],[-7,1]],[[30177,30820],[-17,4]],[[30160,30824],[-7,-8]],[[30153,30816],[-4,0]],[[30149,30816],[-5,0]],[[30144,30816],[3,-12]],[[30147,30804],[-9,6]],[[30138,30810],[-4,3]],[[30134,30813],[1,-5]],[[30135,30808],[1,-6]],[[30136,30802],[-8,-6]],[[30128,30796],[2,-7]],[[30130,30789],[2,-7]],[[30132,30782],[-6,-5]],[[30126,30777],[-10,-22]],[[30116,30755],[-3,5]],[[30113,30760],[-4,-7]],[[30109,30753],[-2,-3]],[[30107,30750],[-8,3]],[[30099,30753],[2,8]],[[30101,30761],[-8,7]],[[30093,30768],[-3,2]],[[30090,30770],[-1,0]],[[30089,30770],[-11,9]],[[30078,30779],[-2,3]],[[30076,30782],[-6,10]],[[30070,30792],[-3,5]],[[30067,30797],[-3,-1]],[[30064,30796],[-1,-1]],[[30063,30795],[-4,-2]],[[30059,30793],[-6,9]],[[30053,30802],[-2,3]],[[30051,30805],[-6,0]],[[30045,30805],[-6,0]],[[30039,30805],[-12,8]],[[30027,30813],[-3,1]],[[30024,30814],[-3,0]],[[30021,30814],[-8,3]],[[30013,30817],[-4,9]],[[30009,30826],[-3,0]],[[30006,30826],[-5,1]],[[30001,30827],[-6,-5]],[[29995,30822],[-3,-1]],[[29992,30821],[-10,-7]],[[29982,30814],[-8,-10]],[[29974,30804],[-6,3]],[[29968,30807],[-2,1]],[[29966,30808],[-1,-1]],[[29965,30807],[-10,-7]],[[29955,30800],[-1,1]],[[29954,30801],[-5,2]],[[29949,30803],[-1,-1]],[[29948,30802],[-4,-7]],[[29944,30795],[-8,3]],[[29936,30798],[-2,0]],[[29934,30798],[-2,-3]],[[29932,30795],[0,-1]],[[29932,30794],[-4,-5]],[[29928,30789],[-3,-5]],[[29925,30784],[-6,-3]],[[29919,30781],[-12,-5]],[[29907,30776],[-1,-1]],[[29906,30775],[-3,0]],[[29903,30775],[-3,-1]],[[29900,30774],[-4,0]],[[29896,30774],[-6,-4]],[[29890,30770],[-3,-1]],[[29887,30769],[-1,0]],[[29886,30769],[-7,-1]],[[29879,30768],[-3,0]],[[29876,30768],[-3,-1]],[[29873,30767],[-1,0]],[[29872,30767],[-3,0]],[[29869,30767],[-4,0]],[[29865,30767],[-1,-1]],[[29864,30766],[-5,-4]],[[29859,30762],[-2,-2]],[[29857,30760],[-9,-3]],[[29848,30757],[-8,-2]],[[29840,30755],[-3,-3]],[[29837,30752],[-6,-3]],[[29831,30749],[-4,0]],[[29827,30749],[-5,0]],[[29822,30749],[-2,0]],[[29820,30749],[-11,-5]],[[29809,30744],[-13,4]],[[29796,30748],[-2,1]],[[29794,30749],[-23,-5]],[[29771,30744],[-7,2]],[[29764,30746],[-2,-4]],[[29762,30742],[-1,-1]],[[29761,30741],[-3,-1]],[[29758,30740],[-5,0]],[[29753,30740],[-14,-1]],[[29739,30739],[-8,4]],[[29731,30743],[-4,2]],[[29727,30745],[-8,-5]],[[29719,30740],[-3,-2]],[[29716,30738],[-1,-1]],[[29715,30737],[-3,-2]],[[29712,30735],[-2,1]],[[29710,30736],[-11,3]],[[29699,30739],[-5,-4]],[[29694,30735],[-2,-1]],[[29692,30734],[-1,-1]],[[29691,30733],[-4,0]],[[29687,30733],[-1,1]],[[29686,30734],[-4,0]],[[29682,30734],[-3,0]],[[29679,30734],[-8,1]],[[29671,30735],[-6,0]],[[29665,30735],[-3,0]],[[29662,30735],[-1,0]],[[29661,30735],[-11,3]],[[29650,30738],[-4,0]],[[29646,30738],[-3,-1]],[[29643,30737],[-9,-2]],[[29634,30735],[-14,1]],[[29620,30736],[-1,-1]],[[29619,30735],[-11,-13]],[[29608,30722],[-6,1]],[[29602,30723],[-11,0]],[[29591,30723],[-13,-4]],[[29578,30719],[-2,-1]],[[29576,30718],[-8,0]],[[29568,30718],[-5,-5]],[[29563,30713],[-14,-5]],[[29549,30708],[-10,-6]],[[29539,30702],[-4,0]],[[29535,30702],[-2,0]],[[29533,30702],[-18,-9]],[[29515,30693],[-11,0]],[[29504,30693],[-5,-5]],[[29499,30688],[-6,-6]],[[29493,30682],[-1,-2]],[[29492,30680],[-5,-4]],[[29487,30676],[-6,-2]],[[29481,30674],[-7,-2]],[[29474,30672],[-17,-24]],[[29457,30648],[-12,-8]],[[29445,30640],[-25,-40]],[[29420,30600],[-10,-11]],[[29410,30589],[-9,-7]],[[29401,30582],[-20,-16]],[[29381,30566],[-32,-19]],[[31846,32827],[9,-24],[41,-130],[27,-76],[23,-45],[74,-74],[25,-39],[11,-46],[41,-37],[43,-27],[3,-279],[4,-476],[2,-92]],[[16257,33883],[-20,-13],[1,-17],[36,-24],[17,14],[36,17],[16,1],[17,-14],[24,-40],[7,-22],[-4,-14],[-26,-39],[-3,-18],[7,-12],[19,-8],[33,0],[11,18],[-14,26],[3,9],[31,0],[32,-10],[56,-2],[23,8],[31,34],[24,36],[24,16],[23,-3],[32,-33],[10,-19],[5,-29],[2,-84],[8,-15],[23,-9],[16,13],[28,52],[11,0],[17,-27],[13,10]],[[13727,33638],[38,59],[-4,9],[8,37],[11,31],[2,25],[24,19],[0,32],[27,33],[-12,17],[30,1],[291,-3],[324,-6],[53,-2],[196,-4],[165,-1],[297,1],[159,1],[181,1],[67,-1],[250,-2],[120,-3],[155,-1],[148,2]],[[9419,38159],[-11,-9],[-23,-3],[-5,-13],[-33,-3],[-13,-36],[-27,-18],[11,-18],[-2,-15],[-18,-25],[-16,-1],[-15,9],[-12,-12],[15,-11],[9,-18],[-7,-12],[7,-28],[-9,-5],[25,-32],[-23,4],[-7,-14],[-22,4],[-20,-30],[-25,-4],[-15,-17],[-18,-6],[-29,-39],[-17,9],[-7,-19],[-16,2],[-12,-31],[-17,-3],[-21,-18],[22,-34],[-6,-35],[10,-27],[-18,-20],[29,-22],[-7,-35],[-11,-5],[4,-23],[-26,-44],[29,-13],[9,-20],[-5,-25],[34,-16],[41,10],[9,-7],[1,-28],[20,6],[-3,-19],[8,-61],[-13,-18],[18,-40],[29,-1],[12,-19],[3,-47],[5,-14],[-9,-15],[15,-74],[-33,-11],[-19,-13],[5,-21],[20,-22],[-23,-7],[2,-15],[25,-7],[13,-26],[-25,-26],[18,-18],[62,-5],[16,-37],[40,-8],[-11,-23],[2,-19],[-37,-15],[-25,-34],[-18,-39],[-13,-49],[-9,-9],[-27,-7],[-27,36],[-10,-53],[-15,-19],[2,-27],[-19,-10],[-20,-60],[-20,-11],[-20,4],[-15,-16],[-24,-10],[-85,19],[-3,15],[-16,8],[-39,-10],[-19,6],[-31,-3],[-31,-22],[-26,-4],[-11,-22],[-30,-3],[-22,-24],[-32,-15],[-25,-38],[15,-13],[0,-18],[-19,-27],[-14,-34],[-19,-21],[1,-56],[3,-42]],[[8638,36220],[1,-12]],[[8639,36208],[-8,-351],[-3,-107]],[[8628,35750],[0,-9]],[[8628,35741],[1,-13]],[[8629,35728],[-5,-156]],[[8624,35572],[0,-7]],[[8624,35565],[0,-4]],[[8624,35561],[0,-8]],[[8624,35553],[0,-6]],[[8624,35547],[-1,-21]],[[8623,35526],[0,-6]],[[8623,35520],[0,-8]],[[8623,35512],[0,-7]],[[8623,35505],[-1,-27]],[[6510,36154],[0,8]],[[6510,36162],[0,22]],[[6510,36184],[1,11]],[[6511,36195],[0,1]],[[6511,36196],[0,1]],[[6511,36197],[0,1]],[[6511,36198],[0,2]],[[6511,36200],[0,5]],[[6511,36205],[0,3]],[[6511,36208],[0,2]],[[6511,36210],[0,4]],[[6511,36214],[0,1]],[[6511,36215],[0,6]],[[6511,36221],[0,2]],[[6511,36223],[1,52]],[[6512,36275],[1,19]],[[6513,36294],[4,111]],[[6517,36405],[3,87]],[[6520,36492],[1,36]],[[6521,36528],[2,68]],[[6523,36596],[1,8]],[[6524,36604],[0,16]],[[6524,36620],[1,5]],[[6525,36625],[0,12]],[[6525,36637],[1,45]],[[6526,36682],[1,19]],[[6527,36701],[-1,2]],[[6526,36703],[0,13]],[[6526,36716],[4,146]],[[6530,36862],[0,2]],[[6530,36864],[2,22]],[[6532,36886],[1,97],[0,81]],[[6533,37064],[1,227]],[[6534,37291],[1,16]],[[6535,37307],[1,24]],[[6536,37331],[0,10]],[[6536,37341],[0,12]],[[6536,37353],[0,11]],[[6536,37364],[3,284]],[[6539,37648],[-1,30]],[[6538,37678],[-1,13]],[[6537,37691],[0,6]],[[6537,37697],[3,84],[1,127],[-3,132]],[[6538,38040],[-1,63],[2,79]],[[6539,38182],[1,93]],[[6540,38275],[0,42]],[[6540,38317],[-1,121]],[[6539,38438],[-1,12]],[[6538,38450],[0,6]],[[6538,38456],[2,35]],[[6540,38491],[3,109],[1,237]],[[6544,38837],[1,81]],[[6545,38918],[3,250]],[[6548,39168],[4,66]],[[6552,39234],[2,182]],[[6554,39416],[1,93]],[[6555,39509],[0,150]],[[6555,39659],[0,13]],[[6555,39672],[1,115]],[[6556,39787],[0,8]],[[6556,39795],[0,23]],[[6556,39818],[0,140]],[[8416,39952],[-4,-516],[-2,-110],[1,-23],[-1,-120],[-5,-199],[-1,-168],[-2,-122],[2,-245],[-1,-281],[198,-1],[38,-2],[332,-4],[301,-1],[48,-2],[99,1]],[[30198,27390],[-8,-2]],[[30190,27388],[-42,0]],[[30148,27388],[-19,0]],[[30129,27388],[-9,0]],[[30120,27388],[-95,1]],[[30025,27389],[-10,0]],[[30015,27389],[-27,0]],[[29988,27389],[-6,0]],[[29982,27389],[-3,0]],[[29979,27389],[-4,0]],[[29975,27389],[-2,0]],[[29973,27389],[-19,0]],[[29954,27389],[-5,0]],[[29949,27389],[-41,0]],[[29908,27389],[-24,0]],[[26825,27913],[0,5]],[[26825,27918],[1,10]],[[26826,27928],[0,1]],[[26826,27929],[2,39]],[[26828,27968],[0,10]],[[26828,27978],[-2,170],[-1,187]],[[26825,28335],[-1,110]],[[26824,28445],[5,118]],[[26829,28563],[1,39]],[[26830,28602],[0,21]],[[26830,28623],[0,6]],[[26830,28629],[0,32]],[[26830,28661],[0,25]],[[26830,28686],[0,12]],[[26830,28698],[0,10]],[[26830,28708],[0,31]],[[26830,28739],[0,9]],[[26830,28748],[0,8]],[[26830,28756],[0,8]],[[26830,28764],[-1,198]],[[26829,28962],[38,0]],[[26867,28962],[7,0]],[[26874,28962],[64,1]],[[26938,28963],[3,-1]],[[26941,28962],[184,2]],[[27125,28964],[97,1]],[[27222,28965],[3,0]],[[27225,28965],[4,0]],[[27229,28965],[7,0]],[[27236,28965],[1,0]],[[27237,28965],[10,0]],[[27247,28965],[5,0]],[[27252,28965],[76,1]],[[27328,28966],[7,0]],[[27335,28966],[85,1]],[[27420,28967],[1,0]],[[27421,28967],[1,0]],[[27422,28967],[99,1]],[[27521,28968],[-1,50]],[[27520,29018],[1,22]],[[27521,29040],[-3,126]],[[27518,29166],[0,2]],[[27518,29168],[-1,48]],[[27517,29216],[-3,143]],[[27514,29359],[-2,143]],[[27512,29502],[-1,81]],[[27511,29583],[0,7]],[[27511,29590],[0,25]],[[27511,29615],[0,35]],[[27511,29650],[0,26]],[[27511,29676],[-1,177]],[[27510,29853],[0,3]],[[27510,29856],[0,11]],[[27510,29867],[0,8]],[[27510,29875],[0,6]],[[27510,29881],[0,4]],[[27510,29885],[-1,108]],[[27509,29993],[0,6]],[[27509,29999],[0,1]],[[27509,30000],[0,18]],[[27509,30018],[0,3]],[[27509,30021],[0,8]],[[27509,30029],[0,8]],[[27509,30037],[1,69]],[[27510,30106],[0,4]],[[27510,30110],[0,10]],[[27510,30120],[0,7]],[[27510,30127],[0,11]],[[27510,30138],[0,6]],[[27510,30144],[-1,142]],[[27509,30286],[-7,1]],[[27502,30287],[1,63],[0,180]],[[27503,30530],[1,99]],[[27504,30629],[0,4]],[[27504,30633],[565,-4],[68,-1],[374,0],[18,-10],[4,-18],[-20,-15],[32,-39],[3,-26],[15,2],[-7,22],[17,8],[8,-16],[27,-33],[38,-19],[7,-25],[-4,-16],[-25,-7],[-28,16],[30,25],[-15,18],[-15,-13],[-27,-1],[-40,22],[-25,-24],[-7,-19],[17,-32],[16,-15],[-7,-27],[2,-32],[-7,-18],[3,-32],[16,-21],[42,-13],[18,-27],[27,-6],[55,2],[27,7],[23,-4],[2,14],[26,10],[29,-8],[20,3],[17,-16],[24,28],[13,-60],[28,8],[15,19],[-25,12],[23,32],[18,15],[9,20],[12,4],[26,-17],[18,-20],[36,-3],[3,21],[21,3],[21,19]],[[31321,29640],[2,-7]],[[31323,29633],[5,-19]],[[31328,29614],[3,-7]],[[31331,29607],[9,-24]],[[31340,29583],[4,-12]],[[31344,29571],[4,-11]],[[31348,29560],[2,-5]],[[31350,29555],[2,-5]],[[31352,29550],[4,-9]],[[31356,29541],[2,-3]],[[31358,29538],[2,-3]],[[31360,29535],[0,-2]],[[31360,29533],[2,-3]],[[31362,29530],[4,-6]],[[31366,29524],[2,-2]],[[31368,29522],[4,-4]],[[31372,29518],[1,-2]],[[31373,29516],[4,-4]],[[31377,29512],[2,-2]],[[31379,29510],[11,-11]],[[31390,29499],[14,-8]],[[31404,29491],[5,-2]],[[31409,29489],[15,-1]],[[31424,29488],[3,-2]],[[31427,29486],[4,-2]],[[31431,29484],[17,4]],[[31448,29488],[6,1]],[[31454,29489],[5,-7]],[[31459,29482],[5,-7]],[[31464,29475],[1,-2]],[[31465,29473],[8,-6]],[[31473,29467],[1,-3]],[[31474,29464],[4,-9]],[[31478,29455],[14,-26]],[[31492,29429],[0,-12]],[[31492,29417],[1,-3]],[[31493,29414],[3,-11]],[[31496,29403],[5,-9]],[[31501,29394],[1,-1]],[[31502,29393],[2,-5]],[[31504,29388],[0,-1]],[[31504,29387],[1,-3]],[[31505,29384],[4,-10]],[[31509,29374],[14,-23]],[[31523,29351],[2,-4]],[[31525,29347],[1,-1]],[[31526,29346],[0,-42]],[[31526,29304],[0,-1]],[[31526,29303],[0,-1]],[[31526,29302],[1,-118]],[[31527,29184],[0,-1]],[[31527,29183],[2,-245]],[[31529,28938],[5,-489]],[[31534,28449],[8,-471],[1,-47]],[[31543,27931],[-12,0]],[[31531,27931],[-2,0]],[[31529,27931],[-93,0]],[[31436,27931],[0,-294]],[[31436,27637],[0,-66]],[[31436,27571],[2,-140]],[[31438,27431],[0,-15]],[[31438,27416],[0,-25]],[[31438,27391],[-121,-2]],[[31317,27389],[-46,1]],[[31271,27390],[-29,-1]],[[31242,27389],[-25,1]],[[31217,27390],[-18,1]],[[31199,27391],[-47,3]],[[31152,27394],[-32,1]],[[31120,27395],[-23,0]],[[31097,27395],[-2,0]],[[31095,27395],[-34,0]],[[31061,27395],[-8,0]],[[31053,27395],[-16,0]],[[31037,27395],[-51,0]],[[30986,27395],[-25,0]],[[30961,27395],[-64,-1]],[[30897,27394],[-125,0]],[[30772,27394],[-200,1]],[[30572,27395],[-99,0]],[[30473,27395],[-1,-7]],[[30472,27388],[-66,-1]],[[30406,27387],[-105,4],[-44,-2]],[[30257,27389],[-59,1]],[[32810,23606],[30,0]],[[32858,23606],[1,0]],[[32859,23606],[28,0]],[[32887,23606],[388,1]],[[33275,23607],[87,0]],[[33362,23607],[15,0]],[[33377,23607],[154,0]],[[33531,23607],[4,0]],[[33535,23607],[39,0]],[[33574,23607],[4,1]],[[33578,23608],[65,0]],[[33643,23608],[3,0]],[[33646,23608],[36,0]],[[33682,23608],[1,0]],[[33683,23608],[110,0]],[[33793,23608],[194,0]],[[33987,23608],[2,0]],[[33989,23608],[416,0]],[[35571,19246],[-362,0],[-231,1],[-70,-2]],[[34908,19245],[-125,0]],[[34783,19245],[-21,0]],[[34762,19245],[-204,1]],[[34558,19246],[-15,1]],[[34543,19247],[-218,3]],[[34325,19250],[-169,2]],[[34156,19252],[-1,0]],[[31936,17383],[-35,0]],[[31901,17383],[-394,0],[-54,-1]],[[31453,17382],[-31,0]],[[31422,17382],[-93,-1]],[[31329,17381],[-164,-1]],[[31165,17380],[-4,0]],[[31161,17380],[-52,0]],[[31109,17380],[-15,0]],[[31094,17380],[-39,0]],[[31055,17380],[-391,-1]],[[30664,17379],[-122,0]],[[30542,17379],[-1,0]],[[30541,17379],[-62,0]],[[30479,17379],[-94,1]],[[30385,17380],[0,-22]],[[30385,17358],[-145,2],[-337,2]],[[29903,17362],[-218,1],[-336,5]],[[29349,17368],[1,361],[1,193],[0,278]],[[29351,18200],[0,1]],[[29351,18201],[0,8]],[[29351,18209],[2,160],[2,365]],[[29355,18734],[1,161]],[[29356,18895],[0,61]],[[29356,18956],[0,186],[1,130]],[[25472,22524],[39,-1]],[[25511,22523],[9,2]],[[25520,22525],[3,0]],[[25523,22525],[25,0]],[[25548,22525],[26,0]],[[25574,22525],[41,0]],[[25615,22525],[3,0]],[[25618,22525],[6,0]],[[25624,22525],[14,0]],[[25638,22525],[12,0]],[[25650,22525],[2,0]],[[25652,22525],[8,0]],[[25660,22525],[35,1]],[[25695,22526],[1,-2]],[[25696,22524],[110,3]],[[25806,22527],[4,0]],[[25810,22527],[24,0]],[[25834,22527],[8,0]],[[25842,22527],[5,0]],[[25847,22527],[7,0]],[[25854,22527],[46,0]],[[25900,22527],[65,0]],[[25965,22527],[36,0]],[[26001,22527],[55,0]],[[26056,22527],[39,1]],[[26095,22528],[12,0]],[[26107,22528],[95,-1]],[[34155,19252],[-10,-25],[14,-36],[-7,-26],[9,-8],[-11,-60],[-8,-7],[22,-56],[0,-41],[-17,-25],[-27,-1],[-6,-15],[-28,-20],[3,-24],[-16,-25],[-4,-31],[7,-27],[-18,5],[-40,-12],[0,-15],[-15,-17],[3,-10],[-23,-11],[-10,-38],[-30,-4],[-13,8],[-29,-14],[3,-17],[-42,-32],[-12,-16],[-30,8],[3,-28],[15,-21],[-37,-28],[-8,-23],[1,-39],[17,-43],[17,-18],[18,6],[13,-35],[-21,-39],[5,-20],[-12,-23],[-8,-42],[20,-5],[12,-20],[37,-7],[18,-17],[14,-3],[14,12],[32,-37],[0,-18],[27,-34],[4,-43],[14,-18],[12,1],[16,-14],[47,-20],[11,-34],[40,-23],[17,-32],[4,-23],[10,-12],[-11,-33],[5,-24],[-10,-51],[-9,-5],[29,-45],[19,1],[56,-39],[-11,-11],[10,-24],[-5,-19],[20,-24],[17,3],[23,-33],[42,-11],[20,1],[18,-26],[41,30],[19,-1],[34,9],[38,-16],[27,-2],[25,-18],[25,-39],[31,-5],[16,-18],[-14,-22],[16,-20],[31,4],[16,-4],[8,-15],[29,-19],[-9,-12],[19,-9],[5,-13],[-11,-24],[-17,3],[-35,-10],[4,-18],[-18,-14],[-4,-24],[11,-33],[33,-14],[39,-37],[-14,-13],[13,-22],[5,-30],[13,-19],[-12,-7],[3,-21],[22,-24],[20,-7],[71,3],[17,5],[5,-23],[16,-2],[12,-17],[-4,-25],[8,-30],[1,-28],[-10,-4],[3,-24],[-1,-35],[-12,-25],[12,-3],[-1,-26],[8,-41],[16,-7],[7,-30],[33,-10],[13,-11],[17,-3],[-15,-26],[9,-28],[-12,-42],[12,5],[31,-40],[25,-46],[34,-11],[3,9],[35,10],[10,27],[13,-2],[37,-36],[13,-29],[0,-23],[15,-18]],[[35215,16550],[-111,30],[-216,0],[-356,-2],[-257,-3],[-261,-2],[4,-543],[-224,-3],[-299,-1],[1,-67],[2,-481],[-346,0],[0,45],[-47,0],[-4,-46],[-233,1],[-244,2],[-162,2],[-171,0],[-347,4]],[[27281,17679],[2,0]],[[27283,17679],[6,0]],[[27289,17679],[2,-15]],[[27291,17664],[8,0]],[[27299,17664],[21,0]],[[27320,17664],[43,1]],[[27363,17665],[42,0]],[[27405,17665],[2,0]],[[27407,17665],[6,0]],[[27413,17665],[34,0]],[[27447,17665],[3,0]],[[27450,17665],[98,1]],[[27548,17666],[19,1]],[[27567,17667],[14,1]],[[27581,17668],[90,-1]],[[27671,17667],[115,-1]],[[27786,17666],[12,0]],[[27798,17666],[20,0]],[[27818,17666],[174,-2],[87,1],[153,0]],[[28232,17665],[1,0]],[[28233,17665],[83,-1]],[[28316,17664],[-1,-85]],[[28315,17579],[-1,-49]],[[28314,17530],[-2,-320],[-1,-78]],[[28311,17132],[1,-4]],[[28312,17128],[0,-55]],[[28312,17073],[-1,-3]],[[28311,17070],[0,-1]],[[28311,17069],[0,-1]],[[28311,17068],[-1,-210]],[[28310,16858],[0,-5]],[[28310,16853],[0,-30]],[[28310,16823],[-1,-254]],[[28309,16569],[547,-4]],[[28856,16565],[42,0]],[[28898,16565],[18,0]],[[28916,16565],[7,0]],[[28923,16565],[63,-2],[63,1]],[[29049,16564],[21,0]],[[29070,16564],[75,-1]],[[29145,16563],[201,-1]],[[29346,16562],[-1,-24]],[[29345,16538],[-1,-83]],[[29344,16455],[-1,-78],[-3,-263]],[[29340,16114],[0,-62]],[[29340,16052],[1,-34]],[[29341,16018],[-1,-268]],[[29340,15750],[0,-255]],[[34367,30274],[-3,1]],[[34364,30275],[-12,-1]],[[34352,30274],[-4,0]],[[34348,30274],[-7,0]],[[34341,30274],[-1,0]],[[34340,30274],[-1,0]],[[34339,30274],[-2,0]],[[34337,30274],[-14,0]],[[34323,30274],[-42,-14]],[[34281,30260],[-58,-19]],[[34223,30241],[-8,-2]],[[34215,30239],[-18,-6]],[[34197,30233],[-76,-22]],[[34121,30211],[1,-2]],[[34122,30209],[0,-4]],[[34122,30205],[2,-5]],[[34124,30200],[0,-15]],[[34124,30185],[0,-5]],[[34124,30180],[-19,-2]],[[34105,30178],[-10,-2]],[[34095,30176],[-12,-1]],[[34083,30175],[3,-45]],[[34086,30130],[0,-3]],[[34086,30127],[1,-13]],[[34087,30114],[1,-2]],[[34088,30112],[0,-1]],[[34088,30111],[0,-7]],[[34088,30104],[2,-24]],[[34090,30080],[0,-1]],[[34090,30079],[0,-4]],[[34090,30075],[0,-11]],[[34090,30064],[4,-62]],[[34094,30002],[4,-97]],[[34098,29905],[2,-83]],[[34100,29822],[1,-12]],[[34101,29810],[0,-3]],[[34101,29807],[-1,-6]],[[34100,29801],[0,-8]],[[34100,29793],[1,-16]],[[34101,29777],[0,-1]],[[34101,29776],[2,-71]],[[34103,29705],[1,-48]],[[34104,29657],[1,-34]],[[34105,29623],[0,-1]],[[34105,29622],[7,-282]],[[34112,29340],[1,-17]],[[34113,29323],[0,-16]],[[34113,29307],[1,-28]],[[34114,29279],[-1,0]],[[34113,29279],[-7,0]],[[34106,29279],[-233,-7]],[[33873,29272],[-22,-3]],[[33851,29269],[-44,0]],[[33807,29269],[-5,-2]],[[33802,29267],[-20,0]],[[33782,29267],[-195,-4]],[[33587,29263],[-92,-1]],[[33495,29262],[-5,0]],[[33490,29262],[-21,-1]],[[33469,29261],[-65,-1]],[[33404,29260],[-236,-4]],[[33168,29256],[-5,0]],[[33163,29256],[-14,0]],[[33149,29256],[-156,-4]],[[32993,29252],[-194,-2]],[[32799,29250],[-10,0]],[[32789,29250],[-29,-1]],[[32760,29249],[-52,0]],[[32708,29249],[-2,51]],[[32706,29300],[-6,216],[-2,149],[-6,242],[-2,198]],[[32690,30105],[-9,4]],[[32681,30109],[-3,1]],[[32678,30110],[0,-2]],[[32678,30108],[-8,-16]],[[32670,30092],[-1,-1]],[[32669,30091],[-11,-3]],[[32658,30088],[-14,1]],[[32644,30089],[-6,8]],[[32638,30097],[-1,1]],[[32637,30098],[-5,7]],[[32632,30105],[-9,1]],[[32623,30106],[-1,-1]],[[32622,30105],[-2,-1]],[[32620,30104],[-2,-1]],[[32618,30103],[-1,0]],[[32617,30103],[3,-5]],[[32149,31482],[153,1]],[[32302,31483],[69,2]],[[32371,31485],[122,2]],[[32493,31487],[182,5]],[[32675,31492],[284,6]],[[32959,31498],[240,3]],[[33199,31501],[-2,172]],[[33197,31673],[31,-13],[45,-56],[21,3],[17,40],[26,12],[39,-10],[9,10],[38,-1],[27,11],[10,25],[62,58],[12,18],[14,-10],[-1,-19],[23,-17],[22,-1],[11,-15],[51,22],[35,9],[19,40],[75,1]],[[35536,10701],[0,2]],[[35536,10703],[-7,356],[-1,75]],[[35528,11134],[0,27]],[[35625,23604],[-20,17]],[[35605,23621],[-11,14]],[[35594,23635],[-16,29]],[[35578,23664],[-11,27]],[[35567,23691],[0,16]],[[35567,23707],[7,16]],[[35574,23723],[-1,18]],[[35573,23741],[-5,7]],[[35568,23748],[-9,15]],[[35559,23763],[-7,0]],[[35552,23763],[-1,-1]],[[35551,23762],[-5,-5]],[[35546,23757],[-8,1]],[[35538,23758],[-5,8]],[[35533,23766],[1,7]],[[35534,23773],[-7,-2]],[[35527,23771],[-2,6]],[[35525,23777],[11,8]],[[35536,23785],[1,18]],[[35537,23803],[0,4]],[[35537,23807],[-7,1]],[[35530,23808],[-3,1]],[[35527,23809],[-5,8]],[[35522,23817],[-17,17]],[[35505,23834],[-14,5]],[[35491,23839],[1,10]],[[35492,23849],[1,5]],[[35493,23854],[-4,13]],[[35489,23867],[-5,14]],[[35484,23881],[0,5]],[[35484,23886],[9,3]],[[35493,23889],[4,6]],[[35497,23895],[1,11]],[[35498,23906],[6,-1]],[[35504,23905],[6,-2]],[[35510,23903],[0,16]],[[35510,23919],[-8,4]],[[35502,23923],[-2,6]],[[35500,23929],[6,14]],[[35506,23943],[-5,9]],[[35501,23952],[4,9]],[[35505,23961],[3,6]],[[35508,23967],[7,1]],[[35515,23968],[3,0]],[[35518,23968],[1,11]],[[35519,23979],[-9,3]],[[35510,23982],[-1,5]],[[35509,23987],[-1,8]],[[35508,23995],[-15,13]],[[35493,24008],[-1,11]],[[35492,24019],[-1,7]],[[35491,24026],[-2,0]],[[35489,24026],[-13,2]],[[35476,24028],[-4,10]],[[35472,24038],[-2,5]],[[35470,24043],[-9,3]],[[35461,24046],[-2,1]],[[35459,24047],[-3,-6]],[[35456,24041],[-8,3]],[[35448,24044],[1,3]],[[35449,24047],[1,4]],[[35450,24051],[3,5]],[[35453,24056],[-1,15]],[[35452,24071],[-2,0]],[[35450,24071],[-4,1]],[[35446,24072],[1,5]],[[35447,24077],[1,6]],[[35448,24083],[-12,7]],[[35436,24090],[6,1]],[[35442,24091],[3,0]],[[35445,24091],[1,11]],[[35446,24102],[-5,9]],[[35441,24111],[-3,13]],[[35438,24124],[-2,0]],[[35436,24124],[-3,0]],[[35433,24124],[-4,-1]],[[35429,24123],[-6,10]],[[35423,24133],[6,2]],[[35429,24135],[4,0]],[[35433,24135],[3,9]],[[35436,24144],[9,3]],[[35445,24147],[-3,4]],[[35442,24151],[-3,3]],[[35439,24154],[7,4]],[[35446,24158],[2,1]],[[35448,24159],[1,0]],[[35449,24159],[1,-2]],[[35450,24157],[3,-4]],[[35453,24153],[2,3]],[[35455,24156],[5,6]],[[35460,24162],[-3,4]],[[35457,24166],[2,6]],[[35459,24172],[2,8]],[[35461,24180],[0,2]],[[35461,24182],[5,5]],[[35466,24187],[-4,13]],[[35462,24200],[9,4]],[[35471,24204],[10,4]],[[35481,24208],[-9,24]],[[35472,24232],[-10,10]],[[35462,24242],[-10,2]],[[35452,24244],[-8,11]],[[35444,24255],[0,6]],[[35444,24261],[1,6]],[[35445,24267],[-7,2]],[[35438,24269],[4,16]],[[35442,24285],[2,-2]],[[35444,24283],[4,-4]],[[35448,24279],[5,8]],[[35453,24287],[7,0]],[[35460,24287],[4,12]],[[35464,24299],[-1,0]],[[35463,24299],[-4,-1]],[[35459,24298],[-2,13]],[[35457,24311],[-4,5]],[[35453,24316],[-2,3]],[[35451,24319],[6,0]],[[35457,24319],[8,1]],[[35465,24320],[0,1]],[[35465,24321],[3,7]],[[35468,24328],[-6,0]],[[35462,24328],[-2,0]],[[35460,24328],[-1,1]],[[35459,24329],[-2,5]],[[35457,24334],[2,9]],[[35459,24343],[19,8]],[[35478,24351],[-1,-4]],[[35477,24347],[0,-5]],[[35477,24342],[7,-2]],[[35484,24340],[12,11]],[[35496,24351],[4,7]],[[35500,24358],[3,-2]],[[35503,24356],[7,-3]],[[35510,24353],[0,1]],[[35510,24354],[1,1]],[[35511,24355],[1,3]],[[35512,24358],[9,0]],[[35521,24358],[5,5]],[[35526,24363],[3,-8]],[[35529,24355],[1,-4]],[[35530,24351],[6,-1]],[[35536,24350],[1,8]],[[35537,24358],[14,6]],[[35551,24364],[2,0]],[[35553,24364],[4,2]],[[35557,24366],[-3,-8]],[[35554,24358],[6,-4]],[[35560,24354],[7,7]],[[35567,24361],[1,1]],[[35568,24362],[5,6]],[[35573,24368],[7,-2]],[[35580,24366],[3,6]],[[35583,24372],[-13,20]],[[35570,24392],[-3,6]],[[35567,24398],[-2,2]],[[35565,24400],[2,12]],[[35567,24412],[2,1]],[[35569,24413],[2,1]],[[35571,24414],[-1,2]],[[35570,24416],[-4,9]],[[35566,24425],[3,11]],[[35569,24436],[-9,8]],[[35560,24444],[-1,8]],[[35559,24452],[-1,7]],[[35558,24459],[-11,3]],[[35547,24462],[-2,0]],[[35545,24462],[4,10]],[[35549,24472],[3,1]],[[35552,24473],[8,3]],[[35560,24476],[-4,9]],[[35556,24485],[-11,-2]],[[35545,24483],[-10,3]],[[35535,24486],[-1,5]],[[35534,24491],[-8,1]],[[35526,24492],[-5,2]],[[35521,24494],[-8,20]],[[35513,24514],[4,8]],[[35517,24522],[12,3]],[[35529,24525],[6,6]],[[35535,24531],[0,7]],[[35535,24538],[-1,15]],[[35534,24553],[-2,5]],[[35532,24558],[-2,7]],[[35530,24565],[-2,6]],[[35528,24571],[-11,2]],[[35517,24573],[0,2]],[[35517,24575],[-1,2]],[[35516,24577],[-3,10]],[[35513,24587],[0,1]],[[35513,24588],[-5,15]],[[35508,24603],[-4,7]],[[35504,24610],[-7,3]],[[35497,24613],[-17,6]],[[35480,24619],[-17,0]],[[35463,24619],[-7,-11]],[[35456,24608],[-8,-4]],[[35448,24604],[-11,2]],[[35437,24606],[-7,11]],[[35430,24617],[-4,-2]],[[35426,24615],[-7,-4]],[[35419,24611],[-3,1]],[[35416,24612],[-3,2]],[[35413,24614],[-4,-1]],[[35409,24613],[-4,-2]],[[35405,24611],[-9,6]],[[35396,24617],[-1,1]],[[35395,24618],[5,7]],[[35400,24625],[-3,2]],[[35397,24627],[-5,4]],[[35392,24631],[1,7]],[[35393,24638],[8,11]],[[35401,24649],[-3,9]],[[35398,24658],[-10,0]],[[35388,24658],[4,14]],[[35392,24672],[-4,3]],[[35388,24675],[-3,2]],[[35385,24677],[-8,4]],[[35377,24681],[-5,-3]],[[35372,24678],[-1,0]],[[35371,24678],[-7,8]],[[35364,24686],[4,2]],[[35368,24688],[6,3]],[[35374,24691],[-1,1]],[[35373,24692],[-2,4]],[[35371,24696],[-2,2]],[[35369,24698],[-6,-3]],[[35363,24695],[-7,-3]],[[35356,24692],[-11,-5]],[[35345,24687],[-1,0]],[[35344,24687],[-7,1]],[[35337,24688],[-16,14]],[[35321,24702],[-2,17]],[[35319,24719],[0,5]],[[35319,24724],[-3,6]],[[35316,24730],[-7,13]],[[35309,24743],[-3,5]],[[35306,24748],[-1,1]],[[35305,24749],[-1,1]],[[35304,24750],[-3,1]],[[35301,24751],[-16,-3]],[[35285,24748],[-7,2]],[[35278,24750],[-16,15]],[[35262,24765],[-4,-6]],[[35258,24759],[-6,-7]],[[35252,24752],[-9,9]],[[35243,24761],[-2,11]],[[35241,24772],[-7,-1]],[[35234,24771],[-1,-4]],[[35233,24767],[-2,-6]],[[35231,24761],[-9,3]],[[35222,24764],[0,6]],[[35222,24770],[2,20]],[[35224,24790],[-3,8]],[[35221,24798],[3,8]],[[35224,24806],[9,-1]],[[35233,24805],[10,-2]],[[35243,24803],[3,-6]],[[35246,24797],[9,3]],[[35255,24800],[6,11]],[[35261,24811],[-1,1]],[[35260,24812],[-3,4]],[[35257,24816],[-1,1]],[[35256,24817],[-4,4]],[[35252,24821],[-3,2]],[[35249,24823],[1,18]],[[35250,24841],[4,13]],[[35254,24854],[3,9]],[[35257,24863],[1,2]],[[35258,24865],[-4,2]],[[35254,24867],[-2,1]],[[35252,24868],[0,7]],[[35252,24875],[-1,11]],[[35251,24886],[7,3]],[[35258,24889],[4,2]],[[35262,24891],[-9,17]],[[35253,24908],[-3,5]],[[35250,24913],[13,4]],[[35263,24917],[0,1]],[[35263,24918],[-3,10]],[[35260,24928],[11,9]],[[35271,24937],[-4,4]],[[35267,24941],[-1,1]],[[35266,24942],[-3,3]],[[35263,24945],[-2,1]],[[35261,24946],[0,8]],[[35261,24954],[0,3]],[[35261,24957],[-5,4]],[[35256,24961],[-4,3]],[[35252,24964],[-1,4]],[[35251,24968],[0,1]],[[35251,24969],[-2,6]],[[35249,24975],[-1,1]],[[35248,24976],[-1,1]],[[35247,24977],[-2,2]],[[35245,24979],[-4,5]],[[35241,24984],[-3,4]],[[35238,24988],[-5,-3]],[[35233,24985],[0,-1]],[[35233,24984],[-5,5]],[[35228,24989],[-5,5]],[[35223,24994],[-1,1]],[[35222,24995],[-5,10]],[[35217,25005],[3,3]],[[35220,25008],[4,3]],[[35224,25011],[-3,2]],[[35221,25013],[-1,0]],[[35220,25013],[0,1]],[[35220,25014],[-2,1]],[[35218,25015],[-1,5]],[[35217,25020],[0,9]],[[35217,25029],[-3,0]],[[35214,25029],[-3,1]],[[35211,25030],[-6,10]],[[35205,25040],[-7,1]],[[35198,25041],[-1,0]],[[35197,25041],[2,7]],[[35199,25048],[-4,9]],[[35195,25057],[-7,1]],[[35188,25058],[5,5]],[[35193,25063],[1,1]],[[35194,25064],[-6,4]],[[35188,25068],[-3,1]],[[35185,25069],[-2,2]],[[35183,25071],[-2,0]],[[35181,25071],[5,7]],[[35186,25078],[-2,6]],[[35184,25084],[-1,1]],[[35183,25085],[-1,0]],[[35182,25085],[-1,1]],[[35181,25086],[7,-5]],[[35188,25081],[1,-1]],[[35189,25080],[1,6]],[[35190,25086],[2,6]],[[35192,25092],[0,3]],[[35192,25095],[1,1]],[[35193,25096],[4,0]],[[35197,25096],[2,9]],[[35199,25105],[-3,5]],[[35196,25110],[-4,6]],[[35192,25116],[7,3]],[[35199,25119],[2,6]],[[35201,25125],[-6,5]],[[35195,25130],[-9,8]],[[35186,25138],[-8,-1]],[[35178,25137],[5,7]],[[35183,25144],[1,3]],[[35184,25147],[-3,2]],[[35181,25149],[-8,4]],[[35173,25153],[-3,2]],[[35170,25155],[-1,0]],[[35169,25155],[0,11]],[[35169,25166],[-5,-4]],[[35164,25162],[-1,0]],[[35163,25162],[-1,1]],[[35162,25163],[-6,4]],[[35156,25167],[-6,4]],[[35150,25171],[6,6]],[[35156,25177],[0,2]],[[35156,25179],[-1,7]],[[35155,25186],[0,4]],[[35155,25190],[-6,2]],[[35149,25192],[-5,2]],[[35144,25194],[-4,-7]],[[35140,25187],[-4,0]],[[35136,25187],[-4,1]],[[35132,25188],[0,-4]],[[35132,25184],[-2,-8]],[[35130,25176],[-16,6]],[[35114,25182],[-2,11]],[[35112,25193],[0,1]],[[35112,25194],[0,1]],[[35112,25195],[-6,3]],[[35106,25198],[-7,-1]],[[35099,25197],[-6,-1]],[[35093,25196],[-5,-4]],[[35088,25192],[-2,-1]],[[35086,25191],[-3,2]],[[35083,25193],[-6,2]],[[35077,25195],[-1,0]],[[35076,25195],[-2,1]],[[35074,25196],[-1,-3]],[[35073,25193],[-1,-3]],[[35072,25190],[-8,6]],[[35064,25196],[0,3]],[[35064,25199],[0,3]],[[35064,25202],[0,6]],[[35064,25208],[0,8]],[[35064,25216],[-3,0]],[[35061,25216],[-3,1]],[[35058,25217],[-1,5]],[[35057,25222],[1,8]],[[35058,25230],[-2,3]],[[35056,25233],[-8,2]],[[35048,25235],[-3,-1]],[[35045,25234],[-3,-5]],[[35042,25229],[-5,-11]],[[35037,25218],[-5,-5]],[[35032,25213],[-13,8]],[[35019,25221],[-4,-1]],[[35015,25220],[-6,0]],[[35009,25220],[-5,5]],[[35004,25225],[1,3]],[[35005,25228],[0,4]],[[35005,25232],[-10,-3]],[[34995,25229],[-6,-2]],[[34989,25227],[0,1]],[[34989,25228],[-4,15]],[[34985,25243],[-3,-8]],[[34982,25235],[-7,2]],[[34975,25237],[-5,7]],[[23504,29419],[11,3]],[[23515,29422],[18,47]],[[23533,29469],[18,34]],[[23551,29503],[10,7]],[[23561,29510],[11,6]],[[23572,29516],[17,7]],[[23589,29523],[14,14]],[[23603,29537],[10,22]],[[23613,29559],[5,20]],[[23618,29579],[7,27]],[[23625,29606],[3,15]],[[23628,29621],[7,8]],[[23635,29629],[13,9]],[[23648,29638],[18,-4]],[[23666,29634],[19,-8]],[[23685,29626],[1,0]],[[23686,29626],[13,-8]],[[23699,29618],[6,-9]],[[23705,29609],[48,-14]],[[23753,29595],[18,1]],[[23771,29596],[17,5]],[[23788,29601],[2,25]],[[23790,29626],[12,21],[30,0],[6,9]],[[23838,29656],[3,10]],[[23841,29666],[7,19]],[[23848,29685],[2,11]],[[23850,29696],[12,21]],[[23862,29717],[21,-6]],[[23883,29711],[13,-22]],[[23896,29689],[11,3]],[[23907,29692],[43,44]],[[23950,29736],[27,7]],[[23977,29743],[16,9]],[[23993,29752],[29,9]],[[24022,29761],[36,27]],[[24058,29788],[6,7]],[[24064,29795],[-5,20]],[[24059,29815],[-26,-1]],[[24033,29814],[-19,2]],[[24014,29816],[-11,6]],[[24003,29822],[0,9]],[[24003,29831],[8,13]],[[24011,29844],[25,15]],[[24036,29859],[13,12]],[[24049,29871],[6,15]],[[24055,29886],[-20,26]],[[24035,29912],[-2,15]],[[24033,29927],[9,19]],[[24042,29946],[23,18]],[[24065,29964],[18,9]],[[24083,29973],[18,1]],[[24101,29974],[25,4]],[[24126,29978],[15,9]],[[24141,29987],[2,1]],[[24143,29988],[17,16]],[[24160,30004],[1,1]],[[24161,30005],[7,11]],[[24168,30016],[25,18]],[[24193,30034],[11,15]],[[24204,30049],[2,7]],[[24206,30056],[-3,31]],[[24203,30087],[1,1]],[[24204,30088],[5,7]],[[24209,30095],[9,1]],[[24218,30096],[30,-7]],[[24248,30089],[12,9]],[[24260,30098],[2,5]],[[24262,30103],[-6,10]],[[24256,30113],[-10,29]],[[24246,30142],[4,22]],[[24250,30164],[17,15]],[[24267,30179],[-2,17]],[[24265,30196],[-7,7]],[[24258,30203],[-13,6]],[[24245,30209],[-5,7]],[[24240,30216],[1,8]],[[24241,30224],[1,3]],[[24242,30227],[3,4]],[[24245,30231],[14,2]],[[24259,30233],[29,-11]],[[24288,30222],[9,7]],[[24297,30229],[1,19]],[[24298,30248],[-10,11]],[[24288,30259],[-17,16]],[[24271,30275],[0,25]],[[24271,30300],[23,25]],[[24294,30325],[2,2]],[[24296,30327],[19,26]],[[24315,30353],[0,38]],[[24315,30391],[12,18]],[[24327,30409],[13,10]],[[24340,30419],[8,8]],[[24348,30427],[10,11]],[[24358,30438],[14,19]],[[24372,30457],[5,19]],[[24377,30476],[1,15]],[[24378,30491],[5,7]],[[24383,30498],[12,2]],[[24395,30500],[21,-5]],[[24416,30495],[19,4]],[[24435,30499],[16,16]],[[24451,30515],[6,8]],[[24457,30523],[0,1]],[[24457,30524],[4,10]],[[24461,30534],[3,12]],[[24464,30546],[-4,13]],[[24460,30559],[-8,14]],[[24452,30573],[0,7]],[[24452,30580],[1,13]],[[24453,30593],[14,16]],[[24467,30609],[11,26]],[[24478,30635],[-1,25]],[[24477,30660],[-7,19]],[[24470,30679],[-3,9]],[[24467,30688],[-2,8]],[[24465,30696],[1,21]],[[24466,30717],[0,4]],[[24466,30721],[4,25]],[[24470,30746],[1,29]],[[24471,30775],[-1,12]],[[24470,30787],[-1,6]],[[24469,30793],[1,10]],[[24470,30803],[2,18]],[[24472,30821],[5,10]],[[24477,30831],[13,8]],[[24490,30839],[8,0]],[[24498,30839],[16,-7]],[[24514,30832],[12,0]],[[24526,30832],[11,11]],[[24537,30843],[3,10]],[[24540,30853],[3,10]],[[24543,30863],[0,8]],[[24543,30871],[-7,14]],[[24536,30885],[-31,22]],[[24505,30907],[-10,15]],[[24495,30922],[-1,2]],[[24494,30924],[-1,4]],[[24493,30928],[-1,14]],[[24492,30942],[9,30]],[[24501,30972],[1,1]],[[24502,30973],[2,3]],[[24504,30976],[24,14]],[[24528,30990],[15,11]],[[24543,31001],[53,53]],[[24596,31054],[13,8]],[[24609,31062],[10,1]],[[24619,31063],[26,9]],[[24645,31072],[11,9]],[[24656,31081],[4,9]],[[24660,31090],[-1,12]],[[24659,31102],[-5,13]],[[24654,31115],[0,3]],[[24654,31118],[-2,14]],[[24652,31132],[4,20]],[[24656,31152],[12,26]],[[24668,31178],[5,18]],[[24673,31196],[0,14]],[[24673,31210],[1,24]],[[24674,31234],[8,18]],[[24682,31252],[7,6]],[[24689,31258],[2,0]],[[24691,31258],[19,6]],[[24710,31264],[3,6]],[[24713,31270],[-1,19]],[[26190,31126],[0,-181],[172,6],[130,7],[51,1],[82,-2],[85,1],[4,-19],[1,-140],[-2,-72],[1,-125],[243,-6],[75,-5],[0,45],[156,-3],[103,2],[179,-2]],[[27470,30633],[34,0]],[[4415,37561],[1,72]],[[4416,37633],[0,16]],[[4416,37649],[1,33]],[[4417,37682],[7,0]],[[4424,37682],[2,66]],[[4426,37748],[0,3]],[[4426,37751],[2,109]],[[4428,37860],[1,56]],[[4429,37916],[1,2]],[[4430,37918],[0,12]],[[4430,37930],[0,24]],[[4430,37954],[0,31]],[[4430,37985],[1,42]],[[4431,38027],[1,18]],[[4432,38045],[0,2]],[[4432,38047],[2,126],[2,277],[3,198],[5,118],[3,165],[3,139],[4,132],[-1,21],[5,155],[0,89],[3,239],[4,248],[2,21]],[[4395,36207],[1,62]],[[4396,36269],[-1,55]],[[4395,36324],[0,22]],[[4395,36346],[0,1]],[[4395,36347],[1,40]],[[4396,36387],[0,2]],[[4396,36389],[1,88]],[[4397,36477],[0,1]],[[4397,36478],[2,127]],[[4399,36605],[1,5]],[[4400,36610],[0,91],[3,144]],[[4403,36845],[1,22]],[[4404,36867],[0,38]],[[4404,36905],[0,14]],[[4404,36919],[1,43]],[[4405,36962],[4,157],[-1,30]],[[4408,37149],[1,81]],[[4409,37230],[3,79],[3,148],[0,104]],[[26856,33449],[2,-40],[-13,-20],[-17,-11],[-24,-3],[-10,-21],[-35,1],[-17,19],[-18,-1],[-20,-12],[-49,-58],[-19,7],[-35,-15],[12,-17],[0,-113],[-22,0],[1,-45],[-66,0],[1,-89],[29,-34],[-23,-10],[-9,-26],[-23,-18],[-27,-8],[-19,-29],[-27,-5],[-28,35],[-15,9],[-19,-32],[3,-12],[20,-8],[4,-22],[-23,8],[-38,5],[-13,-6],[7,-29],[-21,-25],[-1,-38],[-31,-29],[-4,-9],[-57,-11],[-18,25],[-16,3]],[[25432,33395],[6,8]],[[25438,33403],[2,2]],[[25440,33405],[0,13]],[[25440,33418],[7,7]],[[25447,33425],[5,5]],[[25452,33430],[4,10]],[[25456,33440],[1,1]],[[25457,33441],[2,4]],[[25459,33445],[12,7]],[[25471,33452],[3,2]],[[25474,33454],[5,3]],[[25479,33457],[-2,12]],[[25477,33469],[2,2]],[[25479,33471],[7,9]],[[25486,33480],[3,3]],[[25489,33483],[0,5]],[[25489,33488],[0,7]],[[25489,33495],[4,2]],[[25493,33497],[2,1]],[[25495,33498],[1,5]],[[25496,33503],[1,10]],[[25497,33513],[11,10]],[[25508,33523],[1,11]],[[25509,33534],[0,2]],[[25509,33536],[6,-1]],[[25515,33535],[9,0]],[[25524,33535],[4,3]],[[25528,33538],[5,4]],[[25533,33542],[4,4]],[[25537,33546],[7,9]],[[25544,33555],[6,2]],[[25550,33557],[11,4]],[[25561,33561],[4,2]],[[25565,33563],[5,1]],[[25570,33564],[2,1]],[[25572,33565],[1,-1]],[[25573,33564],[2,-2]],[[25575,33562],[5,7]],[[25580,33569],[6,1]],[[25586,33570],[3,1]],[[25589,33571],[15,11]],[[25604,33582],[29,12]],[[25633,33594],[5,10]],[[25638,33604],[-1,14]],[[25637,33618],[6,7]],[[25643,33625],[1,2]],[[25644,33627],[1,15]],[[25645,33642],[0,2]],[[25645,33644],[0,2]],[[25645,33646],[3,7]],[[25648,33653],[4,11]],[[25652,33664],[-3,10]],[[25649,33674],[-1,1]],[[25648,33675],[1,2]],[[25649,33677],[0,4]],[[25649,33681],[1,2]],[[25650,33683],[1,9]],[[25651,33692],[-2,2]],[[25649,33694],[-2,3]],[[25647,33697],[-4,7]],[[25643,33704],[0,21]],[[25643,33725],[0,4]],[[25643,33729],[-6,1]],[[25637,33730],[-4,0]],[[25633,33730],[-7,1]],[[25626,33731],[-15,0]],[[25611,33731],[-1,0]],[[25610,33731],[-4,0]],[[25606,33731],[-8,1]],[[25598,33732],[-4,-1]],[[25594,33731],[-128,-2]],[[25466,33729],[0,205],[-2,213]],[[25464,34147],[0,17]],[[25464,34164],[0,1]],[[25464,34165],[0,3]],[[25464,34168],[-1,103]],[[25463,34271],[-1,180]],[[25462,34451],[1,7]],[[25463,34458],[0,17]],[[25463,34475],[-1,57]],[[25462,34532],[-1,6]],[[25461,34538],[1,4]],[[25462,34542],[0,24]],[[25462,34566],[0,4]],[[25462,34570],[0,10]],[[25462,34580],[0,1]],[[25462,34581],[0,21]],[[25462,34602],[-1,4]],[[25461,34606],[0,8]],[[25461,34614],[0,67]],[[25461,34681],[0,40]],[[25461,34721],[0,6]],[[25461,34727],[1,9]],[[25462,34736],[2,33]],[[25464,34769],[-3,43]],[[25461,34812],[1,157]],[[25462,34969],[0,103]],[[25462,35072],[0,1]],[[25462,35073],[0,5]],[[25462,35078],[1,134]],[[25463,35212],[1,3]],[[25464,35215],[0,2]],[[25464,35217],[0,18]],[[25464,35235],[-1,51]],[[25463,35286],[-1,21]],[[25462,35307],[0,121]],[[25462,35428],[0,53]],[[25462,35481],[0,29]],[[25462,35510],[0,41]],[[25462,35551],[0,17]],[[25462,35568],[-1,10]],[[25461,35578],[0,1]],[[25461,35579],[1,158]],[[25462,35737],[0,5]],[[25462,35742],[0,3]],[[25462,35745],[0,28]],[[25462,35773],[0,9]],[[25462,35782],[0,11]],[[25462,35793],[0,10]],[[25462,35803],[0,46]],[[25462,35849],[1,48]],[[25463,35897],[7,-4]],[[25470,35893],[6,-3]],[[25476,35890],[-6,-13]],[[25470,35877],[-2,-3]],[[25468,35874],[4,-24]],[[25472,35850],[-1,-7]],[[25471,35843],[-1,-4]],[[25470,35839],[6,-7]],[[25476,35832],[12,7]],[[25488,35839],[2,1]],[[25490,35840],[0,1]],[[25490,35841],[8,-9]],[[25498,35832],[-1,-6]],[[25497,35826],[-2,-9]],[[25495,35817],[21,4]],[[25516,35821],[25,1]],[[25541,35822],[1,0]],[[25542,35822],[7,-8]],[[25549,35814],[2,-2]],[[25551,35812],[11,5]],[[25562,35817],[5,3]],[[25567,35820],[15,7]],[[25582,35827],[1,1]],[[25583,35828],[1,0]],[[25584,35828],[25,17]],[[25609,35845],[5,9]],[[25614,35854],[11,5]],[[25625,35859],[17,-9]],[[25642,35850],[4,-12]],[[25646,35838],[-3,-4]],[[25643,35834],[-3,-3]],[[25640,35831],[-2,-2]],[[25638,35829],[3,-11]],[[25641,35818],[1,0]],[[25642,35818],[18,-14]],[[25660,35804],[14,-10]],[[25674,35794],[3,-2]],[[25677,35792],[4,-3]],[[25681,35789],[8,0]],[[25689,35789],[8,1]],[[25697,35790],[4,-3]],[[25701,35787],[2,-4]],[[25703,35783],[8,-5]],[[25711,35778],[3,-2]],[[25714,35776],[7,0]],[[25721,35776],[5,3]],[[25726,35779],[1,9]],[[25727,35788],[7,3]],[[25734,35791],[6,3]],[[25740,35794],[8,4]],[[25748,35798],[3,4]],[[25751,35802],[3,11]],[[25754,35813],[3,11]],[[25757,35824],[1,2]],[[25758,35826],[1,3]],[[25759,35829],[0,1]],[[25759,35830],[0,1]],[[25759,35831],[2,3]],[[25761,35834],[5,7]],[[25766,35841],[2,2]],[[25768,35843],[9,6]],[[25777,35849],[12,6]],[[25789,35855],[11,4]],[[25800,35859],[2,2]],[[25802,35861],[16,9]],[[25818,35870],[9,5]],[[25827,35875],[4,2]],[[25831,35877],[4,0]],[[25835,35877],[5,-2]],[[25840,35875],[1,-12]],[[25841,35863],[-11,-12]],[[25830,35851],[-1,-7]],[[25829,35844],[3,-4]],[[25832,35840],[14,-20]],[[25846,35820],[1,-1]],[[25847,35819],[1,-1]],[[25848,35818],[7,-6]],[[25855,35812],[6,-6]],[[25861,35806],[5,-5]],[[25866,35801],[1,-1]],[[25867,35800],[7,0]],[[25874,35800],[7,5]],[[25881,35805],[8,18]],[[25889,35823],[2,4]],[[25891,35827],[11,12]],[[25902,35839],[4,5]],[[25906,35844],[3,1]],[[25909,35845],[8,6]],[[25917,35851],[5,3]],[[25922,35854],[5,4]],[[25927,35858],[17,12]],[[25944,35870],[12,5]],[[25956,35875],[18,0]],[[25974,35875],[7,-3]],[[25981,35872],[6,-3]],[[25987,35869],[7,-3]],[[25994,35866],[11,4]],[[26005,35870],[7,3]],[[26012,35873],[1,0]],[[26013,35873],[3,6]],[[26016,35879],[2,6]],[[26018,35885],[2,2]],[[26020,35887],[6,4]],[[26026,35891],[11,7]],[[26037,35898],[7,5]],[[26044,35903],[5,13]],[[26049,35916],[2,5]],[[26051,35921],[7,12]],[[26058,35933],[-2,10]],[[26056,35943],[-7,8]],[[26049,35951],[-4,6]],[[26045,35957],[-1,2]],[[26044,35959],[-1,5]],[[26043,35964],[-1,3]],[[26042,35967],[-1,3]],[[26041,35970],[-7,16]],[[26034,35986],[-5,12]],[[26029,35998],[5,6]],[[26034,36004],[5,-1]],[[26039,36003],[7,0]],[[26046,36003],[4,4]],[[26050,36007],[1,4]],[[26051,36011],[3,12]],[[26054,36023],[5,8]],[[26059,36031],[27,21]],[[26086,36052],[1,0]],[[26087,36052],[0,5]],[[26087,36057],[1,4]],[[26088,36061],[7,7]],[[26095,36068],[11,5]],[[26106,36073],[11,1]],[[26117,36074],[2,1]],[[26119,36075],[16,5]],[[26135,36080],[5,2]],[[26140,36082],[8,9]],[[26148,36091],[5,5]],[[26153,36096],[6,7]],[[26159,36103],[-3,5]],[[26156,36108],[-12,23]],[[26144,36131],[-3,16]],[[26141,36147],[1,11]],[[26142,36158],[5,6]],[[26147,36164],[2,1]],[[26149,36165],[8,3]],[[26157,36168],[14,6]],[[26171,36174],[8,17]],[[26179,36191],[1,8]],[[26180,36199],[0,1]],[[26180,36200],[0,4]],[[26180,36204],[-2,18]],[[26178,36222],[2,6]],[[26180,36228],[2,6]],[[26182,36234],[13,-2]],[[26195,36232],[9,-1]],[[26204,36231],[20,5]],[[26224,36236],[15,20]],[[26239,36256],[0,3]],[[26239,36259],[1,6]],[[26240,36265],[1,5]],[[26241,36270],[-2,14]],[[26239,36284],[0,7]],[[26239,36291],[4,24]],[[26243,36315],[4,11]],[[26247,36326],[-1,10]],[[26246,36336],[-7,1]],[[26239,36337],[-8,2]],[[26231,36339],[-8,10]],[[26223,36349],[0,4]],[[26223,36353],[-1,6]],[[26222,36359],[-2,8]],[[26220,36367],[-4,13]],[[26216,36380],[0,1]],[[26216,36381],[-1,2]],[[26215,36383],[11,9]],[[26226,36392],[1,1]],[[26227,36393],[-1,10]],[[26226,36403],[-17,14]],[[26209,36417],[-6,5]],[[26203,36422],[2,8]],[[26205,36430],[2,11]],[[26207,36441],[-4,5]],[[26203,36446],[-3,3]],[[26200,36449],[10,11]],[[26210,36460],[-1,8]],[[26209,36468],[-8,9]],[[26201,36477],[-8,6]],[[26193,36483],[-3,2]],[[26190,36485],[4,8]],[[26194,36493],[1,2]],[[26195,36495],[-1,7]],[[26194,36502],[-4,5]],[[26190,36507],[-9,12]],[[26181,36519],[-3,11]],[[26178,36530],[-3,8]],[[26175,36538],[-4,2]],[[26171,36540],[-3,-8]],[[26168,36532],[-3,-5]],[[26165,36527],[-6,1]],[[26159,36528],[-2,2]],[[26157,36530],[-19,20]],[[26138,36550],[-21,10]],[[26117,36560],[-6,7]],[[26111,36567],[-6,14]],[[26105,36581],[-2,5]],[[26103,36586],[7,4]],[[26110,36590],[7,-3]],[[26117,36587],[1,-7]],[[26118,36580],[1,-3]],[[26119,36577],[10,1]],[[26129,36578],[-1,11]],[[26128,36589],[0,2]],[[26128,36591],[10,12]],[[26138,36603],[7,-6]],[[26145,36597],[2,-2]],[[26147,36595],[7,-6]],[[26154,36589],[1,-1]],[[26155,36588],[5,5]],[[26160,36593],[-7,15]],[[26153,36608],[-9,8]],[[26144,36616],[-19,1]],[[26125,36617],[-9,-3]],[[26116,36614],[-9,7]],[[26107,36621],[0,1]],[[26107,36622],[-4,8]],[[26103,36630],[-2,2]],[[26101,36632],[-8,6]],[[26093,36638],[-8,6]],[[26085,36644],[-4,3]],[[26081,36647],[-1,0]],[[26080,36647],[-13,14]],[[26067,36661],[-4,5]],[[26063,36666],[-1,4]],[[26062,36670],[-1,9]],[[26061,36679],[-1,4]],[[26060,36683],[8,2]],[[26068,36685],[10,3]],[[26078,36688],[3,-1]],[[26081,36687],[6,-1]],[[26087,36686],[1,9]],[[26088,36695],[-3,4]],[[26085,36699],[-6,5]],[[26079,36704],[4,17]],[[26083,36721],[-3,10]],[[26080,36731],[-4,1]],[[26076,36732],[-2,0]],[[26074,36732],[-19,-7]],[[26055,36725],[-3,1]],[[26052,36726],[-17,5]],[[26035,36731],[-14,0]],[[26021,36731],[-12,4]],[[26009,36735],[-17,5]],[[25992,36740],[-6,1]],[[25986,36741],[-21,11]],[[25965,36752],[-14,14]],[[25951,36766],[0,5]],[[25951,36771],[10,3]],[[25961,36774],[1,6]],[[25962,36780],[0,1]],[[25962,36781],[-10,9]],[[25952,36790],[-4,11]],[[25948,36801],[6,3]],[[25954,36804],[11,-1]],[[25965,36803],[13,6]],[[25978,36809],[0,12]],[[25978,36821],[0,3]],[[25978,36824],[0,15]],[[25978,36839],[-7,5]],[[25971,36844],[-10,-1]],[[25961,36843],[-5,0]],[[25956,36843],[-12,8]],[[25944,36851],[-6,4]],[[25938,36855],[-1,0]],[[25937,36855],[-9,2]],[[25928,36857],[3,8]],[[25931,36865],[2,9]],[[25933,36874],[-6,4]],[[25927,36878],[-4,2]],[[25923,36880],[-7,10]],[[25916,36890],[5,18]],[[25921,36908],[6,7]],[[25927,36915],[3,4]],[[25930,36919],[-1,11]],[[25929,36930],[-5,7]],[[25924,36937],[-3,5]],[[25921,36942],[-15,3]],[[25906,36945],[-25,-7]],[[25881,36938],[-7,12]],[[25874,36950],[-1,20]],[[25873,36970],[2,11]],[[25875,36981],[0,2]],[[25875,36983],[-1,1]],[[25874,36984],[-10,29]],[[25864,37013],[1,10]],[[25865,37023],[1,4]],[[25866,37027],[-2,7]],[[25864,37034],[-10,2]],[[25854,37036],[-8,-18]],[[25846,37018],[-1,-3]],[[25845,37015],[-6,-4]],[[25839,37011],[-6,4]],[[25833,37015],[-3,9]],[[25830,37024],[-4,14]],[[25826,37038],[-16,25]],[[25810,37063],[3,8]],[[25813,37071],[3,7]],[[25816,37078],[-1,15]],[[25815,37093],[12,4]],[[25827,37097],[1,-1]],[[25828,37096],[24,-6]],[[25852,37090],[17,3]],[[25869,37093],[15,8]],[[25884,37101],[-2,11]],[[25882,37112],[-4,20]],[[25878,37132],[-8,19]],[[25870,37151],[2,5]],[[25872,37156],[1,3]],[[25873,37159],[-12,2]],[[25861,37161],[-2,0]],[[25859,37161],[0,7]],[[25859,37168],[-1,5]],[[25858,37173],[-10,8]],[[25848,37181],[-1,9]],[[25847,37190],[0,5]],[[25847,37195],[-5,5]],[[25842,37200],[0,1]],[[25842,37201],[-2,11]],[[25840,37212],[0,3]],[[25840,37215],[6,5]],[[25846,37220],[6,4]],[[25852,37224],[0,2]],[[25852,37226],[-1,10]],[[25851,37236],[-4,4]],[[25847,37240],[-14,-2]],[[25833,37238],[0,1]],[[25833,37239],[-1,10]],[[25832,37249],[-10,5]],[[25822,37254],[-3,10]],[[25819,37264],[1,8]],[[25820,37272],[6,0]],[[25826,37272],[5,-1]],[[25831,37271],[9,9]],[[25840,37280],[0,9]],[[25840,37289],[-5,4]],[[25835,37293],[-4,3]],[[25831,37296],[3,9]],[[25834,37305],[5,-5]],[[25839,37300],[2,-3]],[[25841,37297],[19,-4]],[[25860,37293],[9,7]],[[25869,37300],[2,1]],[[25871,37301],[0,1]],[[25871,37302],[8,10]],[[25879,37312],[3,10]],[[25882,37322],[-7,4]],[[25875,37326],[0,-2]],[[25875,37324],[-4,-7]],[[25871,37317],[-7,5]],[[25864,37322],[7,12]],[[25871,37334],[18,7]],[[25889,37341],[19,12]],[[25908,37353],[13,8]],[[25921,37361],[1,0]],[[25922,37361],[1,1]],[[25923,37362],[1,1]],[[25924,37363],[1,0]],[[25925,37363],[10,15]],[[25935,37378],[3,19]],[[25938,37397],[4,7]],[[25942,37404],[-4,12]],[[25938,37416],[-6,3]],[[25932,37419],[-6,2]],[[25926,37421],[-1,4]],[[25925,37425],[9,6]],[[25934,37431],[3,2]],[[25937,37433],[2,1]],[[25939,37434],[1,1]],[[25940,37435],[8,12]],[[25948,37447],[7,9]],[[25955,37456],[4,0]],[[25959,37456],[5,0]],[[25964,37456],[3,4]],[[25967,37460],[5,7]],[[25972,37467],[8,3]],[[25980,37470],[1,9]],[[25981,37479],[-7,9]],[[25974,37488],[3,5]],[[25977,37493],[2,5]],[[25979,37498],[5,-6]],[[25984,37492],[20,-3]],[[26004,37489],[2,3]],[[26006,37492],[4,7]],[[26010,37499],[5,9]],[[27224,37425],[2,-22],[7,-498],[2,-187],[3,-168],[-6,0],[2,-273],[1,-288],[0,-225],[-1,-139],[2,-40],[0,-237],[-3,-201],[0,-204],[-1,-41],[-2,-198],[1,-46]],[[27231,34658],[1,-46],[30,-32],[-6,-26],[-12,-87],[-18,-25],[-46,-28],[-31,-12],[-34,-5],[-24,-18],[-26,-10],[-43,-4],[-38,-30],[-34,-19],[-38,-32],[-86,-129],[-1,-23],[-18,-44],[2,-34],[-4,-24],[27,-27],[-11,-31],[-22,-11],[2,-9],[-25,-14],[-21,1],[-23,-8],[-26,-20],[-23,3],[-15,-16],[-40,-18],[-2,-19],[9,-30],[-2,-24],[-10,-19],[3,-15],[-14,-13],[12,-26],[1,-18],[23,-56],[66,-38],[7,-30],[11,-6],[49,3],[22,-5],[6,-10],[28,-17],[12,-16],[5,-26],[-5,-18],[7,-48]],[[17819,35690],[-34,-2]],[[17785,35688],[-168,1]],[[17617,35689],[-36,0]],[[17581,35689],[-62,0]],[[17519,35689],[-38,-1]],[[17481,35688],[-84,1]],[[17397,35689],[-69,1]],[[17328,35690],[-29,-1]],[[17299,35689],[-168,0],[-1,-4],[-367,-3],[-271,-2],[-610,-7],[-91,-3],[-384,-1],[-38,0]],[[15369,35669],[12,11],[-3,15],[17,36],[33,36],[5,21],[-24,21],[-20,4],[-30,42],[17,26],[16,0],[37,26],[0,22],[19,14],[19,5],[19,13],[1,14],[24,1],[0,22],[27,50],[-1,35],[10,7],[26,-10],[5,-14],[16,-1],[38,51],[-10,9],[9,28],[45,32],[45,29]],[[15721,36214],[2,13]],[[15723,36227],[2,9]],[[15725,36236],[-9,6]],[[15716,36242],[-2,11]],[[15714,36253],[4,2]],[[15718,36255],[7,6]],[[15725,36261],[11,12]],[[15736,36273],[7,0]],[[15743,36273],[0,-4]],[[15743,36269],[-1,-5]],[[15742,36264],[15,1]],[[15757,36265],[3,8]],[[15760,36273],[8,4]],[[15768,36277],[11,6]],[[15779,36283],[18,23]],[[15797,36306],[19,17]],[[15816,36323],[12,15]],[[15828,36338],[13,7]],[[15841,36345],[10,1]],[[15851,36346],[3,2]],[[15854,36348],[14,5]],[[15868,36353],[21,-4]],[[15889,36349],[7,-1]],[[15896,36348],[3,7]],[[15899,36355],[5,4]],[[15904,36359],[4,2]],[[15908,36361],[7,12]],[[15915,36373],[4,4]],[[15919,36377],[5,4]],[[15924,36381],[5,5]],[[15929,36386],[6,-8]],[[15935,36378],[6,2]],[[15941,36380],[7,2]],[[15948,36382],[2,0]],[[15950,36382],[6,-2]],[[15956,36380],[8,-3]],[[15964,36377],[3,-3]],[[15967,36374],[6,-6]],[[15973,36368],[19,-4]],[[15992,36364],[3,2]],[[15995,36366],[9,4]],[[16004,36370],[7,-11]],[[16011,36359],[4,1]],[[16015,36360],[5,5]],[[16020,36365],[10,8]],[[16030,36373],[3,2]],[[16033,36375],[11,4]],[[16044,36379],[8,4]],[[16052,36383],[3,1]],[[16055,36384],[2,5]],[[16057,36389],[3,1]],[[16060,36390],[10,3]],[[16070,36393],[0,10]],[[16070,36403],[5,8]],[[16075,36411],[3,0]],[[16078,36411],[8,-1]],[[16086,36410],[7,6]],[[16093,36416],[1,1]],[[16094,36417],[10,8]],[[16104,36425],[5,10]],[[16109,36435],[5,6]],[[16114,36441],[4,3]],[[16118,36444],[6,4]],[[16124,36448],[5,8]],[[16129,36456],[5,9]],[[16134,36465],[1,6]],[[16135,36471],[0,3]],[[16135,36474],[6,6]],[[16141,36480],[5,-3]],[[16146,36477],[1,0]],[[16147,36477],[2,6]],[[16149,36483],[-8,3]],[[16141,36486],[1,8]],[[16142,36494],[6,-1]],[[16148,36493],[3,-1]],[[16151,36492],[2,7]],[[16153,36499],[7,5]],[[16160,36504],[3,3]],[[16163,36507],[5,13]],[[16168,36520],[7,0]],[[16175,36520],[0,-17]],[[16175,36503],[3,-7]],[[16178,36496],[5,8]],[[16183,36504],[9,5]],[[16192,36509],[3,-5]],[[16195,36504],[2,-3]],[[16197,36501],[7,5]],[[16204,36506],[8,5]],[[16212,36511],[9,3]],[[16221,36514],[6,-3]],[[16227,36511],[3,-2]],[[16230,36509],[2,5]],[[16232,36514],[1,3]],[[16233,36517],[11,-2]],[[16244,36515],[6,-1]],[[16250,36514],[-1,7]],[[16249,36521],[-2,13]],[[16247,36534],[5,-1]],[[16252,36533],[8,0]],[[16260,36533],[1,-1]],[[16261,36532],[5,-2]],[[16266,36530],[1,3]],[[16267,36533],[2,5]],[[16269,36538],[2,-1]],[[16271,36537],[13,-8]],[[16284,36529],[8,5]],[[16292,36534],[9,-2]],[[16301,36532],[11,-2]],[[16312,36530],[4,1]],[[16316,36531],[10,1]],[[16326,36532],[1,0]],[[16327,36532],[3,0]],[[16330,36532],[7,6]],[[16337,36538],[5,16]],[[16342,36554],[4,10]],[[16346,36564],[3,9]],[[16349,36573],[11,11]],[[16360,36584],[10,4]],[[16370,36588],[11,12]],[[16381,36600],[4,4]],[[16385,36604],[3,-3]],[[16388,36601],[3,-4]],[[16391,36597],[14,8]],[[16405,36605],[4,-4]],[[16409,36601],[5,5]],[[16414,36606],[2,2]],[[16416,36608],[4,-8]],[[16420,36600],[3,2]],[[16423,36602],[4,2]],[[16427,36604],[5,-7]],[[16432,36597],[2,2]],[[16434,36599],[1,1]],[[16435,36600],[33,1],[28,13],[8,28],[16,18],[22,-5],[24,-20],[12,0],[16,16],[19,-10],[48,12],[34,-21],[32,22],[13,18],[28,-11],[33,9],[17,-5],[11,19],[15,-3],[30,15],[18,-14],[18,-1],[8,17],[27,24],[44,21],[13,11],[1,27],[29,23],[-5,62],[-14,22],[-20,11],[3,63],[29,17],[19,21],[16,27],[13,46],[-11,26],[12,58],[9,20],[-4,32],[10,19],[29,20],[-1,10],[3,2],[7,10],[-2,5],[-11,2],[-2,6],[5,-1],[4,3],[-5,5],[-4,1],[2,3],[2,3],[-3,6],[17,33],[1,22],[9,10],[6,-5],[10,5],[6,1],[1,8],[-4,10],[2,7],[9,3],[-2,8],[18,13],[7,1],[4,-4],[9,6],[19,7],[11,7],[7,4],[-2,7],[1,5],[-2,4],[1,3],[11,10],[8,-1],[2,5],[8,-3],[3,2],[1,5],[5,4],[4,0],[5,-9],[9,-1],[-1,8],[1,10],[4,5],[11,-2],[5,17],[33,-6],[23,22],[10,48],[15,22],[4,3],[7,-1],[-2,6],[8,6],[-4,13],[1,2],[1,1],[2,-3],[6,-2],[2,3],[-3,4],[-8,3],[4,5],[7,-4],[2,6],[-1,11],[0,2],[42,28]],[[17466,37677],[1,9]],[[17467,37686],[7,-1]],[[17474,37685],[6,7]],[[17480,37692],[-1,0]],[[17479,37692],[1,7]],[[17480,37699],[-1,2]],[[17479,37701],[7,19],[34,16]],[[17520,37736],[4,0]],[[17524,37736],[-1,8]],[[17523,37744],[-4,1]],[[17519,37745],[14,15],[7,10],[4,15],[-7,21],[2,23]],[[17539,37829],[-2,2]],[[17537,37831],[5,17]],[[17542,37848],[1,0]],[[17543,37848],[2,10],[-12,8],[-11,5],[2,4],[5,-1],[5,-5],[4,3],[-1,7],[-4,2],[-3,8],[18,14]],[[17548,37903],[0,3]],[[17548,37906],[-6,13]],[[17542,37919],[0,5]],[[17542,37924],[-8,5],[-2,3],[2,2],[-3,5],[-11,4],[-3,5],[-2,8],[14,18],[1,17],[25,18],[4,22],[26,-10],[14,16],[36,12]],[[19082,37967],[-2,-283],[1,-105],[24,-13],[-8,-14],[5,-35],[11,-20],[0,-41],[-5,-9],[6,-25],[25,-30],[2,-16],[-11,-23],[9,-10],[31,-61],[30,-23],[25,-27],[-34,-22],[6,-46],[12,-19],[-3,-39],[11,-12],[17,-50],[-96,-5],[-233,0],[1,-166],[-3,-196],[-174,-179],[-1,-132]],[[18728,36366],[-3,-233]],[[18725,36133],[-2,-33]],[[18723,36100],[-1,-41],[0,-254],[2,-300]],[[18724,35505],[-219,-1],[-174,3],[-182,1],[-140,-1],[-156,2],[-34,181]],[[26856,33449],[17,10],[13,17],[19,-11],[21,0],[29,11],[61,-31],[45,-7],[34,4],[32,-29],[32,-52],[56,30],[41,-34],[13,5],[12,29],[12,2],[26,-16],[27,10],[6,-13],[18,-6],[29,-35],[24,-13],[17,19]],[[27440,33339],[33,-6],[3,-16],[28,-33],[5,-15],[-5,-27],[11,-16],[-7,-14],[6,-25],[10,-18],[21,-51],[23,-4],[14,-16],[11,4],[12,-17],[13,-4],[40,1],[12,-12],[29,-2],[9,8],[33,4],[16,-23],[23,7],[31,-11],[26,-1],[38,14],[17,-24],[18,-4],[14,-15],[2,-15],[17,-14],[47,3],[1,-48],[46,0],[1,-42],[48,-4],[51,-28],[23,-22],[33,-2],[15,-7],[17,7],[12,17],[36,-1],[16,11],[39,10],[20,12],[19,3],[47,-22],[0,-22],[146,1],[41,17],[41,-1],[27,-25],[16,-21],[25,-16],[22,-7],[43,16],[16,-5],[81,0],[0,-17],[70,0],[0,-32],[16,0],[1,-44],[32,0],[-1,-114],[13,1],[21,-44],[0,-47],[46,0],[-1,-47],[41,2],[17,-15],[24,-11],[61,-6],[13,-13],[-2,-52],[-15,-40],[31,0],[32,-12],[20,-17],[46,-52],[9,-24],[11,-71],[1,-46],[-8,-43]],[[35215,16550],[16,-8],[1,-34],[21,-15],[14,22],[13,-25],[16,-4],[15,-17],[14,5],[13,-22],[33,-6],[13,-19],[4,-38],[-3,-34],[13,-16],[25,-12],[19,5],[3,-29],[28,3],[6,-13],[19,12],[43,19],[-8,-28],[19,-39],[29,-22],[5,-16],[-16,-14],[11,-18],[-18,-284],[-1,-37],[-40,-586],[-17,-256]],[[29888,26937],[0,-9]],[[29888,26928],[0,-5]],[[29888,26923],[0,-16]],[[29888,26907],[0,-22]],[[29888,26885],[0,-81]],[[29888,26804],[0,-11]],[[29888,26793],[0,-1]],[[29888,26792],[0,-10]],[[29888,26782],[-1,-86]],[[29887,26696],[0,-5]],[[29887,26691],[0,-16]],[[29887,26675],[0,-43]],[[29887,26632],[0,-7]],[[29887,26625],[0,-12]],[[29887,26613],[0,-21]],[[29887,26592],[0,-11]],[[29887,26581],[0,-3]],[[29887,26578],[0,-15]],[[29887,26563],[0,-14]],[[29887,26549],[0,-3]],[[29887,26546],[0,-17]],[[29887,26529],[0,-1]],[[29887,26528],[0,-1]],[[29887,26527],[0,-43]],[[29887,26484],[-1,-20]],[[29886,26464],[1,-44]],[[29887,26420],[0,-23]],[[29887,26397],[0,-51]],[[29887,26346],[0,-29]],[[29887,26317],[0,-9]],[[29887,26308],[-1,-96]],[[29886,26212],[0,-62]],[[29886,26150],[1,-25]],[[29887,26125],[0,-1]],[[29887,26124],[-1,-14]],[[29886,26110],[-1,-29]],[[29885,26081],[0,-1]],[[29885,26080],[0,-1]],[[29885,26079],[0,-3]],[[29885,26076],[0,-98]],[[29885,25978],[0,-1]],[[29885,25977],[-1,-16]],[[29884,25961],[1,-3]],[[29885,25958],[0,-4]],[[29885,25954],[-2,-168]],[[29883,25786],[0,-72]],[[29883,25714],[0,-4]],[[29883,25710],[0,-3]],[[29883,25707],[0,-33]],[[29883,25674],[0,-14]],[[29883,25660],[0,-19]],[[29883,25641],[0,-51]],[[29883,25590],[0,-2]],[[29883,25588],[0,-6]],[[29883,25582],[-1,-74]],[[29882,25508],[-2,-81]],[[29880,25427],[0,-1]],[[29880,25426],[1,-67],[2,-219]],[[29883,25140],[1,-44]],[[29884,25096],[0,-51]],[[29884,25045],[0,-36]],[[29884,25009],[-1,-42]],[[29883,24967],[1,-74],[-2,-155],[-2,-44]],[[29880,24694],[-2,-146],[-5,-456],[1,-31]],[[29874,24061],[-1,-29]],[[29873,24032],[0,-5]],[[29873,24027],[1,-11]],[[29874,24016],[-1,-4]],[[29873,24012],[-7,-236],[0,-186]],[[28893,34699],[-15,-32],[-2,-35],[27,3],[14,-24],[-1,-17],[-22,-61],[-26,-39],[-17,-7],[-71,-44],[-30,-14],[-23,-51],[-18,-98],[-12,-25],[-35,-40],[-112,-75],[-3,-15],[-23,-24],[-17,-6],[-25,-45],[-26,-24],[-48,-19],[-36,-11],[-11,6],[-41,-14],[-11,4],[-34,-4],[-18,-43],[-11,-1],[-1,-33],[-13,-34],[-19,-21],[-8,-46],[-17,-23],[-15,-35],[-18,-31],[-30,-35],[-11,-21],[-27,-22],[-9,-20],[-18,-10],[-11,-19],[-9,-37],[-14,-13],[-32,-9],[-29,-2],[-16,7],[-16,-5],[-10,20],[-30,11],[-52,8],[-14,-26],[6,-33],[-9,-14],[-10,-46],[-23,-13],[1,-14],[-39,-26],[-57,13],[-39,-13],[-36,-31],[-32,-16],[-57,8],[-17,-10],[-22,11],[-40,-7],[-13,-18]],[[27231,34658],[78,10],[59,0],[236,6],[51,-1],[97,2],[0,11],[187,1],[110,2],[187,2],[92,0],[134,5],[65,-1],[366,4]],[[3766,36107],[0,96],[-283,-34],[-432,-113],[-193,-48],[-52,-11],[-189,-22],[-55,-3],[-28,-5],[-82,-46],[-11,-11],[-43,-20],[-92,15],[-57,22],[-114,6],[-13,3],[-10,167],[15,11],[75,32],[290,175],[49,43],[20,42],[35,109]],[[2596,36515],[10,49]],[[2606,36564],[26,106]],[[2632,36670],[5,32]],[[2637,36702],[1,8]],[[2638,36710],[33,86]],[[2671,36796],[7,18]],[[2678,36814],[23,74]],[[2701,36888],[-81,88]],[[2620,36976],[-33,49]],[[2587,37025],[-1,1]],[[2586,37026],[-13,27]],[[2573,37053],[-12,18]],[[2561,37071],[-32,51]],[[2529,37122],[-17,17]],[[2512,37139],[-11,8]],[[2501,37147],[-107,34]],[[2394,37181],[-15,7]],[[2379,37188],[-38,18]],[[2341,37206],[-26,0]],[[2315,37206],[-3,0]],[[2312,37206],[-10,5]],[[2302,37211],[-8,8]],[[2294,37219],[-9,8]],[[2285,37227],[-14,6]],[[2271,37233],[-24,7]],[[2247,37240],[-11,6]],[[2236,37246],[-12,14]],[[2224,37260],[-10,18]],[[2214,37278],[-13,18]],[[2201,37296],[-3,4]],[[2198,37300],[-7,12]],[[2191,37312],[-10,17]],[[2181,37329],[-14,24]],[[2167,37353],[-4,18]],[[2163,37371],[-8,36]],[[2155,37407],[-7,9]],[[2148,37416],[-7,5]],[[2141,37421],[-10,7]],[[2131,37428],[-6,4]],[[2125,37432],[-3,3]],[[2122,37435],[-5,6]],[[2117,37441],[1,8]],[[2118,37449],[8,4]],[[2126,37453],[1,7]],[[2127,37460],[-7,3]],[[2120,37463],[-13,7]],[[2107,37470],[1,12]],[[2108,37482],[0,6]],[[2108,37488],[-3,8]],[[2105,37496],[-10,5]],[[2095,37501],[-15,-4]],[[2080,37497],[-5,-2]],[[2075,37495],[-11,9]],[[2064,37504],[-7,0]],[[2057,37504],[-14,5]],[[2043,37509],[0,14]],[[2043,37523],[7,6]],[[2050,37529],[1,1]],[[2051,37530],[6,6]],[[2057,37536],[-9,22]],[[2048,37558],[-18,6]],[[2030,37564],[-4,-5]],[[2026,37559],[0,-1]],[[2026,37558],[-7,12]],[[2019,37570],[-7,3]],[[2012,37573],[-7,3]],[[2005,37576],[-13,15]],[[1992,37591],[-14,1]],[[1978,37592],[-4,4]],[[1974,37596],[12,12]],[[1986,37608],[1,5]],[[1987,37613],[-7,12]],[[1980,37625],[-1,1]],[[1979,37626],[0,9]],[[1979,37635],[-1,3]],[[1978,37638],[-4,7]],[[1974,37645],[-3,1]],[[1971,37646],[-1,0]],[[1970,37646],[-2,1]],[[1968,37647],[5,8]],[[1973,37655],[13,1]],[[1986,37656],[2,4]],[[1988,37660],[2,3]],[[1990,37663],[2,4]],[[1992,37667],[9,0]],[[2001,37667],[12,-1]],[[2013,37666],[1,4]],[[2014,37670],[-1,6]],[[2013,37676],[-9,6]],[[2004,37682],[-12,1]],[[1992,37683],[-3,12]],[[1989,37695],[-1,3]],[[1988,37698],[-7,5]],[[1981,37703],[-4,2]],[[1977,37705],[-3,2]],[[1974,37707],[5,7]],[[1979,37714],[0,5]],[[1979,37719],[1,10]],[[1980,37729],[9,5]],[[1989,37734],[0,6]],[[1989,37740],[-5,7]],[[1984,37747],[-8,10]],[[1976,37757],[-9,24]],[[1967,37781],[-3,23]],[[1964,37804],[-11,8]],[[1953,37812],[-5,11]],[[1948,37823],[-1,16]],[[1947,37839],[5,8]],[[1952,37847],[-3,24]],[[1949,37871],[-2,4]],[[1947,37875],[-9,8]],[[1938,37883],[4,8]],[[1942,37891],[7,13]],[[1949,37904],[-1,13]],[[1948,37917],[-8,4]],[[1940,37921],[-4,2]],[[1936,37923],[3,18]],[[1939,37941],[-2,15]],[[1937,37956],[0,8]],[[1937,37964],[-1,8]],[[1936,37972],[-7,8]],[[1929,37980],[10,15]],[[1939,37995],[-2,10]],[[1937,38005],[-9,2]],[[1928,38007],[-3,0]],[[1925,38007],[1,5]],[[1926,38012],[5,8]],[[1931,38020],[10,30]],[[1941,38050],[-8,5]],[[1933,38055],[8,8]],[[1941,38063],[2,3]],[[1943,38066],[-2,6]],[[1941,38072],[-12,3]],[[1929,38075],[-12,12]],[[1917,38087],[1,10]],[[1918,38097],[-7,6]],[[1911,38103],[-3,-1]],[[1908,38102],[-6,-2]],[[1902,38100],[1,3]],[[1903,38103],[7,11]],[[1910,38114],[-3,8]],[[1907,38122],[-4,10]],[[1903,38132],[3,11]],[[1906,38143],[18,-5]],[[1924,38138],[7,8]],[[1931,38146],[-2,8]],[[1929,38154],[-9,4]],[[1920,38158],[-3,2]],[[1917,38160],[0,6]],[[1917,38166],[10,13]],[[1927,38179],[-2,14]],[[1925,38193],[-1,12]],[[1924,38205],[-2,7]],[[1922,38212],[-4,8]],[[1918,38220],[-12,4]],[[1906,38224],[-3,7]],[[1903,38231],[5,9]],[[1908,38240],[-5,7]],[[1903,38247],[-10,-6]],[[1893,38241],[1,-8]],[[1894,38233],[0,-7]],[[1894,38226],[-12,-3]],[[1882,38223],[2,9]],[[1884,38232],[1,5]],[[1885,38237],[-12,5]],[[1873,38242],[-11,18]],[[1862,38260],[-14,2]],[[1848,38262],[-5,-1]],[[1843,38261],[-16,-2]],[[1827,38259],[-6,10]],[[1821,38269],[-5,0]],[[1816,38269],[-2,-3]],[[1814,38266],[-2,-2]],[[1812,38264],[-8,-10]],[[1804,38254],[-5,1]],[[1799,38255],[1,8]],[[1800,38263],[1,4]],[[1801,38267],[-8,3]],[[1793,38270],[-9,-1]],[[1784,38269],[-4,-3]],[[1780,38266],[8,-5]],[[1788,38261],[1,-11]],[[1789,38250],[-11,-1]],[[1778,38249],[-5,0]],[[1773,38249],[-1,3]],[[1772,38252],[-1,9]],[[1771,38261],[-9,2]],[[1762,38263],[-15,-3]],[[1747,38260],[4,6]],[[1751,38266],[3,6]],[[1754,38272],[-9,6]],[[1745,38278],[-9,7]],[[1736,38285],[-19,21]],[[1717,38306],[-7,16]],[[1710,38322],[-4,9]],[[1706,38331],[-10,24]],[[1696,38355],[2,10]],[[1698,38365],[-3,6]],[[1695,38371],[7,3]],[[1702,38374],[-2,7]],[[1700,38381],[-4,10]],[[1696,38391],[5,4]],[[1701,38395],[2,-2]],[[1703,38393],[3,-3]],[[1706,38390],[5,8]],[[1711,38398],[-7,6]],[[1704,38404],[-1,1]],[[1703,38405],[2,6]],[[1705,38411],[14,7]],[[1719,38418],[-6,5]],[[1713,38423],[-6,7]],[[1707,38430],[3,10]],[[1710,38440],[-3,10]],[[1707,38450],[-1,3]],[[1706,38453],[1,6]],[[1707,38459],[1,2]],[[1708,38461],[4,6]],[[1712,38467],[3,6]],[[1715,38473],[2,-1]],[[1717,38472],[6,-1]],[[1723,38471],[8,12]],[[1731,38483],[-2,1]],[[1729,38484],[-1,1]],[[1728,38485],[-4,2]],[[1724,38487],[-2,16]],[[1722,38503],[8,5]],[[1730,38508],[5,-5]],[[1735,38503],[5,-5]],[[1740,38498],[11,16]],[[1751,38514],[-11,-2]],[[1740,38512],[-6,4]],[[1734,38516],[1,3]],[[1735,38519],[1,10]],[[1736,38529],[1,5]],[[1737,38534],[5,-2]],[[1742,38532],[3,-1]],[[1745,38531],[7,6]],[[1752,38537],[7,-5]],[[1759,38532],[4,4]],[[1763,38536],[0,12]],[[1763,38548],[-6,9]],[[1757,38557],[-6,-3]],[[1751,38554],[-3,-5]],[[1748,38549],[0,-2]],[[1748,38547],[-2,-2]],[[1746,38545],[-7,0]],[[1739,38545],[-1,2]],[[1738,38547],[0,3]],[[1738,38550],[-1,2]],[[1737,38552],[-6,21]],[[1731,38573],[-18,3]],[[1713,38576],[-5,5]],[[1708,38581],[-2,2]],[[1706,38583],[2,8]],[[1708,38591],[14,13]],[[1722,38604],[10,5]],[[1732,38609],[2,8]],[[1734,38617],[-3,1]],[[1731,38618],[-3,1]],[[1728,38619],[-5,-8]],[[1723,38611],[-8,-2]],[[1715,38609],[-6,16]],[[1709,38625],[4,12]],[[1713,38637],[-2,13]],[[1711,38650],[-10,6]],[[1701,38656],[-6,12]],[[1695,38668],[4,6]],[[1699,38674],[12,0]],[[1711,38674],[12,6]],[[1723,38680],[9,-1]],[[1732,38679],[-2,9]],[[1730,38688],[-4,-1]],[[1726,38687],[-8,-1]],[[1718,38686],[-7,6]],[[1711,38692],[10,9]],[[1721,38701],[9,2]],[[1730,38703],[5,-7]],[[1735,38696],[2,-4]],[[1737,38692],[1,-2]],[[1738,38690],[12,3]],[[1750,38693],[1,4]],[[1751,38697],[-6,12]],[[1745,38709],[-4,1]],[[1741,38710],[-10,2]],[[1731,38712],[2,37]],[[1733,38749],[9,5]],[[1742,38754],[2,6]],[[1744,38760],[1,3]],[[1745,38763],[2,5]],[[1747,38768],[8,-1]],[[1755,38767],[10,-1]],[[1765,38766],[10,20]],[[1775,38786],[5,25]],[[1780,38811],[10,6]],[[1790,38817],[3,2]],[[1793,38819],[7,8]],[[1800,38827],[-2,7]],[[1798,38834],[-3,2]],[[1795,38836],[-17,15]],[[1778,38851],[-3,11]],[[1775,38862],[0,24]],[[1775,38886],[3,22]],[[1778,38908],[-8,19]],[[1770,38927],[-10,4]],[[1760,38931],[-7,0]],[[1753,38931],[0,15]],[[1753,38946],[0,5]],[[1753,38951],[-5,9]],[[1748,38960],[0,7]],[[1748,38967],[12,3]],[[1760,38970],[2,4]],[[1762,38974],[-4,13]],[[1758,38987],[-7,4]],[[1751,38991],[-8,5]],[[1743,38996],[1,8]],[[1744,39004],[10,5]],[[1754,39009],[-6,10]],[[1748,39019],[-7,-2]],[[1741,39017],[-14,-3]],[[1727,39014],[-7,10]],[[1720,39024],[3,13]],[[1723,39037],[7,7]],[[1730,39044],[-2,10]],[[1728,39054],[-13,-5]],[[1715,39049],[-14,-2]],[[1701,39047],[-11,3]],[[1690,39050],[-2,9]],[[1688,39059],[14,31]],[[1702,39090],[4,7]],[[1706,39097],[1,6]],[[1707,39103],[3,14]],[[1710,39117],[-2,11]],[[1708,39128],[5,10]],[[1713,39138],[0,14]],[[1713,39152],[6,4]],[[1719,39156],[7,-4]],[[1726,39152],[8,-5]],[[1734,39147],[19,3]],[[1753,39150],[0,20]],[[1753,39170],[4,8]],[[1757,39178],[11,10]],[[1768,39188],[7,13]],[[1775,39201],[-1,7]],[[1774,39208],[-9,4]],[[1765,39212],[-1,8]],[[1764,39220],[4,5]],[[1768,39225],[0,8]],[[1768,39233],[0,5]],[[1768,39238],[2,1]],[[1770,39239],[9,4]],[[1779,39243],[0,5]],[[1779,39248],[-10,7]],[[1769,39255],[1,5]],[[1770,39260],[18,13]],[[1788,39273],[5,7]],[[1793,39280],[5,2]],[[1798,39282],[23,12]],[[1821,39294],[18,4]],[[1839,39298],[4,3]],[[1843,39301],[5,19]],[[1848,39320],[2,7]],[[1850,39327],[-2,7]],[[1848,39334],[-13,11]],[[1835,39345],[4,41]],[[1839,39386],[-1,12]],[[1838,39398],[-6,9]],[[1832,39407],[-21,20]],[[1811,39427],[3,7]],[[1814,39434],[10,1]],[[1824,39435],[9,-10]],[[1833,39425],[11,4]],[[1844,39429],[11,11]],[[1855,39440],[-7,16]],[[1848,39456],[2,12]],[[1850,39468],[-6,5]],[[1844,39473],[-11,-4]],[[1833,39469],[-12,4]],[[1821,39473],[0,9]],[[1821,39482],[17,3]],[[1838,39485],[12,7]],[[1850,39492],[-2,14]],[[1848,39506],[-18,22]],[[1830,39528],[0,5]],[[1830,39533],[14,-4]],[[1844,39529],[11,0]],[[1855,39529],[16,7]],[[1871,39536],[13,0]],[[1884,39536],[7,7]],[[1891,39543],[-3,19]],[[1888,39562],[10,11]],[[1898,39573],[17,2]],[[1915,39575],[10,9]],[[1925,39584],[7,6]],[[1932,39590],[9,1]],[[1941,39591],[4,-6]],[[1945,39585],[-2,-12]],[[1943,39573],[3,-7]],[[1946,39566],[8,3]],[[1954,39569],[9,24]],[[1963,39593],[7,2]],[[1970,39595],[5,-24]],[[1975,39571],[18,-3]],[[1993,39568],[3,3]],[[1996,39571],[13,33]],[[2009,39604],[12,11]],[[2021,39615],[0,7]],[[2021,39622],[-8,17]],[[2013,39639],[2,8]],[[2015,39647],[5,2]],[[2020,39649],[12,-14]],[[2032,39635],[13,5]],[[2045,39640],[2,20]],[[2047,39660],[4,8]],[[2051,39668],[12,4]],[[2063,39672],[8,8]],[[2071,39680],[-6,13]],[[2065,39693],[12,12]],[[2077,39705],[2,14]],[[2079,39719],[7,16]],[[2086,39735],[-15,8]],[[2071,39743],[-4,12]],[[2067,39755],[8,3]],[[2075,39758],[15,6]],[[2090,39764],[5,4]],[[2095,39768],[4,3]],[[2099,39771],[15,22]],[[2114,39793],[8,5]],[[2122,39798],[8,-7]],[[2130,39791],[-7,-13]],[[2123,39778],[0,-8]],[[2123,39770],[2,-2]],[[2125,39768],[5,-6]],[[2130,39762],[12,-9]],[[2142,39753],[21,7]],[[2163,39760],[28,10]],[[2191,39770],[11,-6]],[[2202,39764],[11,-6]],[[2213,39758],[3,1]],[[2216,39759],[2,0]],[[2218,39759],[4,9]],[[2222,39768],[-3,21]],[[2219,39789],[21,11]],[[2240,39800],[22,7]],[[2262,39807],[7,5]],[[2269,39812],[8,11]],[[2277,39823],[13,9]],[[2290,39832],[1,1]],[[2291,39833],[12,15]],[[2303,39848],[9,1]],[[2312,39849],[18,-7]],[[2330,39842],[14,7]],[[2344,39849],[5,14]],[[2349,39863],[6,16]],[[2355,39879],[12,11]],[[2367,39890],[20,12]],[[2387,39902],[2,1]],[[2389,39903],[2,2]],[[2391,39905],[3,2]],[[2394,39907],[16,9]],[[2410,39916],[9,7]],[[2419,39923],[5,16]],[[2424,39939],[-11,21]],[[2413,39960],[1,12]],[[2414,39972],[12,-4]],[[2426,39968],[15,-15]],[[2441,39953],[9,-1]],[[2450,39952],[17,16]],[[2467,39968],[12,3]],[[2479,39971],[3,13]],[[2482,39984],[-3,4]],[[28893,34699],[143,-1],[88,1],[259,0]],[[10705,38947],[1,38],[7,23],[-5,26],[15,24],[1,33],[10,18],[-3,16],[15,32],[26,26],[4,22],[16,28],[-3,32],[6,19],[17,20],[21,63],[20,13],[11,24],[9,0],[17,32],[30,26],[31,75],[28,38],[58,14],[34,30],[-7,35],[5,12],[2,39],[-11,32],[3,44],[8,16],[-1,21],[18,24],[25,-1],[18,15],[21,28],[63,51],[26,40]],[[14573,38211],[26,-60]],[[14599,38151],[2,-3]],[[14601,38148],[5,-7]],[[14606,38141],[2,-11]],[[14608,38130],[-1,-4]],[[14607,38126],[-1,-7]],[[14606,38119],[-20,-32]],[[14586,38087],[-1,-3]],[[14585,38084],[-6,-9]],[[14579,38075],[-12,-14]],[[14567,38061],[-18,-25]],[[14549,38036],[-11,-35]],[[14538,38001],[-5,-10]],[[14533,37991],[-14,-24]],[[14519,37967],[-5,-4]],[[14514,37963],[-17,-12]],[[14497,37951],[-5,-3]],[[14492,37948],[-6,-4]],[[14486,37944],[-11,-8]],[[14475,37936],[-3,-2]],[[14472,37934],[-23,-22]],[[14449,37912],[-9,-19]],[[14440,37893],[-6,-29]],[[14434,37864],[-2,-14]],[[14432,37850],[-3,-21]],[[14429,37829],[-5,-19]],[[14424,37810],[-9,-13]],[[14415,37797],[-19,-14]],[[14396,37783],[-11,-8]],[[14385,37775],[-4,-3]],[[14381,37772],[-7,-7]],[[14374,37765],[-5,-5]],[[14369,37760],[-4,-14]],[[14365,37746],[0,-16]],[[14365,37730],[0,-36]],[[14365,37694],[0,-14]],[[14365,37680],[-8,-22]],[[14357,37658],[-8,-10]],[[14349,37648],[-5,-6]],[[14344,37642],[-20,-14]],[[14324,37628],[-21,-10]],[[14303,37618],[-20,-6]],[[14283,37612],[-22,-7]],[[14261,37605],[-19,-6]],[[14242,37599],[-12,-12]],[[14230,37587],[-8,-17]],[[14222,37570],[-3,-5]],[[14219,37565],[-3,-4]],[[14216,37561],[-130,-2],[-136,-2],[-158,3],[-442,8],[-146,0],[-59,2],[-151,2],[-12,-39],[-2,-42],[-20,-28],[-6,-33],[14,-16],[-18,-30],[-2,-53],[9,-29],[-232,6],[-141,1],[-74,3],[-55,-3],[-87,3],[-68,0],[-195,1],[-169,4],[-95,0]],[[11841,37317],[-4,0]],[[11837,37317],[-17,1]],[[11820,37318],[-246,4]],[[11574,37322],[-2,64],[0,289],[1,3],[7,280],[1,91],[3,113],[1,151],[-1,25],[2,148],[-1,27],[2,155],[-266,3],[3,269],[-619,7]],[[31446,23601],[0,3]],[[31446,23604],[0,83]],[[31446,23687],[0,124]],[[31446,23811],[0,19]],[[31446,23830],[0,79]],[[31446,23909],[-1,230]],[[31445,24139],[0,24]],[[31445,24163],[0,75]],[[31445,24238],[0,149]],[[31445,24387],[0,173]],[[31445,24560],[0,10]],[[31445,24570],[0,31]],[[31445,24601],[0,12]],[[31445,24613],[0,21]],[[31445,24634],[0,49]],[[31445,24683],[0,2]],[[31445,24685],[0,120]],[[31445,24805],[1,18]],[[31446,24823],[0,8]],[[31446,24831],[0,2]],[[31446,24833],[-1,11]],[[31445,24844],[1,54]],[[31446,24898],[0,39]],[[31446,24937],[0,29]],[[31446,24966],[0,12]],[[31446,24978],[4,1]],[[31450,24979],[19,6]],[[31469,24985],[1,3]],[[31470,24988],[4,14]],[[31474,25002],[3,8]],[[31477,25010],[-2,7]],[[31475,25017],[-2,6]],[[31473,25023],[0,11]],[[31473,25034],[1,5]],[[31474,25039],[0,2]],[[31474,25041],[7,12]],[[31481,25053],[2,0]],[[31483,25053],[6,3]],[[31489,25056],[5,12]],[[31494,25068],[-9,16]],[[31485,25084],[-19,21]],[[31466,25105],[-18,12]],[[31448,25117],[-2,1]],[[31446,25118],[0,16]],[[31446,25134],[2,78]],[[31448,25212],[-4,92],[-3,223]],[[31441,25527],[0,1]],[[31441,25528],[-2,111]],[[31439,25639],[0,154]],[[31439,25793],[0,206]],[[31439,25999],[0,1]],[[31439,26000],[0,31]],[[31439,26031],[0,34]],[[31439,26065],[0,17]],[[31439,26082],[0,2]],[[31439,26084],[0,27]],[[31439,26111],[0,82]],[[31439,26193],[3,6]],[[31442,26199],[8,14]],[[31450,26213],[1,-1]],[[31451,26212],[2,-4]],[[31453,26208],[10,-9]],[[31463,26199],[4,-9]],[[31467,26190],[7,1]],[[31474,26191],[3,0]],[[31477,26191],[2,0]],[[31479,26191],[8,3]],[[31487,26194],[2,2]],[[31489,26196],[1,1]],[[31490,26197],[3,4]],[[31493,26201],[1,1]],[[31494,26202],[5,7]],[[31499,26209],[2,2]],[[31501,26211],[0,1]],[[31501,26212],[1,1]],[[31502,26213],[6,16]],[[31508,26229],[1,1]],[[31509,26230],[0,1]],[[31509,26231],[1,7]],[[31510,26238],[2,14]],[[31512,26252],[-1,2]],[[31511,26254],[0,2]],[[31511,26256],[-1,3]],[[31510,26259],[-3,20]],[[31507,26279],[-1,3]],[[31506,26282],[-1,6]],[[31505,26288],[-9,12]],[[31496,26300],[4,7]],[[31500,26307],[0,2]],[[31500,26309],[2,4]],[[31784,26313],[174,1]],[[31958,26314],[65,0]],[[32023,26314],[22,0]],[[32045,26314],[22,0]],[[32067,26314],[32,0]],[[32099,26314],[24,0]],[[32123,26314],[3,0]],[[32126,26314],[3,0]],[[32129,26314],[53,0]],[[32182,26314],[210,1]],[[32392,26315],[42,-3]],[[32434,26312],[101,-1]],[[32535,26311],[108,0]],[[32643,26311],[72,0]],[[32715,26311],[7,0]],[[33812,25237],[33,1]],[[33845,25238],[38,1]],[[21164,37839],[-2,-78],[41,-3],[-1,-170],[2,-105],[0,-73],[-87,1],[-3,-91],[-85,1],[0,-91],[-177,1],[0,-92],[-175,0],[0,-93],[-114,1],[-21,-27],[-21,-34],[-16,-35],[8,-55],[10,-2],[14,-38],[17,-12],[4,-14],[-8,-44],[4,-36],[-7,-14],[22,-28],[5,-44],[-23,-41],[8,-35],[21,-41],[5,-49],[-28,-11],[-4,-21],[-16,-7],[-12,-23],[-21,-5],[-18,-16],[-13,-31],[-15,-14],[-27,-37],[3,-14],[-16,-44],[-12,-10],[3,-30],[-11,-39],[-29,-14],[-29,-7],[-12,7],[-48,-7],[-18,-19],[-27,20],[5,28],[-3,17],[-12,5],[-25,-26],[-4,-24],[-14,0],[-28,-28],[-3,-24],[-14,-21]],[[20137,36103],[0,-4]],[[20137,36099],[2,-10]],[[20139,36089],[-8,-21]],[[20131,36068],[2,-4]],[[20133,36064],[2,-3]],[[20135,36061],[4,-7]],[[20139,36054],[2,-15]],[[20141,36039],[2,-14]],[[20143,36025],[7,-10]],[[20150,36015],[2,-19]],[[20152,35996],[0,-1]],[[20152,35995],[-5,-11]],[[20147,35984],[0,-1]],[[20147,35983],[-9,-6]],[[20138,35977],[-4,-8]],[[20134,35969],[3,-2]],[[20137,35967],[9,-1]],[[20146,35966],[13,-2]],[[20159,35964],[4,-2]],[[20163,35962],[11,-3]],[[20174,35959],[4,-1]],[[20178,35958],[-1,-4]],[[20177,35954],[-1,-1]],[[20176,35953],[6,-12]],[[20182,35941],[2,-3]],[[20184,35938],[2,-3]],[[20186,35935],[3,-2]],[[20189,35933],[2,-3]],[[20191,35930],[-3,-4]],[[20188,35926],[-2,-2]],[[20186,35924],[2,-3]],[[20188,35921],[3,-4]],[[20191,35917],[2,-3]],[[20193,35914],[2,-3]],[[20195,35911],[1,-6]],[[20196,35905],[11,-6]],[[20207,35899],[0,-7]],[[20207,35892],[0,-4]],[[20207,35888],[2,-2]],[[20209,35886],[7,-8]],[[20216,35878],[3,-1]],[[20219,35877],[4,0]],[[20223,35877],[10,-7]],[[20233,35870],[8,-6]],[[20241,35864],[0,-3]],[[20241,35861],[-1,-5]],[[20240,35856],[0,-4]],[[20240,35852],[-1,-7]],[[20239,35845],[-1,-1]],[[20238,35844],[-4,-1]],[[20234,35843],[0,-2]],[[20234,35841],[-2,-5]],[[20232,35836],[-2,-5]],[[20230,35831],[2,-9]],[[20232,35822],[0,-3]],[[20232,35819],[-5,-4]],[[20227,35815],[-8,-6]],[[20219,35809],[1,-5]],[[20220,35804],[-6,-15]],[[20214,35789],[-1,-2]],[[20213,35787],[-12,1]],[[20201,35788],[-3,-1]],[[20198,35787],[-3,-2]],[[20195,35785],[-7,-3]],[[20188,35782],[-2,-2]],[[20186,35780],[-2,-2]],[[20184,35778],[-2,-4]],[[20182,35774],[-1,0]],[[20181,35774],[-2,3]],[[20179,35777],[0,1]],[[20179,35778],[-4,-5]],[[20175,35773],[-4,-5]],[[20171,35768],[-4,-4]],[[20167,35764],[0,-1]],[[20167,35763],[-2,1]],[[20165,35764],[-5,1]],[[20160,35765],[-2,1]],[[20158,35766],[-15,0]],[[20143,35766],[-1,1]],[[20142,35767],[-3,4]],[[20139,35771],[-5,6]],[[20134,35777],[-6,1]],[[20128,35778],[-12,3]],[[20116,35781],[-1,1]],[[20115,35782],[-3,-3]],[[20112,35779],[-2,-3]],[[20110,35776],[-2,0]],[[20108,35776],[-3,1]],[[20105,35777],[-6,0]],[[20099,35777],[-2,0]],[[20097,35777],[-6,-3]],[[20091,35774],[-2,-5]],[[20089,35769],[-1,-5]],[[20088,35764],[-1,-3]],[[20087,35761],[-1,0]],[[20086,35761],[-2,-1]],[[20084,35760],[-4,-2]],[[20080,35758],[-6,-4]],[[20074,35754],[-7,-4]],[[20067,35750],[-1,0]],[[20066,35750],[3,-12]],[[20069,35738],[-2,-6]],[[20067,35732],[-1,-7]],[[20066,35725],[-7,-11]],[[20059,35714],[15,-9]],[[20074,35705],[1,-1]],[[20075,35704],[3,-9]],[[20078,35695],[-5,-2]],[[20073,35693],[-6,-3]],[[20067,35690],[-1,-19],[-28,-21],[-19,-32],[0,-24],[-23,-8],[-25,-30],[-33,-27],[-11,6],[-36,-9],[-3,-18],[-63,-23],[-7,6],[-30,-15],[-31,2],[-21,-26],[-26,-11],[-22,-15],[-6,-17],[-18,-10],[0,-19],[-15,-21],[-49,-15],[-33,-17],[-7,-48],[2,-20],[-23,-23],[21,-40],[-12,-23],[8,-14],[-3,-17],[-13,-9],[-4,-17],[-23,-35],[10,-12],[-4,-29],[-13,-24],[8,-10],[-30,-23],[-8,12],[-43,7],[-38,-22],[-17,-14],[2,-31],[-12,-24],[-20,-19],[-6,-18],[6,-15],[-4,-43],[-28,-28],[14,-32],[-8,-9],[-33,-14],[-26,-16],[-1,-24],[8,-18],[17,-19],[-29,-59],[-19,-22],[-12,-29],[-8,-50],[-17,-34],[-17,-7],[-10,-31],[-12,-15],[-1,-44],[5,-19]],[[18721,34404],[0,13],[-1,409],[1,169],[0,117],[2,326],[1,67]],[[20067,35690],[199,0]],[[20266,35690],[246,3],[96,-3]],[[20608,35690],[35,1]],[[20643,35691],[14,-1]],[[20657,35690],[266,2],[68,1]],[[20991,35693],[40,0]],[[21031,35693],[1,0]],[[21032,35693],[59,-1]],[[21091,35692],[205,-2]],[[21296,35690],[40,2]],[[21336,35692],[188,1]],[[21524,35693],[57,2],[129,-1],[206,0]],[[21916,35694],[-3,-271]],[[21913,35423],[8,0]],[[21921,35423],[173,-1]],[[22094,35422],[6,0]],[[22100,35422],[18,4]],[[22118,35426],[16,0]],[[22134,35426],[316,-2]],[[22450,35424],[1,-175],[2,-105],[0,-87],[-5,-25],[-5,-61],[-1,-191],[2,-170]],[[29346,16562],[2,259]],[[29348,16821],[-1,4]],[[29347,16825],[-2,154],[2,2]],[[29347,16981],[0,101]],[[29347,17082],[2,286]],[[22705,32719],[363,1],[230,4],[196,1],[231,1],[207,3],[263,4],[183,2],[82,-1],[137,2],[0,-9],[110,1],[93,0]],[[25463,35897],[-6,22],[-21,23],[-22,7],[-15,-7],[-1,-21],[-15,-22],[-12,19],[-20,9],[-17,-5],[-35,5],[-8,24],[-30,5],[-16,-26],[-28,6],[-20,-8],[-40,43],[5,47],[-9,-1],[-30,16],[-22,-11],[-15,7],[-13,26],[-13,0],[-5,23],[-28,-3],[-9,9],[-28,-1],[-21,10],[-26,36],[15,22],[-6,21],[14,29],[-16,8],[-24,-4],[-49,8],[1,-12],[-19,-24],[-35,20],[-21,2],[-25,15],[-15,16],[-21,-3],[-7,19],[-15,10],[-17,30],[-49,5],[0,24],[-18,28],[-16,3],[-6,24],[-43,10],[-11,14],[-44,1],[-24,10],[-19,-1],[-11,40],[-16,1],[-16,11],[-24,5],[-22,14],[-28,-17],[-14,-31],[-25,4],[-17,-3],[-11,11],[-65,23],[-22,15],[-8,-12],[-15,11],[-16,-6],[-40,2],[-9,-11],[-52,10],[-6,-13],[-33,2],[-12,-23],[-27,7],[-11,35],[-5,43],[-15,27],[-10,-7],[-3,-21],[-29,-6],[-33,-2],[-30,-9],[-18,-10],[-39,1],[-31,-14],[-20,7],[-11,-15],[-24,-10],[-29,-45],[-39,8],[-8,-17],[-27,-15],[-36,-1],[-15,-20],[-9,-26],[21,-15],[-14,-28],[0,-15],[-19,-1],[-18,-11],[6,-33],[-25,-14],[-2,-25],[-8,-10]],[[22980,35423],[-71,-1]],[[22909,35422],[-16,1]],[[22893,35423],[-112,2],[-247,0],[-22,-1]],[[22512,35424],[-62,0]],[[23081,35425],[-17,-6],[-11,-18],[-2,-35],[13,-22],[23,12],[19,-8],[-10,-14],[-19,-2],[-15,-15],[-11,-27],[2,-19],[12,-23],[16,-12],[38,-16],[1,-13],[-20,-38],[-1,-32],[-32,-83],[4,-44],[-4,-18],[6,-41],[21,-43],[27,-25],[36,-26],[9,-23],[-11,-36],[-22,-28],[-6,-16],[60,-67],[14,-37],[-4,-64],[-6,-63],[7,-12],[25,-14],[22,-32],[21,-13],[34,12],[38,4],[32,-18],[40,-53],[14,2],[9,26],[23,8],[24,-5],[20,10],[28,56],[9,-1],[61,-36],[33,2],[20,-10],[20,-31],[15,-4],[35,28],[19,21],[15,0],[26,-16],[1,-54],[15,-17],[47,4],[29,-8],[27,-31],[22,-14],[83,-5],[15,-15],[-8,-44],[5,-24],[15,-20],[66,-29],[35,-26],[31,-12],[18,-22],[17,-33],[35,-9],[25,-21],[19,-26],[34,-28],[27,-49],[26,-83],[10,-12],[42,-17],[51,9],[22,-1],[15,-21],[13,-45],[42,-6],[16,-16],[3,-38],[12,-73],[16,-37],[16,-17],[2,-31],[17,-19],[78,-9],[26,3],[24,-46],[15,-41],[-3,-42],[18,-39],[-25,-34],[-3,-20],[22,-13],[16,-26],[-2,-42],[20,-7],[17,-14],[-4,-15],[-22,-10],[-9,-28],[16,-28],[14,-12],[21,-2],[8,22],[-1,31],[10,12],[27,9],[29,-8],[16,-22],[20,-13],[16,-18],[-11,-22],[-19,18],[-10,-18],[14,-19],[31,-16],[23,27]],[[24887,32729],[-77,-1]],[[31526,29346],[4,-8]],[[31530,29338],[5,-10]],[[31535,29328],[2,-10]],[[31537,29318],[3,-9]],[[31540,29309],[6,-21]],[[31546,29288],[6,-27]],[[31552,29261],[7,-27]],[[31559,29234],[10,-27]],[[31569,29207],[-2,-14]],[[31567,29193],[0,-2]],[[31567,29191],[3,-9]],[[31570,29182],[-2,-4]],[[31568,29178],[-4,-14]],[[31564,29164],[4,-16]],[[31568,29148],[1,-1]],[[31569,29147],[5,-7]],[[31574,29140],[1,-1]],[[31575,29139],[0,-1]],[[31575,29138],[1,-1]],[[31576,29137],[1,-1]],[[31577,29136],[13,-15]],[[31590,29121],[1,-2]],[[31591,29119],[1,-5]],[[31592,29114],[0,-1]],[[31592,29113],[9,-9]],[[31601,29104],[1,-1]],[[31602,29103],[8,-8]],[[31610,29095],[1,-2]],[[31611,29093],[16,-23]],[[31627,29070],[1,-2]],[[31628,29068],[5,-10]],[[31633,29058],[8,-6]],[[31641,29052],[4,-4]],[[31645,29048],[2,-3]],[[31647,29045],[2,-8]],[[31649,29037],[5,-12]],[[31654,29025],[5,-15]],[[31659,29010],[5,-8]],[[31664,29002],[0,-1]],[[31664,29001],[4,-20]],[[31668,28981],[0,-3]],[[31668,28978],[-1,-3]],[[31667,28975],[-3,-6]],[[31664,28969],[-5,-10]],[[31659,28959],[-3,-8]],[[31656,28951],[1,-4]],[[31657,28947],[1,-11]],[[31658,28936],[6,-7]],[[31664,28929],[6,-10]],[[31670,28919],[0,-2]],[[31670,28917],[2,-7]],[[31672,28910],[6,-6]],[[31678,28904],[1,-1]],[[31679,28903],[3,-3]],[[31682,28900],[0,-1]],[[31682,28899],[0,-1]],[[31682,28898],[1,-9]],[[31683,28889],[10,-2]],[[31693,28887],[6,-2]],[[31699,28885],[4,-2]],[[31703,28883],[10,-4]],[[31713,28879],[2,-1]],[[31715,28878],[7,-3]],[[31722,28875],[1,0]],[[31723,28875],[22,-5]],[[31745,28870],[2,0]],[[31747,28870],[10,-1]],[[31757,28869],[7,-1]],[[31764,28868],[19,-3]],[[31783,28865],[7,1]],[[31790,28866],[8,0]],[[31798,28866],[8,1]],[[31806,28867],[5,2]],[[31811,28869],[12,3]],[[31823,28872],[1,0]],[[31824,28872],[15,1]],[[31839,28873],[10,6]],[[31849,28879],[2,1]],[[31851,28880],[11,2]],[[31862,28882],[3,2]],[[31865,28884],[9,5]],[[31874,28889],[3,1]],[[31877,28890],[17,2]],[[31894,28892],[8,-8]],[[31902,28884],[6,-2]],[[31908,28882],[2,-1]],[[31910,28881],[17,-4]],[[31927,28877],[8,-2]],[[31935,28875],[18,-2]],[[31953,28873],[15,-18]],[[31968,28855],[3,-14]],[[31971,28841],[1,-7]],[[31972,28834],[11,-21]],[[31983,28813],[5,-6]],[[31988,28807],[3,-9]],[[31991,28798],[-4,-17]],[[31987,28781],[2,-4]],[[31989,28777],[11,-2]],[[32000,28775],[13,4]],[[32013,28779],[3,0]],[[32016,28779],[12,-3]],[[32028,28776],[13,-21]],[[32041,28755],[7,-4]],[[32048,28751],[9,-6]],[[32057,28745],[3,-1]],[[32060,28744],[1,-1]],[[32061,28743],[5,-1]],[[32066,28742],[5,-1]],[[32071,28741],[1,-1]],[[32072,28740],[7,-1]],[[32079,28739],[23,-6]],[[32102,28733],[6,-4]],[[32108,28729],[2,-6]],[[32110,28723],[-1,-11]],[[32109,28712],[-2,-11]],[[32107,28701],[10,-9]],[[32117,28692],[15,-3]],[[32132,28689],[3,-1]],[[32135,28688],[12,-7]],[[32147,28681],[4,-5]],[[32151,28676],[3,-4]],[[32154,28672],[4,-10]],[[32158,28662],[-5,-16]],[[32153,28646],[-4,-15]],[[32149,28631],[0,-7]],[[32149,28624],[0,-8]],[[32149,28616],[5,-16]],[[32154,28600],[7,-11]],[[32161,28589],[8,-11]],[[32169,28578],[13,-26]],[[32182,28552],[5,-15]],[[32187,28537],[0,-1]],[[32187,28536],[1,-5]],[[32188,28531],[5,-10]],[[32193,28521],[1,-1]],[[32194,28520],[2,-3]],[[32196,28517],[1,-8]],[[32197,28509],[0,-3]],[[32197,28506],[1,-7]],[[32198,28499],[0,-3]],[[32198,28496],[0,-1]],[[32198,28495],[1,-4]],[[32199,28491],[5,-13]],[[32204,28478],[1,-5]],[[32205,28473],[15,-17]],[[32220,28456],[13,-28]],[[32233,28428],[7,-10]],[[32240,28418],[9,-18]],[[32249,28400],[-9,-36],[-2,-35]],[[32238,28329],[20,-37]],[[32258,28292],[7,-7]],[[32265,28285],[6,-16]],[[32271,28269],[-1,-7]],[[32270,28262],[-5,-10]],[[32265,28252],[-3,-12]],[[32262,28240],[6,-6]],[[32268,28234],[18,-7]],[[32286,28227],[18,-1]],[[32304,28226],[11,0]],[[32315,28226],[7,-6]],[[32322,28220],[10,-8]],[[32332,28212],[10,-2]],[[32342,28210],[14,1]],[[32356,28211],[15,5]],[[32371,28216],[32,3]],[[32403,28219],[13,5]],[[32416,28224],[7,5]],[[32423,28229],[6,5]],[[32429,28234],[13,1]],[[32442,28235],[8,-2]],[[32450,28233],[9,-5]],[[32459,28228],[8,-5]],[[32467,28223],[21,-5]],[[32488,28218],[10,-16]],[[32498,28202],[2,-25]],[[32500,28177],[12,-26]],[[32512,28151],[1,-9]],[[32513,28142],[-8,-9]],[[32505,28133],[-12,-2]],[[32493,28131],[-12,-12]],[[32481,28119],[-2,-10]],[[32479,28109],[1,-12]],[[32480,28097],[6,-7]],[[32486,28090],[13,-6]],[[32499,28084],[7,-6]],[[32506,28078],[2,-19]],[[32508,28059],[-3,-16]],[[32505,28043],[3,-18]],[[32508,28025],[4,-4]],[[32512,28021],[12,-4]],[[32524,28017],[18,2]],[[32542,28019],[11,2]],[[32553,28021],[7,-6]],[[32560,28015],[6,-12]],[[32566,28003],[15,-29]],[[32581,27974],[18,-25]],[[32599,27949],[9,-17]],[[32608,27932],[8,-6]],[[32616,27926],[6,-5]],[[32622,27921],[8,-11]],[[32630,27910],[8,-1]],[[32638,27909],[6,7]],[[32644,27916],[10,1]],[[32654,27917],[9,-4]],[[32663,27913],[15,-14]],[[32678,27899],[7,-12]],[[32685,27887],[5,-8]],[[32690,27879],[10,-9]],[[32700,27870],[13,2]],[[32713,27872],[5,1]],[[32718,27873],[12,-7]],[[32730,27866],[9,-14]],[[32739,27852],[1,-5]],[[32740,27847],[2,-11]],[[32742,27836],[5,-7]],[[32747,27829],[8,-1]],[[32755,27828],[5,5]],[[32760,27833],[4,4]],[[32764,27837],[6,1]],[[32770,27838],[8,1]],[[32778,27839],[6,-3]],[[32784,27836],[12,-15]],[[32796,27821],[12,-13]],[[32808,27808],[16,-17]],[[32824,27791],[3,-6]],[[32827,27785],[-1,-18]],[[32826,27767],[-5,-9]],[[32821,27758],[3,-7]],[[32824,27751],[3,2]],[[32827,27753],[7,5]],[[32834,27758],[7,1]],[[32841,27759],[23,-23]],[[32864,27736],[1,-11]],[[32865,27725],[-2,-5]],[[32863,27720],[-4,-10]],[[32859,27710],[2,-8]],[[32861,27702],[13,-6]],[[32874,27696],[17,-9]],[[32891,27687],[9,-6]],[[32900,27681],[9,-28]],[[32909,27653],[5,-24]],[[32914,27629],[6,-2]],[[32920,27627],[9,4]],[[32929,27631],[5,0]],[[32934,27631],[8,0]],[[32942,27631],[3,-13]],[[32945,27618],[-16,-10]],[[32929,27608],[-2,-9]],[[32927,27599],[14,-6]],[[32941,27593],[18,1]],[[32959,27594],[27,-3]],[[32986,27591],[9,-5]],[[32995,27586],[6,-3]],[[33001,27583],[9,-7]],[[33010,27576],[8,-6]],[[33018,27570],[13,-14]],[[33031,27556],[4,-9]],[[33035,27547],[3,-5]],[[33038,27542],[-6,-20]],[[33032,27522],[-6,-10]],[[33026,27512],[-16,-16]],[[33010,27496],[-4,-4]],[[33006,27492],[-10,-15]],[[32996,27477],[-2,-12]],[[32994,27465],[-2,-12]],[[32992,27453],[0,-2]],[[32992,27451],[-5,-9]],[[32987,27442],[-12,-4]],[[32975,27438],[-1,0]],[[32974,27438],[-1,0]],[[32973,27438],[-5,2]],[[32968,27440],[-7,4]],[[32961,27444],[-1,-9]],[[32960,27435],[4,-7]],[[32964,27428],[0,-1]],[[32964,27427],[6,-10]],[[32970,27417],[7,-14]],[[32977,27403],[2,-9]],[[32979,27394],[-5,-7]],[[32974,27387],[-8,-2]],[[32966,27385],[-1,-1]],[[32965,27384],[-2,0]],[[32963,27384],[-9,-3]],[[32954,27381],[-2,-3]],[[32952,27378],[15,-18]],[[32967,27360],[12,1]],[[32979,27361],[12,2]],[[32991,27363],[2,2]],[[32993,27365],[8,6]],[[33001,27371],[10,-5]],[[33011,27366],[4,-3]],[[33015,27363],[0,-10]],[[33015,27353],[-7,-3]],[[33008,27350],[0,-13]],[[33008,27337],[4,-3]],[[33012,27334],[21,0]],[[33033,27334],[8,-10]],[[33041,27324],[-3,-7]],[[33038,27317],[-24,-16]],[[33014,27301],[-1,-8]],[[33013,27293],[10,2]],[[33023,27295],[14,15]],[[33037,27310],[10,-6]],[[33047,27304],[-4,-13]],[[33043,27291],[-8,-11]],[[33035,27280],[-2,-8]],[[33033,27272],[5,-10]],[[33038,27262],[7,-2]],[[33045,27260],[7,1]],[[33052,27261],[12,2]],[[33064,27263],[-5,-8]],[[33059,27255],[-15,-10]],[[33044,27245],[7,-12]],[[33051,27233],[3,-5]],[[33054,27228],[1,-7]],[[33055,27221],[-16,-9]],[[33039,27212],[-5,-9]],[[33034,27203],[1,-10]],[[33035,27193],[10,-12]],[[33045,27181],[3,-20]],[[32973,26889],[9,-16]],[[32982,26873],[24,-25]],[[33006,26848],[1,-12]],[[33007,26836],[-7,-2]],[[33000,26834],[-6,-2]],[[32994,26832],[-9,-15]],[[32985,26817],[0,-11]],[[32985,26806],[6,-6]],[[32991,26800],[29,-4]],[[33020,26796],[23,-6]],[[33043,26790],[8,-5]],[[33051,26785],[5,-26]],[[33056,26759],[-12,7]],[[33044,26766],[-8,-8]],[[33036,26758],[0,-5]],[[33036,26753],[0,-16]],[[33036,26737],[-4,-8]],[[33032,26729],[-14,-8]],[[33018,26721],[-6,-10]],[[33012,26711],[1,-9]],[[33013,26702],[7,-7]],[[33020,26695],[29,-3]],[[33049,26692],[26,-7]],[[33075,26685],[14,1]],[[33089,26686],[18,5]],[[33107,26691],[13,-12]],[[33120,26679],[9,-10]],[[33129,26669],[20,-19]],[[33149,26650],[19,-9]],[[33168,26641],[30,-9]],[[33198,26632],[10,-10]],[[33208,26622],[9,-9]],[[33217,26613],[4,0]],[[33221,26613],[7,0]],[[33228,26613],[3,0]],[[33231,26613],[24,0]],[[33255,26613],[20,0]],[[33275,26613],[29,0]],[[33304,26613],[76,-2]],[[33380,26611],[87,-3]],[[33467,26608],[96,-3]],[[33563,26605],[25,-1]],[[33588,26604],[107,-3]],[[33695,26601],[10,0]],[[33705,26601],[11,-1]],[[33716,26600],[3,-7]],[[33719,26593],[5,-12]],[[33724,26581],[7,-15]],[[33731,26566],[0,-6]],[[33731,26560],[-3,-9]],[[33728,26551],[-6,-18]],[[33722,26533],[11,-5]],[[33733,26528],[6,-2]],[[33739,26526],[14,-21]],[[33753,26505],[6,-6]],[[33759,26499],[9,-10]],[[33768,26489],[-1,-17]],[[33767,26472],[-4,-8]],[[33763,26464],[2,-13]],[[33765,26451],[2,0]],[[33767,26451],[9,-5]],[[33776,26446],[3,-20]],[[33779,26426],[6,-6]],[[33785,26420],[11,-5]],[[33796,26415],[5,-2]],[[33801,26413],[8,-2]],[[33809,26411],[6,-6]],[[33815,26405],[11,-13]],[[33826,26392],[2,-3]],[[33828,26389],[3,-8]],[[33831,26381],[12,-7]],[[33843,26374],[8,-4]],[[33851,26370],[7,-4]],[[33858,26366],[7,-16]],[[33865,26350],[12,2]],[[33877,26352],[5,5]],[[33882,26357],[15,16]],[[33897,26373],[5,-7]],[[33902,26366],[11,-5]],[[33913,26361],[10,6]],[[33923,26367],[8,10]],[[33931,26377],[3,4]],[[33934,26381],[12,1]],[[33946,26382],[8,-7]],[[33954,26375],[3,-20]],[[33957,26355],[2,-15]],[[33959,26340],[-6,-27]],[[33953,26313],[-1,-8]],[[33952,26305],[-2,-11]],[[33950,26294],[12,-6]],[[33962,26288],[8,6]],[[33970,26294],[-2,14]],[[33968,26308],[1,5]],[[33969,26313],[32,1]],[[34001,26314],[4,-7]],[[34005,26307],[-1,-11]],[[34004,26296],[6,3]],[[34010,26299],[14,22]],[[34024,26321],[15,14]],[[34039,26335],[21,8]],[[34060,26343],[21,6]],[[34081,26349],[13,-2]],[[34094,26347],[26,5]],[[34120,26352],[24,-4]],[[34144,26348],[34,-2]],[[34178,26346],[9,6]],[[34187,26352],[3,8]],[[34190,26360],[-9,9]],[[34181,26369],[-8,-1]],[[34173,26368],[-8,7]],[[34165,26375],[10,9]],[[34175,26384],[26,6]],[[34201,26390],[6,1]],[[34207,26391],[11,0]],[[34218,26391],[5,6]],[[34223,26397],[1,17]],[[34224,26414],[-3,12]],[[34221,26426],[-8,9]],[[34213,26435],[4,8]],[[34217,26443],[30,23]],[[34247,26466],[4,6]],[[34251,26472],[2,2]],[[34253,26474],[3,13]],[[34256,26487],[-5,14]],[[34251,26501],[-5,13]],[[34246,26514],[-2,5]],[[34244,26519],[-6,7]],[[34238,26526],[1,6]],[[34239,26532],[11,6]],[[34250,26538],[11,8]],[[34261,26546],[5,8]],[[34266,26554],[3,5]],[[34269,26559],[12,4]],[[34281,26563],[10,-1]],[[34291,26562],[7,-1]],[[34298,26561],[9,4]],[[34307,26565],[9,9]],[[34316,26574],[17,1]],[[34333,26575],[7,1]],[[34340,26576],[7,0]],[[34347,26576],[8,-4]],[[34355,26572],[1,-6]],[[34356,26566],[1,-10]],[[34357,26556],[5,-5]],[[34362,26551],[6,-3]],[[34368,26548],[12,-5]],[[34380,26543],[2,-4]],[[34382,26539],[2,-4]],[[34384,26535],[7,-2]],[[34391,26533],[7,3]],[[34398,26536],[4,8]],[[34402,26544],[3,3]],[[34405,26547],[8,6]],[[34413,26553],[7,-1]],[[34420,26552],[5,-7]],[[34425,26545],[8,-18]],[[34433,26527],[13,-14]],[[34446,26513],[9,-15]],[[34455,26498],[11,-2]],[[34466,26496],[18,8]],[[34484,26504],[8,15]],[[34492,26519],[11,0]],[[34503,26519],[4,-5]],[[34507,26514],[3,-13]],[[34510,26501],[9,-9]],[[34519,26492],[13,0]],[[34532,26492],[17,-12]],[[34549,26480],[6,-18]],[[34555,26462],[0,-12]],[[34555,26450],[-5,-12]],[[34550,26438],[-3,-6]],[[34547,26432],[2,-13]],[[34549,26419],[21,-23]],[[34570,26396],[22,-27]],[[34592,26369],[11,-28]],[[34603,26341],[2,-20]],[[34605,26321],[2,-5]],[[34607,26316],[4,-10]],[[34611,26306],[13,-70]],[[34624,26236],[-39,-71]],[[34585,26165],[-3,-32]],[[34582,26133],[0,-42]],[[34582,26091],[18,-30]],[[34600,26061],[85,-93]],[[34685,25968],[3,-2]],[[34688,25966],[1,-9]],[[34689,25957],[-4,-10]],[[34685,25947],[23,-8]],[[34708,25939],[6,-8]],[[34714,25931],[-2,-10]],[[34712,25921],[-6,0]],[[34706,25921],[-6,-1]],[[34700,25920],[-1,-5]],[[34699,25915],[7,-8]],[[34706,25907],[13,-5]],[[34719,25902],[6,-5]],[[34725,25897],[0,-12]],[[34725,25885],[-7,-15]],[[34718,25870],[-1,-8]],[[34717,25862],[-1,-4]],[[34716,25858],[5,-18]],[[34721,25840],[7,-8]],[[34728,25832],[5,-4]],[[34733,25828],[16,-11]],[[34749,25817],[10,-7]],[[34759,25810],[9,-5]],[[34768,25805],[12,-7]],[[34780,25798],[11,-9]],[[34791,25789],[5,-10]],[[34796,25779],[0,-11]],[[34796,25768],[10,-15]],[[34806,25753],[3,-4]],[[34809,25749],[7,-10]],[[34816,25739],[1,-11]],[[34817,25728],[-3,-7]],[[34814,25721],[-16,-10]],[[34798,25711],[0,-8]],[[34798,25703],[-7,-12]],[[34791,25691],[-1,-15]],[[34790,25676],[2,-33]],[[34792,25643],[-1,-20]],[[34791,25623],[5,-6]],[[34796,25617],[33,-18]],[[34829,25599],[16,-14]],[[34845,25585],[20,-29]],[[34865,25556],[-6,-20]],[[34859,25536],[1,-9]],[[34860,25527],[12,-34]],[[34872,25493],[1,-9]],[[34873,25484],[7,-14]],[[34880,25470],[7,-9]],[[34887,25461],[-1,-19]],[[34886,25442],[11,-24]],[[34897,25418],[-1,-10]],[[34896,25408],[-6,2]],[[34890,25410],[-13,-6]],[[34877,25404],[-11,-11]],[[34866,25393],[0,-4]],[[34866,25389],[7,-9]],[[34873,25380],[8,-10]],[[34881,25370],[10,-12]],[[34891,25358],[12,-7]],[[34903,25351],[10,2]],[[34913,25353],[0,-6]],[[34913,25347],[-4,-5]],[[34909,25342],[-4,-4]],[[34905,25338],[6,-13]],[[34911,25325],[13,-12]],[[34924,25313],[10,-15]],[[34934,25298],[8,7]],[[34942,25305],[16,12]],[[34958,25317],[3,0]],[[34961,25317],[4,-7]],[[34965,25310],[-1,-10]],[[34964,25300],[8,-23]],[[34972,25277],[-2,-6]],[[34970,25271],[-11,-1]],[[34959,25270],[-3,0]],[[34956,25270],[-2,-4]],[[34954,25266],[3,-16]],[[34957,25250],[13,-6]],[[28705,24413],[-93,0]],[[28612,24413],[-5,0]],[[28607,24413],[-8,0]],[[28599,24413],[-4,1]],[[28595,24414],[-1,0]],[[28594,24414],[-25,1]],[[28569,24415],[-13,-1]],[[28556,24414],[-76,0]],[[28480,24414],[-20,0]],[[28460,24414],[-104,1]],[[28356,24415],[-38,0]],[[28318,24415],[-8,-2]],[[28310,24413],[0,-122]],[[28310,24291],[0,-10]],[[28310,24281],[0,-2]],[[28310,24279],[0,-98]],[[28310,24181],[0,-38]],[[28310,24143],[-136,0]],[[28174,24143],[-11,0]],[[29355,24413],[-233,1],[-213,-1]],[[28909,24413],[-70,0]],[[28839,24413],[-6,0]],[[28833,24413],[-4,0]],[[28829,24413],[-2,0]],[[28827,24413],[-96,0]],[[28731,24413],[-26,0]],[[25623,22815],[-2,2]],[[25654,23031],[1,2]],[[25657,23034],[41,4]],[[25208,22518],[-25,0]],[[25183,22518],[-2,0]],[[8638,36220],[15,7]],[[8653,36227],[17,2]],[[8670,36229],[11,7]],[[8681,36236],[15,2]],[[8696,36238],[10,16]],[[8706,36254],[19,7]],[[8725,36261],[-2,6]],[[8723,36267],[-1,9]],[[8722,36276],[13,7]],[[8735,36283],[0,9]],[[8735,36292],[9,10]],[[8744,36302],[21,20]],[[8765,36322],[7,-1]],[[8772,36321],[2,0]],[[8774,36321],[0,3]],[[8774,36324],[0,3]],[[8774,36327],[11,3]],[[8785,36330],[2,7]],[[8787,36337],[-6,6]],[[8781,36343],[4,9]],[[8785,36352],[17,1]],[[8802,36353],[8,3]],[[8810,36356],[42,7]],[[8852,36363],[12,-3]],[[8864,36360],[7,-11]],[[8871,36349],[4,0]],[[8875,36349],[4,0]],[[8879,36349],[9,-11]],[[8888,36338],[19,1]],[[8907,36339],[8,0]],[[8915,36339],[37,22]],[[8952,36361],[17,8]],[[8969,36369],[14,16]],[[8983,36385],[17,2]],[[9000,36387],[13,-3]],[[9013,36384],[24,-19]],[[9037,36365],[9,-20]],[[9046,36345],[18,-8]],[[9064,36337],[22,-15]],[[9086,36322],[5,3]],[[9091,36325],[6,3]],[[9097,36328],[19,3]],[[9116,36331],[12,15]],[[9128,36346],[3,4]],[[9131,36350],[3,4]],[[9134,36354],[15,-7]],[[9149,36347],[20,3]],[[9169,36350],[1,0]],[[9170,36350],[9,1]],[[9179,36351],[3,1]],[[9182,36352],[13,-3]],[[9195,36349],[16,1]],[[9211,36350],[11,9]],[[9222,36359],[14,4]],[[9236,36363],[3,4]],[[9239,36367],[3,6]],[[9242,36373],[13,8]],[[9255,36381],[27,27]],[[9282,36408],[8,16]],[[9290,36424],[13,17]],[[9303,36441],[12,18]],[[9315,36459],[2,20]],[[9317,36479],[5,16]],[[9322,36495],[10,21]],[[9332,36516],[11,8]],[[9343,36524],[22,10]],[[9365,36534],[6,3]],[[9371,36537],[45,0]],[[9416,36537],[63,5]],[[9479,36542],[44,0]],[[9523,36542],[51,-7]],[[9574,36535],[15,-2]],[[9589,36533],[21,0]],[[9610,36533],[162,-2]],[[9772,36531],[5,0]],[[9777,36531],[31,0]],[[9808,36531],[338,-5],[32,2]],[[10178,36528],[26,2]],[[10204,36530],[37,-4]],[[10241,36526],[5,0]],[[10246,36526],[1,0]],[[10247,36526],[2,0]],[[10249,36526],[6,0]],[[10255,36526],[8,0]],[[10263,36526],[38,0]],[[10301,36526],[43,0]],[[10344,36526],[4,0]],[[10348,36526],[5,0]],[[10353,36526],[14,2]],[[10367,36528],[44,-3]],[[10411,36525],[33,-1]],[[10444,36524],[27,0]],[[10471,36524],[160,-2],[44,1]],[[10675,36523],[14,-2]],[[10689,36521],[112,-2]],[[10801,36519],[3,0]],[[10804,36519],[36,0]],[[10840,36519],[23,-1]],[[10863,36518],[77,-1]],[[10940,36517],[35,0]],[[10975,36517],[51,0]],[[11026,36517],[14,-1]],[[11040,36516],[3,0]],[[11043,36516],[251,-3],[0,2]],[[11294,36515],[1,27]],[[11295,36542],[0,4]],[[11295,36546],[0,39]],[[11295,36585],[1,31]],[[11296,36616],[0,3]],[[11296,36619],[0,6]],[[11296,36625],[0,14]],[[11296,36639],[0,8]],[[11296,36647],[-1,18]],[[11295,36665],[3,62]],[[11298,36727],[1,56]],[[11299,36783],[2,46]],[[11301,36829],[1,27]],[[11302,36856],[0,20]],[[11302,36876],[-3,27]],[[11299,36903],[2,5]],[[11301,36908],[2,49]],[[11303,36957],[1,7]],[[11304,36964],[0,7]],[[11304,36971],[1,53]],[[11305,37024],[-2,6]],[[11303,37030],[-1,24]],[[11302,37054],[1,38],[-1,190]],[[11302,37282],[0,34]],[[11302,37316],[0,6]],[[11302,37322],[4,0]],[[11306,37322],[129,-1]],[[11435,37321],[1,0]],[[11436,37321],[46,-1]],[[11482,37320],[23,2]],[[11505,37322],[69,0]],[[11841,37317],[1,-14]],[[11842,37303],[0,-77]],[[11842,37226],[-4,-44]],[[11838,37182],[0,-8]],[[11838,37174],[0,-37]],[[11838,37137],[-1,-57]],[[11837,37080],[-2,-74]],[[11835,37006],[0,-50]],[[11835,36956],[-3,-166]],[[11832,36790],[-1,-6]],[[11831,36784],[-3,-188]],[[11828,36596],[-1,-36]],[[11827,36560],[0,-37]],[[11827,36523],[-1,-17]],[[11826,36506],[2,-22]],[[11828,36484],[-2,-42]],[[11826,36442],[-6,-22]],[[11820,36420],[-2,-29]],[[11818,36391],[2,-19]],[[11820,36372],[1,-44],[-1,-146]],[[11820,36182],[-3,-74]],[[11817,36108],[1,-8]],[[11818,36100],[0,-5]],[[11818,36095],[0,-23]],[[11818,36072],[-1,-106],[1,-189]],[[11818,35777],[-2,-52]],[[11816,35725],[0,-11]],[[11816,35714],[-1,-10]],[[11815,35704],[-1,-130],[2,-116]],[[11816,35458],[-3,-40]],[[11813,35418],[-2,-65]],[[11811,35353],[0,-130]],[[11811,35223],[0,-55]],[[11811,35168],[0,-4]],[[11811,35164],[0,-108]],[[17324,33631],[-35,-8]],[[17286,33625],[-29,3]],[[17230,33636],[-11,7]],[[17211,33648],[-6,2]],[[17160,33667],[-1,0]],[[17159,33667],[-19,4]],[[17122,33672],[-13,0]],[[17097,33674],[-31,17]],[[17051,33701],[-3,3],[-4,2],[-5,2],[-68,13]],[[16969,33721],[-49,-9],[-37,13]],[[16257,33883],[8,11],[-17,14],[-50,-2],[0,31],[-14,14],[-18,4],[0,-19],[-23,-14],[-11,19],[-11,-22],[-11,17],[-20,15],[-26,13],[-18,15],[-34,19],[-21,23],[-2,13],[-18,15],[-5,49],[-21,3],[-9,37],[-22,46],[-31,32],[-12,-2],[-17,12],[-5,-19],[-20,11],[-23,-2],[-4,14],[-21,27],[-3,36],[-18,9],[0,11],[-18,16],[-1,25],[-11,25],[-24,16],[-28,37],[12,17],[20,13],[0,20],[-17,26],[-6,36],[-16,-3],[-2,-14],[-18,-1],[-6,31],[-18,0],[-12,28],[-14,3],[-6,19],[12,6],[5,28],[-26,44],[19,17],[-17,27],[6,59],[11,12],[-2,20],[20,44],[-19,20],[2,56],[-24,23],[-22,2],[-7,12],[1,45],[12,33],[-29,9],[7,28],[-11,33],[1,35],[-30,28],[-27,-1],[-14,18],[0,14],[-29,29],[13,14],[5,33],[-15,19],[8,11],[-13,24],[-20,20],[-22,1],[-15,-8],[-19,14],[-57,25],[-59,58],[30,11],[8,11],[-2,34],[18,4],[0,18],[-17,10],[5,36],[13,16],[74,70]],[[10705,38947],[7,-73],[-2,-29],[-15,-53],[-7,-56],[-23,-28],[-33,-57],[-11,-40],[-21,-28],[-4,-49],[6,-11],[-5,-24],[8,-12],[0,-76],[-75,3],[-258,3],[-15,-2],[-233,8],[-35,3],[3,24],[2,155],[-89,3],[0,87],[-366,6],[27,-43],[-16,-30],[-13,0],[-24,-15],[-20,-50],[-1,-17],[13,-23],[-20,-11],[-1,-19],[22,-30],[-26,-11],[1,-11],[25,-8],[6,-19],[-17,-23],[25,-15],[14,4],[-32,-56],[18,-25],[-36,-16],[-21,-35],[-20,-1],[19,-46],[-23,10],[-24,-23],[4,-29]],[[15721,36214],[-14,0]],[[15707,36214],[-12,0]],[[15695,36214],[-82,-3]],[[15613,36211],[-72,1]],[[15541,36212],[1,33]],[[15542,36245],[0,1]],[[15542,36246],[0,2]],[[15542,36248],[0,145]],[[15542,36393],[-177,-1]],[[15365,36392],[0,13]],[[15365,36405],[0,57]],[[15365,36462],[0,3]],[[15365,36465],[0,70]],[[15365,36535],[0,4]],[[15365,36539],[0,120]],[[15365,36659],[-49,0]],[[15316,36659],[-40,0]],[[15276,36659],[-7,0]],[[15269,36659],[-46,0]],[[15223,36659],[-2,0]],[[15221,36659],[-45,0],[-164,-3]],[[15012,36656],[-2,264]],[[15010,36920],[0,3]],[[15010,36923],[-1,84]],[[15009,37007],[0,13]],[[15009,37020],[-88,0],[-90,-2]],[[14831,37018],[0,14]],[[14831,37032],[-1,77]],[[14830,37109],[-138,0]],[[14692,37109],[-8,0]],[[14684,37109],[-165,-1],[-41,1]],[[14478,37109],[-1,124],[-2,55]],[[14475,37288],[0,117]],[[14475,37405],[0,13]],[[14475,37418],[0,100]],[[14475,37518],[0,8]],[[14475,37526],[0,30]],[[14475,37556],[-152,2]],[[14323,37558],[-94,3]],[[14229,37561],[-10,0]],[[14219,37561],[-3,0]],[[14216,37561],[-9,-22]],[[14207,37539],[-8,-15]],[[14199,37524],[-12,-11]],[[14187,37513],[-19,-10]],[[14168,37503],[-17,-9]],[[14151,37494],[-5,-25]],[[14146,37469],[1,-12]],[[14147,37457],[7,-12]],[[14154,37445],[3,-14]],[[14157,37431],[1,-3]],[[14158,37428],[-4,-19]],[[14154,37409],[-13,-11]],[[14141,37398],[-11,-4]],[[14130,37394],[-13,-4]],[[14117,37390],[-24,5]],[[14093,37395],[-14,10]],[[14079,37405],[-19,9]],[[14060,37414],[-7,-2]],[[14053,37412],[-10,-12]],[[14043,37400],[-2,-8]],[[14041,37392],[0,-12]],[[14041,37380],[1,-15]],[[14042,37365],[1,-7]],[[14043,37358],[0,-2]],[[14043,37356],[0,-10]],[[14043,37346],[3,-7]],[[14046,37339],[16,-24]],[[14062,37315],[1,-9]],[[14063,37306],[-3,-9]],[[14060,37297],[-6,-6]],[[14054,37291],[-20,-23]],[[14034,37268],[-16,-14]],[[14018,37254],[-19,-22]],[[13999,37232],[-6,-12]],[[13993,37220],[-4,-8]],[[13989,37212],[-38,-81]],[[13951,37131],[-9,-25]],[[13942,37106],[-8,-14]],[[13934,37092],[-10,-17]],[[13924,37075],[-11,-18]],[[13913,37057],[-6,-15]],[[13907,37042],[-5,-19]],[[13902,37023],[-4,-28]],[[13898,36995],[3,-27]],[[13901,36968],[3,-10]],[[13904,36958],[3,-10]],[[13907,36948],[1,-17]],[[13908,36931],[-3,-23]],[[13905,36908],[-3,-3]],[[13902,36905],[-6,-20]],[[13896,36885],[-3,-8]],[[13893,36877],[-3,-22]],[[13890,36855],[0,-18]],[[13890,36837],[-7,-19]],[[13883,36818],[-15,-20]],[[13868,36798],[-7,-7]],[[13861,36791],[-15,-16]],[[13846,36775],[-2,-2]],[[13844,36773],[-6,-16]],[[13838,36757],[3,-9]],[[13841,36748],[12,-9]],[[13853,36739],[8,-5]],[[13861,36734],[14,-4]],[[13875,36730],[16,0]],[[13891,36730],[22,4]],[[13913,36734],[9,-2]],[[13922,36732],[9,-16]],[[13931,36716],[-1,-24]],[[13930,36692],[-11,-10]],[[13919,36682],[-15,-6]],[[13904,36676],[-18,-17]],[[13886,36659],[-25,-26]],[[13861,36633],[-8,-20]],[[13853,36613],[0,-19]],[[13853,36594],[4,-11]],[[13857,36583],[4,-6]],[[13861,36577],[13,-8]],[[13874,36569],[21,-5]],[[13895,36564],[16,2]],[[13911,36566],[22,13]],[[13933,36579],[18,1]],[[13951,36580],[9,-21]],[[13960,36559],[-11,-14]],[[13949,36545],[-33,-5]],[[13916,36540],[-38,-17]],[[13878,36523],[-20,-6]],[[13858,36517],[-1,-1]],[[13857,36516],[-1,0]],[[13856,36516],[-20,-5]],[[13836,36511],[-28,-4]],[[13808,36507],[-27,-9]],[[13781,36498],[-25,-15]],[[13756,36483],[-23,-17]],[[13733,36466],[-14,-12]],[[13719,36454],[-11,-12]],[[13708,36442],[-15,-16]],[[13693,36426],[-5,-14]],[[13688,36412],[0,-13]],[[13688,36399],[6,-17]],[[13694,36382],[12,-15],[26,-4]],[[13732,36363],[34,7]],[[13766,36370],[6,-1]],[[13772,36369],[3,-1]],[[13775,36368],[4,0]],[[13779,36368],[10,-16]],[[13789,36352],[-3,-10]],[[13786,36342],[-9,-6]],[[13777,36336],[-20,-8]],[[13757,36328],[-19,-5]],[[13738,36323],[-21,-2]],[[13717,36321],[-9,-7]],[[13708,36314],[-4,-8]],[[13704,36306],[-1,-12]],[[13703,36294],[4,-9]],[[13707,36285],[10,-10]],[[13717,36275],[54,-8]],[[13771,36267],[8,-4]],[[13779,36263],[5,-12]],[[13784,36251],[0,-43]],[[13784,36208],[-3,-9]],[[13781,36199],[-20,-15]],[[13761,36184],[-12,-9]],[[13749,36175],[-11,-17]],[[13738,36158],[-7,-18]],[[13731,36140],[-8,-5]],[[13723,36135],[-10,5]],[[13713,36140],[-3,9]],[[13710,36149],[-13,5]],[[13697,36154],[-15,-10]],[[13682,36144],[-17,-11]],[[13665,36133],[-16,-19]],[[13649,36114],[-2,-12]],[[13647,36102],[3,-16]],[[13650,36086],[8,-12]],[[13658,36074],[7,-4]],[[13665,36070],[14,-1]],[[13679,36069],[29,3]],[[13708,36072],[14,-4]],[[13722,36068],[1,-3]],[[13723,36065],[1,-7]],[[13724,36058],[-10,-14]],[[13714,36044],[-7,-3]],[[13707,36041],[-20,-6]],[[13687,36035],[-22,-8]],[[13665,36027],[-9,-6]],[[13656,36021],[-13,-16]],[[13643,36005],[-7,-13]],[[13636,35992],[-8,-33]],[[13628,35959],[-6,-21]],[[13622,35938],[-20,-22]],[[13602,35916],[-4,-12]],[[13598,35904],[1,-10]],[[13599,35894],[12,-18]],[[13611,35876],[10,-14]],[[13621,35862],[7,-16]],[[13628,35846],[-1,-15]],[[13627,35831],[-5,-10]],[[13622,35821],[-6,-15]],[[13616,35806],[1,-13]],[[13617,35793],[8,-9]],[[13625,35784],[14,-8]],[[13639,35776],[27,-9]],[[13666,35767],[15,-10]],[[13681,35757],[0,-12]],[[13681,35745],[-12,-13]],[[13669,35732],[-14,-2]],[[13655,35730],[-6,1]],[[13649,35731],[-30,13]],[[13619,35744],[-11,3]],[[13608,35747],[-11,-9]],[[13597,35738],[-2,-7]],[[13595,35731],[9,-17]],[[13604,35714],[9,-20]],[[13613,35694],[-2,-7]],[[13611,35687],[-8,-3]],[[13603,35684],[-10,2]],[[13593,35686],[-21,12]],[[13572,35698],[-11,-8]],[[13561,35690],[-1,-14]],[[13560,35676],[6,-21]],[[13566,35655],[17,-65]],[[13583,35590],[-7,-7]],[[13576,35583],[-6,0]],[[13570,35583],[-13,-1]],[[13557,35582],[-8,-4]],[[13549,35578],[-4,-8]],[[13545,35570],[2,-21]],[[13547,35549],[8,-19]],[[13555,35530],[1,-9]],[[13556,35521],[-6,-11]],[[13550,35510],[-17,-12]],[[13533,35498],[-9,-10]],[[13524,35488],[0,-10]],[[13524,35478],[4,-8]],[[13528,35470],[17,-16]],[[13545,35454],[5,-13]],[[13550,35441],[-3,-10]],[[13547,35431],[-14,-8]],[[13533,35423],[-18,-3]],[[13515,35420],[-10,-7]],[[13505,35413],[-5,-7]],[[13500,35406],[-2,-17]],[[13498,35389],[-1,-28]],[[13497,35361],[-2,-3]],[[13495,35358],[-3,-2]],[[13492,35356],[-16,2]],[[13476,35358],[-6,8]],[[13470,35366],[-13,-1]],[[13457,35365],[-10,-13]],[[13447,35352],[3,-9]],[[13450,35343],[1,-19]],[[13451,35324],[-3,-11]],[[13448,35313],[-7,-8]],[[13441,35305],[-18,-16]],[[13423,35289],[-1,-9]],[[13422,35280],[4,-16]],[[13426,35264],[10,-11]],[[13436,35253],[6,-8]],[[13442,35245],[-1,-11]],[[13441,35234],[-8,-7]],[[13433,35227],[-18,-1]],[[13415,35226],[-20,8]],[[13395,35234],[-13,0]],[[13382,35234],[-5,-13]],[[13377,35221],[3,-11]],[[13380,35210],[4,-14]],[[13384,35196],[-1,-7]],[[13383,35189],[-12,-10]],[[13371,35179],[-18,-5]],[[13353,35174],[-10,1]],[[13343,35175],[-6,-3]],[[13337,35172],[-4,-15]],[[13333,35157],[2,-6]],[[13335,35151],[2,-16]],[[13337,35135],[-4,-7]],[[13333,35128],[-8,-5]],[[13325,35123],[-16,5]],[[13309,35128],[-7,11]],[[13302,35139],[1,10]],[[13303,35149],[-13,14]],[[13290,35163],[-15,-1]],[[13275,35162],[-3,-12]],[[13272,35150],[2,-10]],[[13274,35140],[6,-13]],[[13280,35127],[5,-11]],[[13285,35116],[-2,-8]],[[13283,35108],[-8,-6]],[[13275,35102],[-11,3]],[[13264,35105],[-16,11]],[[13248,35116],[-9,-1]],[[13239,35115],[-4,-5]],[[13235,35110],[0,-16]],[[13235,35094],[19,-28]],[[13254,35066],[-2,-16]],[[33523,32714],[1,-10]],[[29328,13859],[5,0]],[[29333,13859],[24,1]],[[29357,13860],[22,-1]],[[29379,13859],[40,0]],[[29419,13859],[21,0]],[[29440,13859],[2,0]],[[29442,13859],[29,0]],[[29471,13859],[533,-2]],[[30004,13857],[1,0]],[[30005,13857],[86,-185],[43,-90],[22,-80]],[[30156,13502],[6,-20]],[[30162,13482],[4,-13]],[[30166,13469],[3,-14]],[[30169,13455],[0,-19]],[[30169,13436],[-3,-24]],[[30166,13412],[0,-7]],[[30166,13405],[-5,-84]],[[30161,13321],[0,-8]],[[30161,13313],[104,0],[55,16],[50,35],[21,11],[34,41],[49,47],[35,40],[25,14],[100,0],[54,-80],[13,-33]],[[30701,13404],[2,-78]],[[30703,13326],[0,-41],[-6,-41]],[[30697,13244],[2,-123],[0,-27],[-30,-118],[-3,-25],[13,-66]],[[30679,12885],[56,-225],[2,-26]],[[30737,12634],[-15,-107],[0,-47]],[[30722,12480],[3,-334],[1,-52],[41,-174],[13,-44]],[[30780,11876],[55,-179],[1,-12],[6,-219],[2,-42],[16,-42],[66,-94],[7,-12],[8,-40],[31,-160],[6,-19]],[[30978,11057],[-43,-1]],[[30935,11056],[-43,-1]],[[30892,11055],[-125,-1]],[[30767,11054],[-10,0]],[[30757,11054],[-5,-1]],[[30752,11053],[-72,0]],[[30680,11053],[-11,0]],[[30668,11053],[-73,0]],[[30595,11053],[0,15]],[[30595,11068],[0,15]],[[30595,11083],[0,2]],[[30595,11085],[-1,12]],[[30594,11097],[0,1]],[[30594,11098],[0,12]],[[30594,11110],[0,23]],[[30594,11133],[0,8]],[[30594,11141],[-10,0]],[[30584,11141],[-15,-1]],[[30569,11140],[-3,0]],[[30566,11140],[-38,0]],[[30528,11140],[-15,0]],[[30513,11140],[-22,0]],[[30491,11140],[-9,0]],[[30482,11140],[-3,0]],[[30479,11140],[-1,0]],[[30478,11140],[-15,0]],[[30463,11140],[-9,0]],[[28211,13977],[39,0]],[[28250,13977],[18,-4]],[[28268,13973],[61,-12]],[[28338,13961],[28,-7]],[[28366,13954],[46,-16]],[[28412,13938],[31,-6]],[[28443,13932],[30,-1]],[[28478,13929],[17,-12]],[[28495,13917],[26,-28]],[[28521,13889],[16,-15]],[[28537,13874],[7,-7]],[[28544,13867],[7,-4]],[[28561,13860],[24,1]],[[29348,31694],[0,6]],[[29348,31700],[5,73]],[[29353,31773],[12,117]],[[29365,31890],[3,12]],[[29368,31902],[10,119]],[[29378,32021],[1,10]],[[29379,32031],[1,13]],[[29380,32044],[3,0]],[[29383,32044],[-1,3]],[[29382,32047],[-1,0]],[[29381,32047],[-2,6]],[[29379,32053],[-1,4]],[[29378,32057],[-9,8]],[[29369,32065],[-9,1]],[[29360,32066],[-9,1]],[[29351,32067],[-1,7]],[[29350,32074],[34,2]],[[29384,32076],[107,0]],[[29491,32076],[10,21]],[[29501,32097],[11,20]],[[29512,32117],[62,56]],[[29574,32173],[1,1]],[[29575,32174],[5,5]],[[29580,32179],[26,26]],[[29606,32205],[12,5]],[[29618,32210],[50,14]],[[29668,32224],[2,1]],[[29670,32225],[16,6]],[[29686,32231],[4,2]],[[29690,32233],[27,-2]],[[29717,32239],[17,5]],[[29734,32244],[34,8]],[[29768,32252],[92,1]],[[29860,32253],[5,0]],[[29865,32253],[10,0]],[[29875,32253],[17,1]],[[29892,32254],[69,0]],[[29961,32254],[5,6]],[[29966,32260],[7,9]],[[29973,32269],[22,27]],[[29995,32296],[4,4]],[[29999,32300],[3,4]],[[30002,32304],[3,4]],[[30005,32308],[3,6]],[[30008,32314],[8,14]],[[30016,32328],[4,11]],[[30020,32339],[1,11]],[[30021,32350],[2,29]],[[30023,32379],[3,16]],[[30026,32395],[12,28]],[[30038,32423],[0,2]],[[30038,32425],[3,21]],[[30041,32446],[4,15]],[[30045,32461],[15,27]],[[30060,32488],[2,5]],[[30066,32498],[16,12]],[[30082,32510],[12,16]],[[30094,32526],[14,8]],[[30108,32534],[6,3]],[[30114,32537],[6,2]],[[30120,32539],[18,-2]],[[30138,32537],[6,-1]],[[30144,32536],[24,7]],[[30168,32543],[2,1]],[[30170,32544],[1,0]],[[30171,32544],[47,24]],[[30218,32568],[15,2]],[[30233,32570],[28,5]],[[30261,32575],[64,9]],[[30325,32584],[20,0]],[[30345,32584],[2,-1]],[[30347,32583],[14,-2]],[[30361,32581],[8,-1]],[[30369,32580],[2,4]],[[30371,32584],[7,11]],[[30378,32595],[26,17]],[[30404,32612],[10,10]],[[30414,32622],[21,10]],[[30435,32632],[12,5]],[[30447,32637],[1,2]],[[30448,32639],[28,21]],[[30476,32660],[24,19]],[[30500,32679],[11,12]],[[30511,32691],[15,17]],[[30526,32708],[7,7]],[[30533,32715],[3,3]],[[30536,32718],[12,12]],[[30548,32730],[10,5]],[[30558,32735],[16,2]],[[30574,32737],[6,5]],[[30580,32742],[2,3]],[[30582,32745],[12,21]],[[30594,32766],[18,20]],[[30612,32786],[3,3]],[[30615,32789],[14,15]],[[30629,32804],[80,1]],[[30710,32805],[50,1]],[[30760,32806],[74,1]],[[30834,32807],[14,0]],[[30848,32807],[71,1]],[[30919,32808],[324,7]],[[31243,32815],[88,1]],[[31331,32816],[32,1]],[[31363,32817],[34,1]],[[31397,32818],[25,0]],[[31422,32818],[216,5]],[[31638,32823],[208,4]],[[31846,32827],[-12,27]],[[31834,32854],[-22,51]],[[31812,32905],[-9,21]],[[31803,32926],[-43,99]],[[31760,33025],[-8,20]],[[31752,33045],[-13,49]],[[31739,33094],[-1,3]],[[31738,33097],[-20,78]],[[31718,33175],[-5,28]],[[31713,33203],[-2,6]],[[31711,33209],[-1,7]],[[31710,33216],[-1,5]],[[31709,33221],[-1,6]],[[31708,33227],[-1,5]],[[31707,33232],[-3,23]],[[31704,33255],[-1,39]],[[31703,33294],[2,11]],[[31705,33305],[10,34]],[[31715,33339],[2,4]],[[31717,33343],[15,38]],[[31732,33381],[2,6]],[[31734,33387],[2,5]],[[31736,33392],[2,5]],[[31738,33397],[6,17]],[[31744,33414],[4,9]],[[31748,33423],[6,27]],[[31754,33450],[0,12]],[[31754,33462],[-6,57]],[[31748,33519],[-6,24]],[[31742,33543],[-6,13]],[[31736,33556],[-4,10]],[[31732,33566],[-4,9]],[[31728,33575],[-2,5]],[[31726,33580],[-2,4]],[[31724,33584],[-3,5]],[[31721,33589],[-10,19]],[[31711,33608],[-4,5]],[[31707,33613],[-3,4]],[[31704,33617],[-4,6]],[[31700,33623],[-2,2]],[[31698,33625],[-4,6]],[[31694,33631],[-4,4]],[[31690,33635],[-11,12]],[[31679,33647],[-17,16]],[[31662,33663],[-8,7]],[[31654,33670],[-5,4]],[[31649,33674],[-4,3]],[[31645,33677],[-4,4]],[[31641,33681],[-6,4]],[[31635,33685],[-14,12]],[[31621,33697],[-2,2]],[[31619,33699],[-39,25]],[[31580,33724],[-7,4]],[[31573,33728],[-2,2]],[[31571,33730],[-44,29]],[[31527,33759],[-85,56]],[[31442,33815],[-3,2]],[[31439,33817],[-14,9]],[[31425,33826],[-28,17]],[[31373,33859],[-38,31]],[[31335,33890],[-24,28]],[[31311,33918],[-13,24]],[[31291,33957],[-12,34]],[[31279,33991],[-5,43]],[[31274,34034],[-3,45]],[[31271,34079],[2,38]],[[31273,34117],[2,61]],[[31275,34178],[2,26]],[[31277,34204],[8,28]],[[31285,34232],[15,29]],[[31300,34261],[17,41]],[[31317,34302],[6,23]],[[31325,34370],[-3,25]],[[31322,34395],[-4,33]],[[31318,34428],[-1,43]],[[31317,34471],[2,17]],[[31319,34488],[7,63]],[[31326,34551],[-1,13]],[[31325,34564],[156,2]],[[31481,34566],[47,24]],[[31528,34590],[65,37]],[[31593,34627],[29,13]],[[31622,34640],[1,0]],[[31623,34640],[43,-3]],[[31666,34637],[8,0]],[[31674,34637],[4,-1]],[[31682,34636],[12,-3]],[[31694,34633],[44,-11]],[[31741,34621],[42,-21]],[[31783,34600],[14,-8]],[[31797,34592],[37,-1]],[[31834,34591],[14,3]],[[31848,34594],[12,-12]],[[31860,34582],[9,-8]],[[31869,34574],[4,-5]],[[31873,34569],[1,-2]],[[31874,34567],[11,-7]],[[31885,34560],[8,-1]],[[31893,34559],[2,-1]],[[31895,34558],[3,-3]],[[31898,34555],[3,-2]],[[31901,34553],[7,-4]],[[31908,34549],[7,-5]],[[31915,34544],[1,-2]],[[31916,34542],[5,1]],[[31921,34543],[8,0]],[[31929,34543],[6,-3]],[[31935,34540],[11,1]],[[31946,34541],[7,-2]],[[31953,34539],[4,-1]],[[31957,34538],[10,0]],[[31967,34538],[1,0]],[[31968,34538],[9,4]],[[31977,34542],[71,11]],[[32048,34553],[20,3]],[[32068,34556],[1,-43]],[[32069,34513],[0,-57]],[[32069,34456],[123,2]],[[32192,34458],[2,0]],[[32194,34458],[3,0]],[[32197,34458],[54,1]],[[32251,34459],[2,0]],[[32253,34459],[49,1]],[[32302,34460],[69,2]],[[32371,34462],[10,0]],[[32381,34462],[3,0]],[[32384,34462],[233,3]],[[32617,34465],[4,2]],[[32621,34467],[1,3]],[[32622,34470],[0,6]],[[32622,34476],[-1,25]],[[32621,34501],[0,25]],[[32621,34526],[-2,121]],[[32619,34647],[0,2]],[[32619,34649],[-12,630]],[[32607,35279],[-2,73]],[[32605,35352],[0,22]],[[32619,35374],[21,-1]],[[32641,35373],[3,0]],[[32644,35373],[152,3]],[[32796,35376],[64,1]],[[32895,35377],[10,0]],[[34852,29086],[-47,-22],[-27,-8],[-124,-63],[-35,66],[-8,-4],[-12,33],[10,2],[-15,31],[-24,15],[-45,53],[-5,28],[-53,114],[1,26],[-43,-9],[-81,-83],[-26,-33],[-9,-4],[-106,-33],[-22,2],[-135,20],[-46,38],[-22,1],[-114,-49],[-91,-13],[-28,-21],[-54,-49],[-23,-8],[-94,3],[-252,-74],[-111,-17]],[[33211,29028],[-27,-9],[-155,-111],[-76,-10],[-167,-67],[-69,-14],[-16,-9],[-25,-30],[-41,-27],[-154,-53],[-27,-6],[-231,-4],[-53,-8],[-16,-8]],[[32154,28672],[-3,4]],[[32151,28676],[-4,5]],[[32147,28681],[-12,7]],[[32135,28688],[-3,1]],[[32132,28689],[-15,3]],[[32117,28692],[-10,9]],[[32107,28701],[2,11]],[[32109,28712],[1,11]],[[32110,28723],[-2,6]],[[32108,28729],[-6,4]],[[32102,28733],[-23,6]],[[32079,28739],[-7,1]],[[32072,28740],[-1,1]],[[32071,28741],[-5,1]],[[32066,28742],[-5,1]],[[32061,28743],[-1,1]],[[32060,28744],[-3,1]],[[32057,28745],[-9,6]],[[32048,28751],[-7,4]],[[32041,28755],[-13,21]],[[32028,28776],[-12,3]],[[32016,28779],[-3,0]],[[32013,28779],[-13,-4]],[[32000,28775],[-11,2]],[[31989,28777],[-2,4]],[[31987,28781],[4,17]],[[31991,28798],[-3,9]],[[31988,28807],[-5,6]],[[31983,28813],[-11,21]],[[31972,28834],[-1,7]],[[31971,28841],[-3,14]],[[31968,28855],[-15,18]],[[31953,28873],[-18,2]],[[31935,28875],[-8,2]],[[31927,28877],[-17,4]],[[31910,28881],[-2,1]],[[31908,28882],[-6,2]],[[31902,28884],[-8,8]],[[31894,28892],[-17,-2]],[[31877,28890],[-3,-1]],[[31874,28889],[-9,-5]],[[31865,28884],[-3,-2]],[[31862,28882],[-11,-2]],[[31851,28880],[-2,-1]],[[31849,28879],[-10,-6]],[[31839,28873],[-15,-1]],[[31824,28872],[-1,0]],[[31823,28872],[-12,-3]],[[31811,28869],[-5,-2]],[[31806,28867],[-8,-1]],[[31798,28866],[-8,0]],[[31790,28866],[-7,-1]],[[31783,28865],[-19,3]],[[31764,28868],[-7,1]],[[31757,28869],[-10,1]],[[31747,28870],[-2,0]],[[31745,28870],[-22,5]],[[31723,28875],[-1,0]],[[31722,28875],[-7,3]],[[31715,28878],[-2,1]],[[31713,28879],[-10,4]],[[31703,28883],[-4,2]],[[31699,28885],[-6,2]],[[31693,28887],[-10,2]],[[31683,28889],[-1,9]],[[31682,28898],[0,1]],[[31682,28899],[0,1]],[[31682,28900],[-3,3]],[[31679,28903],[-1,1]],[[31678,28904],[-6,6]],[[31672,28910],[-2,7]],[[31670,28917],[0,2]],[[31670,28919],[-6,10]],[[31664,28929],[-6,7]],[[31658,28936],[-1,11]],[[31657,28947],[-1,4]],[[31656,28951],[3,8]],[[31659,28959],[5,10]],[[31664,28969],[3,6]],[[31667,28975],[1,3]],[[31668,28978],[0,3]],[[31668,28981],[-4,20]],[[31664,29001],[0,1]],[[31664,29002],[-5,8]],[[31659,29010],[-5,15]],[[31654,29025],[-5,12]],[[31649,29037],[-2,8]],[[31647,29045],[-2,3]],[[31645,29048],[-4,4]],[[31641,29052],[-8,6]],[[31633,29058],[-5,10]],[[31628,29068],[-1,2]],[[31627,29070],[-16,23]],[[31611,29093],[-1,2]],[[31610,29095],[-8,8]],[[31602,29103],[-1,1]],[[31601,29104],[-9,9]],[[31592,29113],[0,1]],[[31592,29114],[-1,5]],[[31591,29119],[-1,2]],[[31590,29121],[-13,15]],[[31577,29136],[-1,1]],[[31576,29137],[-1,1]],[[31575,29138],[0,1]],[[31575,29139],[-1,1]],[[31574,29140],[-5,7]],[[31569,29147],[-1,1]],[[31568,29148],[-4,16]],[[31564,29164],[4,14]],[[31568,29178],[2,4]],[[31570,29182],[-3,9]],[[31567,29191],[0,2]],[[31567,29193],[2,14]],[[31569,29207],[-10,27]],[[31559,29234],[-7,27]],[[31552,29261],[-6,27]],[[31546,29288],[-6,21]],[[31540,29309],[-3,9]],[[31537,29318],[-2,10]],[[31535,29328],[-5,10]],[[31530,29338],[-4,8]],[[31526,29346],[-1,1]],[[31525,29347],[-2,4]],[[31523,29351],[-14,23]],[[31509,29374],[-4,10]],[[31505,29384],[-1,3]],[[31504,29387],[0,1]],[[31504,29388],[-2,5]],[[31502,29393],[-1,1]],[[31501,29394],[-5,9]],[[31496,29403],[-3,11]],[[31493,29414],[-1,3]],[[31492,29417],[0,12]],[[31492,29429],[-14,26]],[[31478,29455],[-4,9]],[[31474,29464],[-1,3]],[[31473,29467],[-8,6]],[[31465,29473],[-1,2]],[[31464,29475],[-5,7]],[[31459,29482],[-5,7]],[[31454,29489],[-6,-1]],[[31448,29488],[-17,-4]],[[31431,29484],[-4,2]],[[31427,29486],[-3,2]],[[31424,29488],[-15,1]],[[31409,29489],[-5,2]],[[31404,29491],[-14,8]],[[31390,29499],[-11,11]],[[31379,29510],[-2,2]],[[31377,29512],[-4,4]],[[31373,29516],[-1,2]],[[31372,29518],[-4,4]],[[31368,29522],[-2,2]],[[31366,29524],[-4,6]],[[31362,29530],[-2,3]],[[31360,29533],[0,2]],[[31360,29535],[-2,3]],[[31358,29538],[-2,3]],[[31356,29541],[-4,9]],[[31352,29550],[-2,5]],[[31350,29555],[-2,5]],[[31348,29560],[-4,11]],[[31344,29571],[-4,12]],[[31340,29583],[-9,24]],[[31331,29607],[-3,7]],[[31328,29614],[-5,19]],[[31323,29633],[-2,7]],[[31321,29640],[0,1]],[[31321,29641],[0,1]],[[31321,29642],[1,3]],[[31322,29645],[0,14]],[[31322,29659],[0,6]],[[31322,29665],[1,6]],[[31323,29671],[1,6]],[[31324,29677],[8,23]],[[31332,29700],[9,16]],[[31341,29716],[9,12]],[[31350,29728],[8,4]],[[31358,29732],[5,1]],[[31363,29733],[6,0]],[[31369,29733],[6,3]],[[31375,29736],[7,3]],[[31382,29739],[3,1]],[[31385,29740],[2,1]],[[31387,29741],[2,1]],[[31389,29742],[3,2]],[[31392,29744],[5,0]],[[31397,29744],[13,0]],[[31410,29744],[15,-12]],[[31425,29732],[7,-8]],[[31432,29724],[2,-2]],[[31434,29722],[1,-1]],[[31435,29721],[1,-2]],[[31436,29719],[11,1]],[[31447,29720],[4,6]],[[31451,29726],[0,2]],[[31451,29728],[-2,10]],[[31449,29738],[-2,2]],[[31447,29740],[-11,11]],[[31436,29751],[-8,6]],[[31428,29757],[2,14]],[[31430,29771],[7,3]],[[31437,29774],[4,8]],[[31441,29782],[2,4]],[[31443,29786],[-9,19]],[[31434,29805],[-9,12]],[[31425,29817],[-2,8]],[[31423,29825],[-4,17]],[[31419,29842],[1,7]],[[31420,29849],[2,7]],[[31422,29856],[2,3]],[[31424,29859],[1,1]],[[31425,29860],[-4,11]],[[31421,29871],[-4,11]],[[31417,29882],[-9,12]],[[31408,29894],[-3,3]],[[31405,29897],[-8,17]],[[31397,29914],[-4,4]],[[31393,29918],[-4,4]],[[31389,29922],[-2,10]],[[31387,29932],[-146,-4]],[[31241,29928],[-53,1]],[[31159,29927],[-15,0]],[[31144,29927],[-18,1]],[[31126,29928],[-93,0]],[[31003,29928],[-1,24]],[[31002,29952],[2,172]],[[31004,30124],[0,6]],[[31004,30130],[0,4]],[[31004,30134],[0,3]],[[31004,30137],[-1,49]],[[31003,30186],[-2,42]],[[31001,30228],[-1,19]],[[31000,30247],[0,3]],[[31000,30250],[1,32]],[[31001,30282],[0,10]],[[31001,30292],[-174,-4]],[[30827,30288],[0,9]],[[30827,30297],[0,7]],[[30827,30304],[-1,7]],[[30826,30311],[0,4]],[[30826,30315],[0,2]],[[30826,30317],[0,22]],[[30826,30339],[-1,30]],[[30825,30369],[-3,179]],[[30822,30548],[-1,23]],[[30821,30571],[0,4]],[[30821,30575],[0,2]],[[30821,30577],[0,9]],[[30821,30586],[0,3]],[[30821,30589],[0,16]],[[30821,30605],[0,3]],[[30821,30608],[0,10]],[[30821,30618],[0,5]],[[30821,30623],[-1,2]],[[30820,30625],[0,8]],[[30820,30633],[0,10]],[[30820,30643],[0,5]],[[30820,30648],[-21,-1]],[[30799,30647],[-1,0]],[[30798,30647],[-9,0]],[[30789,30647],[-6,0]],[[30783,30647],[-7,0]],[[30776,30647],[-3,0]],[[30773,30647],[-2,0]],[[30771,30647],[-17,-1]],[[30754,30646],[-26,0]],[[30728,30646],[-195,-5]],[[30533,30641],[-63,1]],[[30470,30642],[0,117]],[[30470,30759],[0,3]],[[30470,30762],[0,12]],[[30470,30774],[-1,81]],[[30469,30855],[-10,4]],[[30459,30859],[-20,-2]],[[30439,30857],[-5,0]],[[30434,30857],[-7,-5]],[[30427,30852],[4,-4]],[[30431,30848],[4,-4]],[[30435,30844],[-6,-6]],[[30429,30838],[-1,-1]],[[30428,30837],[-8,-3]],[[30420,30834],[-1,0]],[[30419,30834],[-2,1]],[[30417,30835],[-3,2]],[[30414,30837],[-1,-3]],[[30413,30834],[-1,-5]],[[30412,30829],[-13,0]],[[30399,30829],[-4,0]],[[30395,30829],[-12,0]],[[30383,30829],[-1,-2]],[[30382,30827],[-5,-5]],[[30377,30822],[-1,-1]],[[30376,30821],[-1,-1]],[[30375,30820],[-2,-3]],[[30373,30817],[-2,1]],[[30371,30818],[-1,0]],[[30370,30818],[-3,0]],[[30367,30818],[-1,1]],[[30366,30819],[-6,1]],[[30360,30820],[-7,-4]],[[30353,30816],[-4,3]],[[30349,30819],[-18,-3]],[[30331,30816],[-2,0]],[[30329,30816],[-2,0]],[[30327,30816],[-3,-4]],[[30324,30812],[-11,4]],[[30313,30816],[-1,1]],[[30312,30817],[-3,1]],[[30309,30818],[-2,-1]],[[30307,30817],[-13,-8]],[[30294,30809],[-4,-2]],[[30290,30807],[-6,0]],[[30284,30807],[-8,-1]],[[30276,30806],[-13,-1]],[[30263,30805],[-4,-6]],[[30259,30799],[-7,7]],[[30252,30806],[-2,-1]],[[30250,30805],[-8,-2]],[[30242,30803],[2,-7]],[[30244,30796],[-9,-4]],[[30235,30792],[-1,-3]],[[30234,30789],[-2,-7]],[[30232,30782],[-3,2]],[[30229,30784],[-11,5]],[[30218,30789],[-3,1]],[[30215,30790],[-3,3]],[[30212,30793],[-4,4]],[[30208,30797],[-10,11]],[[30198,30808],[-12,-1]],[[30186,30807],[1,11]],[[30187,30818],[-3,1]],[[30184,30819],[-7,1]],[[30177,30820],[-17,4]],[[30160,30824],[-7,-8]],[[30153,30816],[-4,0]],[[30149,30816],[-5,0]],[[30144,30816],[3,-12]],[[30147,30804],[-9,6]],[[30138,30810],[-4,3]],[[30134,30813],[1,-5]],[[30135,30808],[1,-6]],[[30136,30802],[-8,-6]],[[30128,30796],[2,-7]],[[30130,30789],[2,-7]],[[30132,30782],[-6,-5]],[[30126,30777],[-10,-22]],[[30116,30755],[-3,5]],[[30113,30760],[-4,-7]],[[30109,30753],[-2,-3]],[[30107,30750],[-8,3]],[[30099,30753],[2,8]],[[30101,30761],[-8,7]],[[30093,30768],[-3,2]],[[30090,30770],[-1,0]],[[30089,30770],[-11,9]],[[30078,30779],[-2,3]],[[30076,30782],[-6,10]],[[30070,30792],[-3,5]],[[30067,30797],[-3,-1]],[[30064,30796],[-1,-1]],[[30063,30795],[-4,-2]],[[30059,30793],[-6,9]],[[30053,30802],[-2,3]],[[30051,30805],[-6,0]],[[30045,30805],[-6,0]],[[30039,30805],[-12,8]],[[30027,30813],[-3,1]],[[30024,30814],[-3,0]],[[30021,30814],[-8,3]],[[30013,30817],[-4,9]],[[30009,30826],[-3,0]],[[30006,30826],[-5,1]],[[30001,30827],[-6,-5]],[[29995,30822],[-3,-1]],[[29992,30821],[-10,-7]],[[29982,30814],[-8,-10]],[[29974,30804],[-6,3]],[[29968,30807],[-2,1]],[[29966,30808],[-1,-1]],[[29965,30807],[-10,-7]],[[29955,30800],[-1,1]],[[29954,30801],[-5,2]],[[29949,30803],[-1,-1]],[[29948,30802],[-4,-7]],[[29944,30795],[-8,3]],[[29936,30798],[-2,0]],[[29934,30798],[-2,-3]],[[29932,30795],[0,-1]],[[29932,30794],[-4,-5]],[[29928,30789],[-3,-5]],[[29925,30784],[-6,-3]],[[29919,30781],[-12,-5]],[[29907,30776],[-1,-1]],[[29906,30775],[-3,0]],[[29903,30775],[-3,-1]],[[29900,30774],[-4,0]],[[29896,30774],[-6,-4]],[[29890,30770],[-3,-1]],[[29887,30769],[-1,0]],[[29886,30769],[-7,-1]],[[29879,30768],[-3,0]],[[29876,30768],[-3,-1]],[[29873,30767],[-1,0]],[[29872,30767],[-3,0]],[[29869,30767],[-4,0]],[[29865,30767],[-1,-1]],[[29864,30766],[-5,-4]],[[29859,30762],[-2,-2]],[[29857,30760],[-9,-3]],[[29848,30757],[-8,-2]],[[29840,30755],[-3,-3]],[[29837,30752],[-6,-3]],[[29831,30749],[-4,0]],[[29827,30749],[-5,0]],[[29822,30749],[-2,0]],[[29820,30749],[-11,-5]],[[29809,30744],[-13,4]],[[29796,30748],[-2,1]],[[29794,30749],[-23,-5]],[[29771,30744],[-7,2]],[[29764,30746],[-2,-4]],[[29762,30742],[-1,-1]],[[29761,30741],[-3,-1]],[[29758,30740],[-5,0]],[[29753,30740],[-14,-1]],[[29739,30739],[-8,4]],[[29731,30743],[-4,2]],[[29727,30745],[-8,-5]],[[29719,30740],[-3,-2]],[[29716,30738],[-1,-1]],[[29715,30737],[-3,-2]],[[29712,30735],[-2,1]],[[29710,30736],[-11,3]],[[29699,30739],[-5,-4]],[[29694,30735],[-2,-1]],[[29692,30734],[-1,-1]],[[29691,30733],[-4,0]],[[29687,30733],[-1,1]],[[29686,30734],[-4,0]],[[29682,30734],[-3,0]],[[29679,30734],[-8,1]],[[29671,30735],[-6,0]],[[29665,30735],[-3,0]],[[29662,30735],[-1,0]],[[29661,30735],[-11,3]],[[29650,30738],[-4,0]],[[29646,30738],[-3,-1]],[[29643,30737],[-9,-2]],[[29634,30735],[-14,1]],[[29620,30736],[-1,-1]],[[29619,30735],[-11,-13]],[[29608,30722],[-6,1]],[[29602,30723],[-11,0]],[[29591,30723],[-13,-4]],[[29578,30719],[-2,-1]],[[29576,30718],[-8,0]],[[29568,30718],[-5,-5]],[[29563,30713],[-14,-5]],[[29549,30708],[-10,-6]],[[29539,30702],[-4,0]],[[29535,30702],[-2,0]],[[29533,30702],[-18,-9]],[[29515,30693],[-11,0]],[[29504,30693],[-5,-5]],[[29499,30688],[-6,-6]],[[29493,30682],[-1,-2]],[[29492,30680],[-5,-4]],[[29487,30676],[-6,-2]],[[29481,30674],[-7,-2]],[[29474,30672],[-17,-24]],[[29457,30648],[-12,-8]],[[29445,30640],[-25,-40]],[[29420,30600],[-10,-11]],[[29410,30589],[-9,-7]],[[29401,30582],[-20,-16]],[[29381,30566],[-32,-19]],[[29349,30547],[-1,221]],[[29348,30775],[1,109]],[[29349,30884],[0,6]],[[29349,30890],[2,218]],[[29351,31108],[0,2]],[[29351,31110],[0,10]],[[29351,31120],[1,12]],[[29352,31132],[-1,175]],[[29352,31311],[-4,225]],[[29348,31536],[0,76]],[[29347,31623],[1,71]],[[31446,23601],[47,-1]],[[31493,23600],[29,0]],[[31522,23600],[1,0]],[[31523,23600],[21,1]],[[31544,23601],[117,0]],[[31661,23601],[4,0]],[[31665,23601],[5,0]],[[31670,23601],[33,0]],[[31703,23601],[4,0]],[[31707,23601],[33,0]],[[31740,23601],[318,1]],[[32058,23602],[41,1]],[[32099,23603],[6,0]],[[32105,23603],[2,0]],[[32107,23603],[294,385],[8,19],[0,229]],[[32409,24236],[125,0],[156,3],[104,-1],[23,2],[156,3]],[[32973,24243],[0,-32],[10,0]],[[32983,24211],[35,6]],[[33018,24217],[51,25],[52,-1]],[[33121,24241],[28,0]],[[33149,24241],[-1,-43],[-6,-24],[2,-128],[-11,-15],[-15,-2],[-21,-26],[41,-44],[15,-45],[22,-12],[35,-26],[59,-49],[6,-11],[0,-77]],[[33275,23739],[-1,-50],[1,-82]],[[33275,23607],[87,0]],[[33362,23607],[15,0]],[[33377,23607],[154,0]],[[33531,23607],[4,0]],[[33535,23607],[39,0]],[[33574,23607],[4,1]],[[33578,23608],[65,0]],[[33643,23608],[3,0]],[[33646,23608],[36,0]],[[33682,23608],[1,0]],[[33683,23608],[110,0]],[[33793,23608],[194,0]],[[33987,23608],[2,0]],[[33989,23608],[585,-1]],[[34574,23607],[228,-1]],[[34802,23606],[517,-1]],[[35319,23605],[23,0]],[[35342,23605],[32,-1]],[[35374,23604],[55,0]],[[35429,23604],[196,0]],[[35625,23604],[0,-2]],[[35625,23602],[0,-12]],[[35625,23590],[4,-330]],[[35629,23260],[3,-280]],[[35632,22980],[-1,-49]],[[35631,22931],[-3,-487]],[[35628,22444],[-2,-247]],[[35626,22197],[-1,-169]],[[35625,22028],[0,-1]],[[35625,22027],[0,-1]],[[35625,22026],[0,-2]],[[35625,22024],[0,-44]],[[35625,21980],[-3,0]],[[35622,21980],[-31,0]],[[35591,21980],[0,-116]],[[35591,21864],[0,-5]],[[35591,21859],[-4,-50]],[[35587,21809],[3,-53]],[[35590,21756],[-2,-288]],[[35588,21468],[0,-70]],[[35588,21398],[-1,-49]],[[35587,21349],[2,-29]],[[35589,21320],[1,-86]],[[35590,21234],[1,-85]],[[35591,21149],[-1,-10]],[[35590,21139],[0,-4]],[[35590,21135],[0,-18]],[[35590,21117],[3,-757]],[[35593,20360],[-31,0]],[[35562,20360],[-36,0]],[[35526,20360],[5,-287]],[[35531,20073],[1,-106]],[[35532,19967],[2,-156]],[[35534,19811],[33,1]],[[35567,19812],[1,-211]],[[35568,19601],[1,-71]],[[35569,19530],[0,-29]],[[35569,19501],[0,-2]],[[35569,19499],[0,-20]],[[35569,19479],[1,-89]],[[35570,19390],[0,-3]],[[35570,19387],[0,-1]],[[35570,19386],[0,-1]],[[35570,19385],[0,-100]],[[35570,19285],[1,-17]],[[35571,19268],[0,-22]],[[35571,19246],[-663,-1]],[[34908,19245],[-125,0]],[[34783,19245],[-21,0]],[[34762,19245],[-204,1]],[[34558,19246],[-15,1]],[[34543,19247],[-218,3]],[[34325,19250],[-169,2]],[[34156,19252],[-1,0]],[[34155,19252],[2,3]],[[34157,19255],[3,6]],[[34160,19261],[2,5]],[[34162,19266],[2,2]],[[34164,19268],[3,6]],[[34167,19274],[2,0]],[[34169,19274],[2,0]],[[34171,19274],[7,1]],[[34178,19275],[3,1]],[[34181,19276],[0,-11]],[[34181,19265],[-5,-6]],[[34176,19259],[8,0]],[[34184,19259],[5,5]],[[34189,19264],[7,8]],[[34196,19272],[4,5]],[[34200,19277],[-5,2]],[[34195,19279],[4,10]],[[34199,19289],[4,-6]],[[34203,19283],[3,-5]],[[34206,19278],[1,2]],[[34207,19280],[2,4]],[[34209,19284],[3,6]],[[34212,19290],[1,13]],[[34213,19303],[-3,10]],[[34210,19313],[0,1]],[[34210,19314],[-1,3]],[[34209,19317],[3,24]],[[34212,19341],[2,11]],[[34214,19352],[-1,2]],[[34213,19354],[-3,11]],[[34192,19376],[-13,6]],[[34179,19382],[-8,13]],[[34171,19395],[-6,8]],[[34165,19403],[-8,7]],[[34157,19410],[0,2]],[[34157,19412],[0,6]],[[34157,19418],[0,1]],[[34157,19419],[-6,5]],[[34151,19424],[-2,-5]],[[34149,19419],[-4,-6]],[[34145,19413],[-5,34]],[[34140,19447],[4,11]],[[34144,19458],[-6,6]],[[34138,19464],[4,12]],[[34142,19476],[-10,14]],[[34132,19490],[8,3]],[[34140,19493],[1,0]],[[34141,19493],[-7,27]],[[34134,19520],[-2,3]],[[34132,19523],[-5,12]],[[34127,19535],[5,9]],[[34132,19544],[-3,7]],[[34129,19551],[-2,0]],[[34127,19551],[-2,1]],[[34125,19552],[-5,2]],[[34120,19554],[8,22]],[[34128,19576],[0,1]],[[34128,19577],[-6,15]],[[34122,19592],[-2,2]],[[34120,19594],[-7,8]],[[34113,19602],[8,-3]],[[34121,19599],[4,-1]],[[34125,19598],[-2,9]],[[34123,19607],[-2,6]],[[34121,19613],[-1,3]],[[34120,19616],[-2,6]],[[34118,19622],[4,3]],[[34122,19625],[4,3]],[[34126,19628],[1,0]],[[34127,19628],[0,8]],[[34127,19636],[0,1]],[[34127,19637],[3,2]],[[34130,19639],[6,4]],[[34136,19643],[0,1]],[[34136,19644],[-4,12]],[[34132,19656],[-1,3]],[[34131,19659],[3,4]],[[34134,19663],[3,3]],[[34137,19666],[-17,16]],[[34120,19682],[-1,3]],[[34119,19685],[-3,6]],[[34116,19691],[-5,9]],[[34111,19700],[0,2]],[[34111,19702],[1,8]],[[34112,19710],[-5,-3]],[[34107,19707],[-4,-3]],[[34103,19704],[-1,4]],[[34102,19708],[-1,8]],[[34101,19716],[-14,2]],[[34087,19718],[-8,1]],[[34079,19719],[-2,0]],[[34077,19719],[-2,0]],[[34075,19719],[-8,-2]],[[34067,19717],[-5,5]],[[34062,19722],[-4,28]],[[34058,19750],[-5,2]],[[34053,19752],[-3,1]],[[34050,19753],[-1,0]],[[34049,19753],[-4,0]],[[34045,19753],[-10,0]],[[34035,19753],[-2,0]],[[34033,19753],[-5,-4]],[[34028,19749],[-3,-3]],[[34025,19746],[0,7]],[[34025,19753],[0,1]],[[34025,19754],[-8,8]],[[34017,19762],[-1,2]],[[34016,19764],[1,6]],[[34017,19770],[1,3]],[[34018,19773],[1,5]],[[34019,19778],[6,4]],[[34025,19782],[-5,3]],[[34020,19785],[-2,1]],[[34018,19786],[-2,16]],[[34016,19802],[6,4]],[[34022,19806],[4,3]],[[34026,19809],[1,9]],[[34027,19818],[7,-2]],[[34034,19816],[1,0]],[[34035,19816],[3,10]],[[34038,19826],[-1,10]],[[34037,19836],[-1,6]],[[34036,19842],[-1,18]],[[34035,19860],[0,4]],[[34035,19864],[-7,5]],[[34028,19869],[-8,-5]],[[34020,19864],[-4,1]],[[34016,19865],[-7,2]],[[34009,19867],[-9,3]],[[34000,19870],[3,2]],[[34003,19872],[3,2]],[[34006,19874],[0,4]],[[34006,19878],[0,6]],[[34006,19884],[-12,12]],[[33994,19896],[-3,-3]],[[33991,19893],[-6,-8]],[[33985,19885],[-7,18]],[[33978,19903],[2,3]],[[33980,19906],[1,1]],[[33981,19907],[-4,6]],[[33977,19913],[-6,8]],[[33971,19921],[-6,3]],[[33965,19924],[-1,0]],[[33964,19924],[-1,9]],[[33963,19933],[0,7]],[[33963,19940],[-1,8]],[[33962,19948],[0,1]],[[33962,19949],[5,18]],[[33967,19967],[4,1]],[[33971,19968],[8,1]],[[33979,19969],[7,1]],[[33986,19970],[2,-2]],[[33988,19968],[1,-3]],[[33989,19965],[5,12]],[[33994,19977],[-6,8]],[[33988,19985],[-1,2]],[[33987,19987],[-1,4]],[[33986,19991],[-3,10]],[[33983,20001],[-21,8]],[[33962,20009],[-1,1]],[[33961,20010],[2,12]],[[33963,20022],[3,17]],[[33966,20039],[-9,-3]],[[33957,20036],[-5,-1]],[[33952,20035],[0,16]],[[33952,20051],[0,8]],[[33952,20059],[-9,4]],[[33943,20063],[-2,-1]],[[33941,20062],[-9,-8]],[[33932,20054],[-9,5]],[[33923,20059],[-7,10]],[[33916,20069],[10,17]],[[33926,20086],[-1,5]],[[33925,20091],[-15,17]],[[33910,20108],[-3,3]],[[33907,20111],[-1,19]],[[33906,20130],[-13,10]],[[33893,20140],[-12,18]],[[33881,20158],[-10,6]],[[33871,20164],[-5,10]],[[33866,20174],[-2,16]],[[33864,20190],[-1,4]],[[33863,20194],[-2,4]],[[33861,20198],[-4,7]],[[33857,20205],[-6,-3]],[[33851,20202],[-2,18]],[[33849,20220],[-1,14]],[[33848,20234],[0,10]],[[33848,20244],[-6,8]],[[33842,20252],[-2,3]],[[33840,20255],[-9,21]],[[33831,20276],[0,1]],[[33831,20277],[0,2]],[[33831,20279],[-1,7]],[[33830,20286],[-3,-1]],[[33827,20285],[-2,-1]],[[33825,20284],[-1,1]],[[33824,20285],[-6,9]],[[33818,20294],[-2,3]],[[33816,20297],[-10,18]],[[33806,20315],[-7,12]],[[33799,20327],[4,3]],[[33803,20330],[-1,2]],[[33802,20332],[-2,5]],[[33800,20337],[-1,1]],[[33799,20338],[-1,2]],[[33798,20340],[11,11]],[[33809,20351],[-27,14]],[[33782,20365],[-13,22]],[[33769,20387],[3,5]],[[33772,20392],[3,5]],[[33771,20405],[-9,9]],[[33762,20414],[-7,9]],[[33755,20423],[-13,14]],[[33742,20437],[-15,8]],[[33727,20445],[-7,8]],[[33720,20453],[-9,10]],[[33711,20463],[-15,16]],[[33696,20479],[-17,10]],[[33679,20489],[-3,2]],[[33676,20491],[-8,0]],[[33668,20491],[-2,2]],[[33666,20493],[-2,1]],[[33664,20494],[-13,10]],[[33651,20504],[-5,2]],[[33646,20506],[-2,1]],[[33644,20507],[-3,2]],[[33641,20509],[-7,3]],[[33634,20512],[-1,-3]],[[33633,20509],[-1,-6]],[[33632,20503],[-4,3]],[[33628,20506],[-4,3]],[[33624,20509],[-9,7]],[[33615,20516],[-1,1]],[[33614,20517],[-7,5]],[[33607,20522],[-2,-1]],[[33605,20521],[-5,-4]],[[33600,20517],[-4,-13]],[[33596,20504],[-2,-5]],[[33594,20499],[-9,-8]],[[33585,20491],[-4,5]],[[33581,20496],[0,8]],[[33581,20504],[1,7]],[[33582,20511],[4,12]],[[33586,20523],[-14,0]],[[33572,20523],[-6,0]],[[33566,20523],[-8,-9]],[[33558,20514],[-4,-2]],[[33554,20512],[-11,-5]],[[33543,20507],[-3,-2]],[[33540,20505],[2,5]],[[33542,20510],[2,9]],[[33544,20519],[-10,-6]],[[33534,20513],[-3,-2]],[[33531,20511],[-23,4]],[[33508,20515],[-7,5]],[[33501,20520],[-12,4]],[[33489,20524],[-12,4]],[[33477,20528],[-1,1]],[[33476,20529],[-8,2]],[[33468,20531],[-17,2]],[[33451,20533],[-16,9]],[[33435,20542],[-6,14]],[[33429,20556],[-3,4]],[[33426,20560],[0,1]],[[33426,20561],[-4,5]],[[33422,20566],[1,9]],[[33423,20575],[0,1]],[[33423,20576],[-5,0]],[[33418,20576],[-33,-1]],[[33385,20575],[-1,0]],[[33384,20575],[-4,0]],[[33380,20575],[-5,1]],[[33375,20576],[-8,1]],[[33367,20577],[-27,12]],[[33340,20589],[-4,8]],[[33336,20597],[-9,5]],[[33327,20602],[-5,2]],[[33322,20604],[-2,1]],[[33320,20605],[-1,0]],[[33319,20605],[-2,-1]],[[33317,20604],[-4,12]],[[33313,20616],[8,6]],[[33321,20622],[1,-1]],[[33322,20621],[9,-14]],[[33331,20607],[4,-1]],[[33335,20606],[3,0]],[[33338,20606],[1,0]],[[33339,20606],[-2,7]],[[33337,20613],[-9,13]],[[33328,20626],[-1,1]],[[33327,20627],[-1,2]],[[33326,20629],[-19,27]],[[33307,20656],[-11,28]],[[33296,20684],[-2,16]],[[33294,20700],[3,5]],[[33297,20705],[3,7]],[[33300,20712],[1,2]],[[33301,20714],[0,9]],[[33301,20723],[-1,5]],[[33300,20728],[-1,1]],[[33299,20729],[-6,24]],[[33293,20753],[-10,22]],[[33283,20775],[-5,7]],[[33278,20782],[-5,7]],[[33273,20789],[-5,6]],[[33268,20795],[-1,2]],[[33267,20797],[-1,1]],[[33266,20798],[-4,6]],[[33262,20804],[-11,23]],[[33251,20827],[-2,7]],[[33249,20834],[0,4]],[[33249,20838],[-2,9]],[[33247,20847],[0,16]],[[33247,20863],[5,5]],[[33252,20868],[7,21]],[[33259,20889],[0,5]],[[33259,20894],[1,6]],[[33260,20900],[10,21]],[[33270,20921],[7,12]],[[33277,20933],[2,13]],[[33279,20946],[1,26]],[[33280,20972],[-20,23]],[[33260,20995],[-1,1]],[[33259,20996],[-9,2]],[[33250,20998],[-2,3]],[[33248,21001],[-1,2]],[[33247,21003],[-3,5]],[[33244,21008],[-4,7]],[[33240,21015],[-14,-2]],[[33226,21013],[5,-7]],[[33231,21006],[1,-2]],[[33232,21004],[1,-2]],[[33233,21002],[2,-9]],[[33235,20993],[0,-2]],[[33235,20991],[-4,-2]],[[33231,20989],[-6,7]],[[33225,20996],[-23,10]],[[33202,21006],[-24,11]],[[33178,21017],[-1,0]],[[33177,21017],[-7,3]],[[33170,21020],[-10,3]],[[33160,21023],[-10,4]],[[33150,21027],[-3,1]],[[33147,21028],[0,1]],[[33147,21029],[-2,1]],[[33145,21030],[-18,13]],[[33127,21043],[-3,2]],[[33124,21045],[-1,-7]],[[33123,21038],[-1,-6]],[[33122,21032],[-12,8]],[[33110,21040],[0,1]],[[33110,21041],[-6,4]],[[33095,21061],[-4,-1]],[[33091,21060],[-5,-1]],[[33086,21059],[-9,10]],[[33077,21069],[-2,10]],[[33075,21079],[1,3]],[[33076,21082],[7,11]],[[33083,21093],[1,2]],[[33084,21095],[2,0]],[[33086,21095],[10,-1]],[[33096,21094],[5,-1]],[[33101,21093],[5,-2]],[[33106,21091],[1,0]],[[33107,21091],[1,-1]],[[33108,21090],[12,-4]],[[33120,21086],[3,-5]],[[33123,21081],[0,5]],[[33123,21086],[9,33]],[[33132,21119],[0,26]],[[33132,21145],[-4,7]],[[33128,21152],[-16,1]],[[33112,21153],[-12,13]],[[33100,21166],[-4,-4]],[[33096,21162],[-13,2]],[[33083,21164],[-6,5]],[[33077,21169],[-4,0]],[[33073,21169],[-6,-1]],[[33067,21168],[3,14]],[[33070,21182],[1,9]],[[33071,21191],[0,4]],[[33071,21195],[1,6]],[[33072,21201],[0,5]],[[33072,21206],[1,8]],[[33073,21214],[-10,19]],[[33063,21233],[-81,56]],[[32982,21289],[-18,6]],[[32964,21295],[-1,7]],[[32963,21302],[-2,7]],[[32961,21309],[-7,11]],[[32954,21320],[-13,-5]],[[32941,21315],[-10,7]],[[32931,21322],[-5,0]],[[32926,21322],[-3,0]],[[32923,21322],[-1,15]],[[32922,21337],[-2,20]],[[32920,21357],[-10,-5]],[[32910,21352],[-2,-1]],[[32908,21351],[-9,3]],[[32899,21354],[-4,16]],[[32895,21370],[6,15]],[[32901,21385],[5,0]],[[32906,21385],[2,0]],[[32908,21385],[2,1]],[[32910,21386],[2,0]],[[32912,21386],[-9,24]],[[32903,21410],[-10,26]],[[32893,21436],[-3,7]],[[32890,21443],[-1,-1]],[[32889,21442],[-1,-1]],[[32888,21441],[-1,-1]],[[32887,21440],[-1,-1]],[[32886,21439],[-6,13]],[[32880,21452],[0,1]],[[32880,21453],[-1,1]],[[32879,21454],[-5,-1]],[[32874,21453],[-2,14]],[[32872,21467],[-4,10]],[[32868,21477],[0,2]],[[32868,21479],[-29,6]],[[32839,21485],[-1,0]],[[32838,21485],[-14,-5]],[[32824,21480],[-15,-5]],[[32809,21475],[-5,0]],[[32804,21475],[-3,-1]],[[32801,21474],[-14,-2]],[[32787,21472],[-7,2]],[[32780,21474],[-8,-3]],[[32772,21471],[-20,-8]],[[32752,21463],[-20,-1]],[[32732,21462],[-1,0]],[[32731,21462],[-3,0]],[[32728,21462],[-6,-3]],[[32722,21459],[4,-5]],[[32726,21454],[-9,-9]],[[32717,21445],[-22,22]],[[32695,21467],[-1,1]],[[32694,21468],[-9,18]],[[32685,21486],[-3,16]],[[32682,21502],[-7,14]],[[32675,21516],[0,1]],[[32675,21517],[-2,4]],[[32673,21521],[-1,2]],[[32672,21523],[-2,11]],[[32670,21534],[-2,8]],[[32668,21542],[-9,19]],[[32659,21561],[-1,1]],[[32658,21562],[-2,9]],[[32656,21571],[-1,2]],[[32655,21573],[-4,17]],[[32651,21590],[0,-4]],[[32651,21586],[-2,-13]],[[32649,21573],[-4,13]],[[32645,21586],[-1,1]],[[32644,21587],[-6,3]],[[32638,21590],[-10,5]],[[32628,21595],[-1,2]],[[32627,21597],[-5,9]],[[32622,21606],[-10,16]],[[32612,21622],[0,1]],[[32612,21623],[-1,1]],[[32611,21624],[-4,12]],[[32607,21636],[-3,10]],[[32604,21646],[-13,15]],[[32591,21661],[-4,5]],[[32587,21666],[-11,-4]],[[32576,21662],[-1,0]],[[32575,21662],[-10,0]],[[32565,21662],[-3,0]],[[32562,21662],[-7,-2]],[[32555,21660],[-5,-2]],[[32550,21658],[-5,-2]],[[32545,21656],[-4,3]],[[32541,21659],[-1,1]],[[32540,21660],[-4,2]],[[32536,21662],[-3,3]],[[32533,21665],[-2,1]],[[32531,21666],[-6,7]],[[32525,21673],[-3,4]],[[32522,21677],[-15,18]],[[32507,21695],[-2,2]],[[32505,21697],[-15,7]],[[32490,21704],[1,6]],[[32491,21710],[0,4]],[[32491,21714],[0,1]],[[32491,21715],[-2,6]],[[32489,21721],[-2,5]],[[32487,21726],[-3,9]],[[32484,21735],[0,13]],[[32484,21748],[6,23]],[[32490,21771],[1,3]],[[32491,21774],[-5,2]],[[32486,21776],[-1,0]],[[32485,21776],[3,2]],[[32488,21778],[5,-2]],[[32493,21776],[-2,5]],[[32491,21781],[1,3]],[[32492,21784],[1,3]],[[32493,21787],[2,5]],[[32495,21792],[1,3]],[[32496,21795],[1,2]],[[32497,21797],[8,8]],[[32505,21805],[1,2]],[[32506,21807],[10,5]],[[32516,21812],[17,-5]],[[32533,21807],[15,6]],[[32548,21813],[2,1]],[[32550,21814],[6,2]],[[32556,21816],[6,3]],[[32562,21819],[7,3]],[[32569,21822],[2,0]],[[32571,21822],[5,-1]],[[32576,21821],[9,-2]],[[32585,21819],[11,-9]],[[32596,21810],[1,-1]],[[32597,21809],[16,-25]],[[32613,21784],[4,-18]],[[32617,21766],[3,-25]],[[32620,21741],[3,-7]],[[32623,21734],[5,-10]],[[32628,21724],[3,-3]],[[32631,21721],[5,-5]],[[32636,21716],[5,3]],[[32641,21719],[2,1]],[[32643,21720],[3,-3]],[[32646,21717],[1,0]],[[32647,21717],[4,-3]],[[32651,21714],[2,-1]],[[32653,21713],[1,-1]],[[32654,21712],[-2,-2]],[[32652,21710],[-2,-2]],[[32650,21708],[1,-3]],[[32651,21705],[1,-5]],[[32652,21700],[2,0]],[[32654,21700],[10,0]],[[32664,21700],[2,1]],[[32666,21701],[7,6]],[[32673,21707],[4,-10]],[[32677,21697],[0,-2]],[[32677,21695],[13,-1]],[[32690,21694],[15,-2]],[[32705,21692],[6,-4]],[[32711,21688],[2,-1]],[[32713,21687],[9,-4]],[[32722,21683],[20,-19]],[[32742,21664],[3,-6]],[[32745,21658],[0,-1]],[[32745,21657],[1,-3]],[[32746,21654],[2,-1]],[[32748,21653],[9,-11]],[[32757,21642],[2,-2]],[[32759,21640],[9,-4]],[[32768,21636],[14,1]],[[32782,21637],[3,1]],[[32785,21638],[15,-3]],[[32800,21635],[2,1]],[[32802,21636],[12,2]],[[32814,21638],[17,-8]],[[32831,21630],[1,-6]],[[32832,21624],[0,-3]],[[32832,21621],[1,-11]],[[32833,21610],[3,-2]],[[32836,21608],[1,-1]],[[32837,21607],[1,-14]],[[32838,21593],[0,-5]],[[32838,21588],[1,-1]],[[32839,21587],[2,-9]],[[32841,21578],[6,0]],[[32847,21578],[3,-2]],[[32850,21576],[8,-5]],[[32858,21571],[7,-5]],[[32865,21566],[1,-1]],[[32866,21565],[8,-2]],[[32874,21563],[6,-10]],[[32880,21553],[2,-4]],[[32882,21549],[1,-2]],[[32883,21547],[1,0]],[[32884,21547],[0,-1]],[[32884,21546],[7,-13]],[[32891,21533],[4,3]],[[32895,21536],[1,1]],[[32896,21537],[15,-8]],[[32911,21529],[1,9]],[[32912,21538],[0,1]],[[32912,21539],[5,1]],[[32917,21540],[6,15]],[[32923,21555],[-7,9]],[[32916,21564],[-2,6]],[[32914,21570],[-3,9]],[[32911,21579],[-3,8]],[[32910,21593],[2,3]],[[32912,21596],[13,13]],[[32925,21609],[1,5]],[[32926,21614],[2,3]],[[32928,21617],[2,6]],[[32930,21623],[-4,10]],[[32926,21633],[2,7]],[[32928,21640],[16,14]],[[32944,21654],[5,4]],[[32949,21658],[2,1]],[[32951,21659],[4,3]],[[32955,21662],[9,7]],[[32964,21669],[4,1]],[[32968,21670],[2,0]],[[32970,21670],[1,11]],[[32971,21681],[7,5]],[[32978,21686],[5,3]],[[32983,21689],[1,1]],[[32984,21690],[1,0]],[[32985,21690],[5,0]],[[32990,21690],[2,12]],[[32992,21702],[0,2]],[[32992,21704],[4,3]],[[32996,21707],[-2,11]],[[32994,21718],[4,6]],[[32998,21724],[2,3]],[[33000,21727],[-1,0]],[[32999,21727],[-1,2]],[[32998,21729],[-5,8]],[[32993,21737],[-5,6]],[[32988,21743],[-2,3]],[[32986,21746],[2,11]],[[32988,21757],[2,6]],[[32990,21763],[-2,6]],[[32988,21769],[-1,6]],[[32987,21775],[1,9]],[[32988,21784],[-1,2]],[[32987,21786],[-4,12]],[[32983,21798],[3,6]],[[32986,21804],[2,4]],[[32988,21808],[-1,7]],[[32987,21815],[0,2]],[[32987,21817],[-1,1]],[[32986,21818],[-2,3]],[[32984,21821],[-3,4]],[[32981,21825],[-1,7]],[[32980,21832],[-6,6]],[[32974,21838],[0,2]],[[32974,21840],[3,10]],[[32977,21850],[0,1]],[[32977,21851],[6,7]],[[32983,21858],[-4,7]],[[32979,21865],[4,13]],[[32983,21878],[14,11]],[[32997,21889],[4,-3]],[[33001,21886],[4,-4]],[[33005,21882],[2,-2]],[[33007,21880],[0,-1]],[[33007,21879],[4,-1]],[[33011,21878],[1,0]],[[33012,21878],[3,0]],[[33015,21878],[3,-1]],[[33018,21877],[7,-2]],[[33025,21875],[4,0]],[[33029,21875],[3,-1]],[[33032,21874],[2,-1]],[[33034,21873],[4,-1]],[[33038,21872],[6,-1]],[[33044,21871],[1,2]],[[33045,21873],[0,2]],[[33045,21875],[5,2]],[[33050,21877],[11,3]],[[33061,21880],[8,-5]],[[33069,21875],[7,7]],[[33076,21882],[3,3]],[[33079,21885],[2,2]],[[33081,21887],[0,22]],[[33081,21909],[-1,10]],[[33080,21919],[0,1]],[[33080,21920],[0,2]],[[33080,21922],[-3,6]],[[33077,21928],[0,9]],[[33077,21937],[0,12]],[[33077,21949],[0,4]],[[33077,21953],[-1,1]],[[33076,21954],[-7,6]],[[33069,21960],[2,8]],[[33071,21968],[1,3]],[[33072,21971],[1,2]],[[33073,21973],[1,2]],[[33074,21975],[1,1]],[[33075,21976],[6,4]],[[33081,21980],[-149,3]],[[32932,21983],[-4,0]],[[32928,21983],[-81,0]],[[32847,21983],[-178,0]],[[32669,21983],[-58,0]],[[32611,21983],[-48,0]],[[32506,21981],[0,30]],[[32506,22011],[0,17]],[[32506,22028],[0,33]],[[32506,22061],[-1,52]],[[32505,22113],[0,5]],[[32505,22118],[0,30]],[[32505,22148],[-1,42]],[[32504,22190],[0,39]],[[32504,22229],[0,59]],[[32504,22288],[-1,43]],[[32503,22331],[0,10]],[[32503,22341],[-14,0]],[[32489,22341],[-7,0]],[[32482,22341],[-2,0]],[[32480,22341],[-1,0]],[[32479,22341],[-49,1]],[[32430,22342],[-16,-3]],[[32414,22339],[-86,0]],[[32328,22339],[-60,0]],[[32265,22339],[-83,0]],[[32182,22339],[-14,0]],[[32168,22339],[-2,0]],[[32166,22339],[-2,0]],[[32164,22339],[-2,0]],[[32162,22339],[-2,0]],[[32160,22339],[-2,0]],[[32158,22339],[-6,0]],[[32152,22339],[-6,0]],[[32146,22339],[0,360]],[[32146,22699],[-42,88]],[[32104,22787],[-8,16]],[[32096,22803],[-30,62]],[[32066,22865],[-1,2]],[[32065,22867],[-62,129]],[[32003,22996],[-9,16]],[[31994,23012],[-9,16]],[[31985,23028],[-7,16]],[[31978,23044],[-7,15]],[[31967,23059],[-116,1]],[[31851,23060],[-34,0]],[[31817,23060],[-20,0]],[[31797,23060],[-89,0]],[[31708,23060],[-32,0]],[[31676,23060],[-4,0]],[[31672,23060],[-16,-1]],[[31656,23059],[-31,0]],[[31625,23059],[-3,0]],[[31622,23059],[-8,0]],[[31614,23059],[-79,0]],[[31535,23059],[-5,0]],[[31530,23059],[-84,-1]],[[31446,23058],[1,71]],[[31447,23129],[0,110]],[[31447,23239],[-1,73]],[[31446,23312],[0,17]],[[31446,23329],[0,112]],[[31446,23441],[1,39]],[[31447,23480],[-1,121]],[[25864,23572],[11,-14],[24,-5],[14,-10],[9,-39],[216,-2]],[[26138,23502],[44,0],[29,-4],[33,6],[65,2],[29,17],[35,26],[35,5],[26,-12],[23,-4],[30,-26],[50,-17],[56,-8],[81,11],[64,2]],[[26738,23500],[-6,-50],[16,-56],[1,-344],[1,-23],[-2,-75],[0,-82],[20,-200],[14,-43],[26,-42],[16,-61]],[[26824,22524],[-1,-1]],[[26823,22523],[-104,2]],[[26719,22525],[-126,0]],[[26593,22525],[-45,2]],[[26548,22527],[-18,0]],[[26530,22527],[-17,0]],[[26513,22527],[-4,0]],[[26509,22527],[-1,0]],[[26508,22527],[-1,0]],[[26507,22527],[-18,0]],[[26489,22527],[-5,0]],[[26484,22527],[-107,1]],[[26377,22528],[-106,0]],[[26271,22528],[-54,-1]],[[26217,22527],[3,-175]],[[26220,22352],[8,-282]],[[26228,22070],[0,-2]],[[26228,22068],[0,-23]],[[26228,22045],[0,-25]],[[26228,21988],[1,-47]],[[26229,21941],[0,-92]],[[26229,21849],[3,-45]],[[26232,21804],[0,-26]],[[26232,21778],[-1,-83]],[[26231,21695],[0,-30]],[[26231,21665],[0,-18]],[[26231,21647],[0,-77]],[[26231,21570],[0,-1]],[[25964,21215],[-10,-1],[-221,-1],[-169,1],[-25,30],[-105,0],[1,-164]],[[25435,21080],[-4,-92],[-44,0]],[[25387,20988],[-65,1],[-7,-13],[-31,0],[33,88],[-102,0]],[[1763,39984],[20,0]],[[1809,39983],[15,0]],[[1881,39983],[93,-1],[46,-2]],[[2033,39979],[56,-8]],[[2089,39971],[71,5]],[[2599,39991],[83,-5]],[[2714,39990],[99,-1]],[[2849,39989],[26,0]],[[2898,39989],[81,-1]],[[2979,39988],[1,0]],[[3003,39989],[55,-1]],[[3070,39989],[59,2],[75,-2]],[[3422,39984],[24,0]],[[3520,39983],[131,-3]],[[3680,39980],[39,-1]],[[3719,39979],[37,0]],[[3800,39979],[57,0]],[[3974,39979],[66,0]],[[4224,39977],[7,0]],[[4231,39977],[225,-2]],[[4728,39972],[56,2],[23,-3]],[[4815,39970],[19,-2]],[[4858,39964],[2,0]],[[4885,39961],[115,-1]],[[5459,39962],[177,2]],[[5710,39960],[36,-2]],[[5746,39958],[116,-6]],[[5970,39952],[1,0]],[[6083,39954],[42,1]],[[6189,39956],[5,0]],[[6556,39958],[0,-140]],[[6556,39818],[0,-23]],[[6556,39795],[0,-8]],[[6556,39787],[-123,1],[-43,-8],[-23,-11],[-43,-2],[-10,-24],[0,-31],[-23,0],[-22,11],[1,33],[-20,0],[-1,-35],[8,-12],[1,-27],[10,-25],[23,0],[-1,-71],[-18,26],[-26,0],[0,38],[-8,25],[-1,28],[-23,0],[-2,-45],[-20,0],[1,46],[-79,4],[-19,-18],[-12,-52],[-2,-50],[-62,-189],[-26,-28],[-42,-18],[-16,-14],[-1,-48],[-4,-25],[-8,-11],[-81,-68],[-11,-22],[-16,-153],[-59,-175],[-17,-20],[-40,-16],[-16,-17]],[[5682,38784],[-14,-58]],[[5668,38726],[-21,-99],[-17,-32],[-32,-73],[32,-47],[4,-12],[-1,-65],[-24,-99],[-84,-2],[-46,-12],[-56,-31],[-34,-12],[-45,-10],[-46,-2],[-110,10]],[[5188,38240],[1,-1]],[[5189,38239],[1,-23],[-7,-30],[5,-54],[14,-61],[-24,-33],[-3,-17],[-21,6],[-13,-14],[-25,-8],[-19,15],[-17,45],[-20,-9],[-16,-35],[7,-14],[-12,-22],[-18,-15],[-20,2],[-27,-13],[-46,20],[-22,18],[-41,-26],[-19,13],[-14,0],[-17,-18],[-49,-14],[-20,21],[-21,5],[-31,-8],[-22,7],[-14,-17],[-14,-4],[-17,-16],[0,-19],[-42,-28],[-2,-27],[-9,-18],[-32,-15],[-21,-19],[-37,-20],[-12,2],[-12,-16],[-30,-7],[-4,-25]],[[4426,37748],[-2,-66]],[[4417,37682],[-1,-33]],[[4416,37649],[0,-16]],[[4416,37633],[-1,-72]],[[4415,37561],[-6,-331]],[[4409,37230],[-1,-81]],[[4408,37149],[-3,-187]],[[4405,36962],[-1,-43]],[[4404,36919],[0,-14]],[[4404,36905],[0,-38]],[[4404,36867],[-1,-22]],[[4403,36845],[-3,-235]],[[4400,36610],[-1,-5]],[[4399,36605],[-2,-127]],[[4397,36478],[0,-1]],[[4397,36477],[-1,-88]],[[4396,36389],[0,-2]],[[4396,36387],[-1,-40]],[[4395,36347],[0,-1]],[[4395,36346],[0,-22]],[[4395,36324],[1,-55]],[[4396,36269],[-1,-62]],[[613,35569],[28,8]],[[651,35580],[30,9]],[[960,35670],[6,36]],[[972,35737],[-6,-1]],[[946,35732],[-3,-1]],[[943,35731],[-5,-3]],[[924,35721],[-2,-1]],[[922,35720],[-18,-4]],[[904,35716],[-6,0]],[[889,35715],[-5,1]],[[877,35718],[-3,1]],[[874,35719],[-3,0]],[[849,35718],[-13,-1]],[[818,35710],[-13,-5]],[[795,35698],[-22,0]],[[739,35699],[-3,0]],[[736,35699],[-21,8]],[[706,35709],[-3,1]],[[679,35759],[-1,29]],[[709,35847],[6,2]],[[745,35857],[1,1]],[[773,35860],[4,0]],[[786,35860],[47,2]],[[838,35862],[52,11]],[[899,35876],[2,1]],[[904,35878],[14,13]],[[920,35893],[4,4]],[[960,35941],[7,13]],[[967,35954],[-4,63]],[[962,36058],[0,12]],[[964,36080],[1,4]],[[965,36084],[7,10]],[[977,36103],[3,3]],[[981,36107],[24,23]],[[1008,36133],[7,7]],[[1015,36140],[12,20]],[[1029,36163],[3,5]],[[1032,36168],[0,8]],[[1019,36212],[0,4]],[[1019,36216],[0,3]],[[1050,36268],[5,3]],[[1055,36271],[7,18]],[[1066,36300],[2,4]],[[1116,36349],[3,0]],[[1153,36345],[4,-1]],[[1161,36343],[5,-1]],[[1166,36342],[23,-1]],[[1189,36341],[28,8]],[[1217,36349],[9,8]],[[1226,36357],[6,8]],[[1307,36413],[13,8]],[[1320,36422],[10,6]],[[1341,36437],[10,8]],[[1387,36475],[16,18]],[[1403,36493],[8,20]],[[1389,36576],[-55,20]],[[1278,36605],[-26,-6]],[[1237,36601],[-1,0]],[[1236,36601],[-8,4]],[[1210,36615],[-16,20]],[[1194,36635],[-20,3]],[[1160,36640],[-2,0]],[[1158,36640],[-37,35]],[[1082,36719],[-2,3]],[[1077,36745],[-2,14]],[[1075,36759],[-3,4]],[[1069,36766],[-6,4]],[[1053,36792],[9,19]],[[1069,36831],[6,18]],[[1071,36878],[-15,25]],[[1053,36906],[-5,9]],[[1038,36931],[-4,6]],[[1030,36941],[-3,4]],[[1014,36946],[-6,0]],[[1008,36946],[-8,4]],[[1000,36950],[-13,15]],[[992,36988],[6,12]],[[996,37010],[-5,20]],[[991,37046],[-1,21]],[[991,37072],[26,61]],[[1018,37136],[4,9]],[[1024,37149],[25,59],[2,3],[19,4],[19,24],[7,28]],[[1096,37267],[18,17]],[[1115,37283],[1,0]],[[1119,37278],[2,0]],[[1124,37279],[13,7]],[[1137,37287],[3,5]],[[1146,37310],[0,14]],[[1143,37327],[-4,9]],[[1140,37338],[21,20]],[[1163,37357],[5,0]],[[1169,37357],[4,14]],[[1178,37387],[4,10]],[[1186,37410],[1,4]],[[1189,37419],[1,9]],[[1192,37441],[1,10]],[[1193,37453],[1,10]],[[1195,37470],[3,23]],[[1198,37499],[3,23]],[[1210,37541],[8,4]],[[1239,37557],[11,19],[12,40],[-3,6]],[[1254,37629],[5,39]],[[1261,37672],[8,30]],[[1269,37704],[-1,14]],[[1263,37750],[-13,69],[6,15],[-6,24],[-10,11]],[[1236,37874],[-2,1]],[[1223,37894],[-18,40],[-7,30]],[[1201,37979],[-5,9]],[[1188,37993],[-15,9]],[[1148,38011],[-2,1]],[[1132,38016],[-7,6]],[[1119,38026],[-14,11]],[[1039,38073],[-8,5]],[[917,38132],[-27,12]],[[877,38154],[-1,1]],[[870,38165],[-4,7]],[[843,38181],[-13,20]],[[818,38218],[-2,13]],[[812,38237],[-1,0]],[[808,38242],[-7,3]],[[753,38260],[-13,3]],[[719,38265],[-14,5]],[[693,38281],[-4,9]],[[659,38332],[0,1]],[[654,38339],[-4,5]],[[647,38347],[-2,1]],[[606,38367],[-12,5]],[[585,38377],[-5,3]],[[575,38383],[-10,7]],[[552,38399],[-11,7]],[[538,38408],[-15,39],[0,31],[-7,43]],[[515,38523],[-6,9]],[[497,38546],[-30,42]],[[468,38589],[2,8]],[[471,38599],[1,15]],[[472,38619],[-4,13]],[[439,38668],[-3,4]],[[431,38677],[-4,1]],[[423,38678],[-27,21],[-2,10]],[[388,38716],[-3,3]],[[384,38721],[-1,1]],[[380,38725],[-10,11]],[[352,38751],[-17,8]],[[331,38761],[-3,5]],[[327,38767],[-4,9]],[[317,38787],[-6,10]],[[307,38805],[-6,7]],[[295,38818],[-6,6]],[[287,38826],[-1,1]],[[283,38830],[-3,3]],[[279,38834],[-4,2]],[[270,38839],[-3,1]],[[250,38849],[-2,1]],[[236,38854],[-2,1]],[[232,38856],[-2,1]],[[217,38861],[-3,1]],[[213,38863],[-6,4]],[[206,38868],[-3,2]],[[193,38877],[-13,10]],[[177,38904],[-3,11]],[[173,38918],[-2,2]],[[169,38926],[-15,23]],[[145,38954],[-40,15]],[[102,38971],[0,16]],[[102,38988],[-2,4]],[[98,38996],[-3,5]],[[93,39005],[-1,3]],[[84,39015],[-2,1]],[[61,39036],[-5,4]],[[55,39041],[-3,1]],[[49,39044],[-4,2]],[[45,39046],[-4,15]],[[41,39064],[8,33]],[[48,39101],[-5,13]],[[42,39116],[-7,13]],[[24,39140],[-2,3]],[[18,39146],[-1,1]],[[15,39149],[-8,8]],[[6,39158],[-3,4]],[[1,39164],[-1,2]],[[4,39176],[6,19]],[[11,39198],[17,55],[19,19]],[[50,39276],[17,9],[7,13],[-1,15],[-8,24],[1,23],[8,9],[25,16],[4,11]],[[104,39399],[1,7]],[[106,39412],[15,53],[9,13],[12,49],[32,68]],[[175,39597],[9,12]],[[185,39610],[7,5],[18,41]],[[224,39692],[2,8]],[[226,39700],[3,15]],[[232,39732],[8,42],[-11,34]],[[226,39815],[-12,40],[8,17]],[[220,39878],[-7,18]],[[210,39902],[-6,10]],[[202,39915],[-14,52],[1,11],[145,2],[123,1]],[[457,39981],[147,-2]],[[609,39979],[108,2]],[[728,39981],[85,1],[98,0],[16,2],[173,-2],[286,1]],[[1393,39983],[114,0]],[[1560,39983],[139,1]],[[1713,39983],[27,-1]],[[35224,24806],[9,-1]],[[35233,24805],[10,-2]],[[35243,24803],[3,-6]],[[35246,24797],[9,3]],[[35255,24800],[6,11]],[[35261,24811],[-1,1]],[[35260,24812],[-3,4]],[[35257,24816],[162,-1],[24,8],[31,31],[22,6],[142,-2],[-1,-43],[46,-1],[1,-142],[8,-27],[94,-136],[105,-2],[44,5],[86,-1],[40,6],[-7,18],[-20,-8],[-5,27],[4,41],[17,54],[5,68],[116,-3],[534,-7],[1,136],[18,89],[0,62],[-3,65],[-4,14],[-30,53],[-41,50],[-139,257]],[[36507,25433],[-11,10]],[[36496,25443],[84,0],[16,3],[63,36],[23,3],[153,-2],[28,-8]],[[37812,20596],[-13,-10]],[[37789,20572],[-14,-12]],[[37775,20560],[-4,-1]],[[37771,20559],[-125,-1]],[[37645,20558],[-25,0]],[[37620,20558],[-39,0]],[[37581,20558],[-18,-16]],[[37561,20536],[1,-11]],[[37562,20525],[1,-20]],[[37563,20505],[-13,-47]],[[37549,20456],[-11,-16]],[[37538,20440],[-1,-2]],[[37537,20438],[-2,-3]],[[37535,20435],[-29,-36]],[[37506,20399],[-11,-5]],[[37495,20394],[-9,-37]],[[37486,20357],[-203,1]],[[37283,20358],[-8,0]],[[37275,20358],[-2,0]],[[37273,20358],[-26,0]],[[37247,20358],[-125,0]],[[37122,20358],[0,1]],[[37122,20359],[-11,0]],[[37111,20359],[-141,0]],[[36970,20359],[-707,4]],[[36263,20363],[-150,4]],[[36113,20367],[-302,-4]],[[35811,20363],[-218,-3]],[[35625,23604],[-20,17]],[[35594,23635],[-16,29]],[[35578,23664],[-11,27]],[[35567,23691],[0,16]],[[35567,23707],[7,16]],[[35574,23723],[-1,18]],[[35573,23741],[-5,7]],[[35568,23748],[-9,15]],[[35559,23763],[-7,0]],[[35552,23763],[-1,-1]],[[35551,23762],[-5,-5]],[[35546,23757],[-8,1]],[[35538,23758],[-5,8]],[[35533,23766],[1,7]],[[35534,23773],[-7,-2]],[[35527,23771],[-2,6]],[[35525,23777],[11,8]],[[35536,23785],[1,18]],[[35537,23803],[0,4]],[[35537,23807],[-7,1]],[[35530,23808],[-3,1]],[[35527,23809],[-5,8]],[[35522,23817],[-17,17]],[[35505,23834],[-14,5]],[[35491,23839],[1,10]],[[35492,23849],[1,5]],[[35493,23854],[-4,13]],[[35489,23867],[-5,14]],[[35484,23881],[0,5]],[[35493,23889],[4,6]],[[35497,23895],[1,11]],[[35498,23906],[6,-1]],[[35504,23905],[6,-2]],[[35510,23903],[0,16]],[[35502,23923],[-2,6]],[[35500,23929],[6,14]],[[35506,23943],[-5,9]],[[35501,23952],[4,9]],[[35505,23961],[3,6]],[[35508,23967],[7,1]],[[35515,23968],[3,0]],[[35518,23968],[1,11]],[[35519,23979],[-9,3]],[[35510,23982],[-1,5]],[[35509,23987],[-1,8]],[[35493,24008],[-1,11]],[[35492,24019],[-1,7]],[[35491,24026],[-2,0]],[[35489,24026],[-13,2]],[[35476,24028],[-4,10]],[[35472,24038],[-2,5]],[[35470,24043],[-9,3]],[[35461,24046],[-2,1]],[[35459,24047],[-3,-6]],[[35456,24041],[-8,3]],[[35448,24044],[1,3]],[[35449,24047],[1,4]],[[35450,24051],[3,5]],[[35452,24071],[-2,0]],[[35450,24071],[-4,1]],[[35446,24072],[1,5]],[[35447,24077],[1,6]],[[35448,24083],[-12,7]],[[35436,24090],[6,1]],[[35442,24091],[3,0]],[[35445,24091],[1,11]],[[35446,24102],[-5,9]],[[35441,24111],[-3,13]],[[35438,24124],[-2,0]],[[35436,24124],[-3,0]],[[35433,24124],[-4,-1]],[[35429,24123],[-6,10]],[[35423,24133],[6,2]],[[35429,24135],[4,0]],[[35433,24135],[3,9]],[[35436,24144],[9,3]],[[35445,24147],[-3,4]],[[35442,24151],[-3,3]],[[35439,24154],[7,4]],[[35446,24158],[2,1]],[[35448,24159],[1,0]],[[35449,24159],[1,-2]],[[35450,24157],[3,-4]],[[35453,24153],[2,3]],[[35455,24156],[5,6]],[[35460,24162],[-3,4]],[[35457,24166],[2,6]],[[35459,24172],[2,8]],[[35461,24180],[0,2]],[[35461,24182],[5,5]],[[35466,24187],[-4,13]],[[35462,24200],[9,4]],[[35471,24204],[10,4]],[[35481,24208],[-9,24]],[[35472,24232],[-10,10]],[[35462,24242],[-10,2]],[[35452,24244],[-8,11]],[[35444,24255],[0,6]],[[35444,24261],[1,6]],[[35445,24267],[-7,2]],[[35438,24269],[4,16]],[[35442,24285],[2,-2]],[[35444,24283],[4,-4]],[[35448,24279],[5,8]],[[35453,24287],[7,0]],[[35460,24287],[4,12]],[[35464,24299],[-1,0]],[[35463,24299],[-4,-1]],[[35459,24298],[-2,13]],[[35457,24311],[-4,5]],[[35453,24316],[-2,3]],[[35451,24319],[6,0]],[[35457,24319],[8,1]],[[35465,24320],[0,1]],[[35465,24321],[3,7]],[[35468,24328],[-6,0]],[[35462,24328],[-2,0]],[[35460,24328],[-1,1]],[[35459,24329],[-2,5]],[[35457,24334],[2,9]],[[35459,24343],[19,8]],[[35478,24351],[-1,-4]],[[35477,24347],[0,-5]],[[35477,24342],[7,-2]],[[35484,24340],[12,11]],[[35496,24351],[4,7]],[[35500,24358],[3,-2]],[[35503,24356],[7,-3]],[[35510,24353],[0,1]],[[35510,24354],[1,1]],[[35511,24355],[1,3]],[[35512,24358],[9,0]],[[35521,24358],[5,5]],[[35526,24363],[3,-8]],[[35529,24355],[1,-4]],[[35530,24351],[6,-1]],[[35536,24350],[1,8]],[[35537,24358],[14,6]],[[35551,24364],[2,0]],[[35553,24364],[4,2]],[[35557,24366],[-3,-8]],[[35554,24358],[6,-4]],[[35560,24354],[7,7]],[[35567,24361],[1,1]],[[35568,24362],[5,6]],[[35573,24368],[7,-2]],[[35580,24366],[3,6]],[[35583,24372],[-13,20]],[[35570,24392],[-3,6]],[[35567,24398],[-2,2]],[[35565,24400],[2,12]],[[35567,24412],[2,1]],[[35569,24413],[2,1]],[[35571,24414],[-1,2]],[[35570,24416],[-4,9]],[[35566,24425],[3,11]],[[35569,24436],[-9,8]],[[35560,24444],[-1,8]],[[35559,24452],[-1,7]],[[35558,24459],[-11,3]],[[35547,24462],[-2,0]],[[35545,24462],[4,10]],[[35549,24472],[3,1]],[[35552,24473],[8,3]],[[35560,24476],[-4,9]],[[35556,24485],[-11,-2]],[[35545,24483],[-10,3]],[[35535,24486],[-1,5]],[[35534,24491],[-8,1]],[[35526,24492],[-5,2]],[[35521,24494],[-8,20]],[[35513,24514],[4,8]],[[35517,24522],[12,3]],[[35529,24525],[6,6]],[[35535,24531],[0,7]],[[35535,24538],[-1,15]],[[35534,24553],[-2,5]],[[35532,24558],[-2,7]],[[35530,24565],[-2,6]],[[35528,24571],[-11,2]],[[35517,24573],[0,2]],[[35517,24575],[-1,2]],[[35516,24577],[-3,10]],[[35513,24587],[0,1]],[[35513,24588],[-5,15]],[[35508,24603],[-4,7]],[[35504,24610],[-7,3]],[[35497,24613],[-17,6]],[[35480,24619],[-17,0]],[[35456,24608],[-8,-4]],[[35448,24604],[-11,2]],[[35437,24606],[-7,11]],[[35430,24617],[-4,-2]],[[35426,24615],[-7,-4]],[[35419,24611],[-3,1]],[[35416,24612],[-3,2]],[[35413,24614],[-4,-1]],[[35409,24613],[-4,-2]],[[35405,24611],[-9,6]],[[35396,24617],[-1,1]],[[35395,24618],[5,7]],[[35400,24625],[-3,2]],[[35397,24627],[-5,4]],[[35392,24631],[1,7]],[[35393,24638],[8,11]],[[35401,24649],[-3,9]],[[35398,24658],[-10,0]],[[35388,24658],[4,14]],[[35392,24672],[-4,3]],[[35388,24675],[-3,2]],[[35385,24677],[-8,4]],[[35377,24681],[-5,-3]],[[35372,24678],[-1,0]],[[35371,24678],[-7,8]],[[35364,24686],[4,2]],[[35368,24688],[6,3]],[[35374,24691],[-1,1]],[[35373,24692],[-2,4]],[[35371,24696],[-2,2]],[[35369,24698],[-6,-3]],[[35363,24695],[-7,-3]],[[35356,24692],[-11,-5]],[[35345,24687],[-1,0]],[[35344,24687],[-7,1]],[[35337,24688],[-16,14]],[[35321,24702],[-2,17]],[[35319,24719],[0,5]],[[35319,24724],[-3,6]],[[35316,24730],[-7,13]],[[35309,24743],[-3,5]],[[35306,24748],[-1,1]],[[35305,24749],[-1,1]],[[35304,24750],[-3,1]],[[35301,24751],[-16,-3]],[[35285,24748],[-7,2]],[[35278,24750],[-16,15]],[[35262,24765],[-4,-6]],[[35258,24759],[-6,-7]],[[35252,24752],[-9,9]],[[35243,24761],[-2,11]],[[35241,24772],[-7,-1]],[[35234,24771],[-1,-4]],[[35233,24767],[-2,-6]],[[35231,24761],[-9,3]],[[35222,24764],[0,6]],[[35222,24770],[2,20]],[[35224,24790],[-3,8]],[[35221,24798],[3,8]],[[32891,24874],[10,38],[23,41],[2,11]],[[32926,24964],[18,-22],[89,0],[2,22],[64,2],[16,2],[-1,65],[37,1],[7,-22],[38,0],[0,40],[49,0],[0,-42],[22,1],[11,23]],[[33278,25034],[0,2]],[[33278,25036],[9,21],[1,45],[-3,108],[-7,20]],[[33279,25230],[19,1]],[[33298,25231],[8,0]],[[33306,25231],[6,0]],[[33312,25231],[19,0]],[[33331,25231],[5,0]],[[33336,25231],[16,1]],[[33352,25232],[1,0]],[[33353,25232],[45,0]],[[33398,25232],[3,1]],[[33401,25233],[6,0]],[[33407,25233],[11,0]],[[33418,25233],[3,0]],[[33421,25233],[4,0]],[[33425,25233],[1,0]],[[33426,25233],[2,0]],[[33428,25233],[2,0]],[[33430,25233],[8,0]],[[33438,25233],[4,0]],[[33442,25233],[81,2]],[[33523,25235],[12,0]],[[33535,25235],[75,1]],[[33610,25236],[6,-1]],[[33616,25235],[61,1]],[[33677,25236],[36,1]],[[33713,25237],[5,0]],[[33718,25237],[7,0]],[[33725,25237],[32,0]],[[33757,25237],[54,0]],[[33811,25237],[1,0]],[[33812,25237],[33,1]],[[33845,25238],[38,1]],[[33893,25239],[14,-1]],[[33907,25238],[11,0]],[[33918,25238],[2,0]],[[33920,25238],[65,0]],[[33985,25238],[71,1]],[[34056,25239],[17,1]],[[34073,25240],[88,1]],[[34161,25241],[64,0]],[[34225,25241],[17,0]],[[34242,25241],[28,1]],[[34270,25242],[75,0]],[[34345,25242],[43,1]],[[34388,25243],[159,-1]],[[34547,25242],[178,2]],[[34725,25244],[203,1]],[[34928,25245],[16,-1]],[[34944,25244],[26,0]],[[34970,25244],[5,-7]],[[34975,25237],[7,-2]],[[34982,25235],[3,8]],[[34985,25243],[4,-15]],[[34989,25228],[0,-1]],[[34989,25227],[6,2]],[[34995,25229],[10,3]],[[35005,25232],[0,-4]],[[35005,25228],[-1,-3]],[[35004,25225],[5,-5]],[[35009,25220],[6,0]],[[35015,25220],[4,1]],[[35019,25221],[13,-8]],[[35032,25213],[5,5]],[[35037,25218],[5,11]],[[35042,25229],[3,5]],[[35045,25234],[3,1]],[[35048,25235],[8,-2]],[[35056,25233],[2,-3]],[[35058,25230],[-1,-8]],[[35057,25222],[1,-5]],[[35058,25217],[3,-1]],[[35061,25216],[3,0]],[[35064,25216],[0,-8]],[[35064,25208],[0,-6]],[[35064,25202],[0,-3]],[[35064,25199],[0,-3]],[[35064,25196],[8,-6]],[[35072,25190],[1,3]],[[35073,25193],[1,3]],[[35074,25196],[2,-1]],[[35076,25195],[1,0]],[[35077,25195],[6,-2]],[[35083,25193],[3,-2]],[[35086,25191],[2,1]],[[35088,25192],[5,4]],[[35093,25196],[6,1]],[[35099,25197],[7,1]],[[35106,25198],[6,-3]],[[35112,25195],[0,-1]],[[35112,25194],[0,-1]],[[35112,25193],[2,-11]],[[35114,25182],[16,-6]],[[35130,25176],[2,8]],[[35132,25184],[0,4]],[[35132,25188],[4,-1]],[[35136,25187],[4,0]],[[35140,25187],[4,7]],[[35144,25194],[5,-2]],[[35149,25192],[6,-2]],[[35155,25190],[0,-4]],[[35155,25186],[1,-7]],[[35156,25179],[0,-2]],[[35156,25177],[-6,-6]],[[35150,25171],[6,-4]],[[35156,25167],[6,-4]],[[35162,25163],[1,-1]],[[35163,25162],[1,0]],[[35164,25162],[5,4]],[[35169,25166],[0,-11]],[[35169,25155],[1,0]],[[35170,25155],[3,-2]],[[35173,25153],[8,-4]],[[35181,25149],[3,-2]],[[35184,25147],[-1,-3]],[[35183,25144],[-5,-7]],[[35178,25137],[8,1]],[[35186,25138],[9,-8]],[[35195,25130],[6,-5]],[[35201,25125],[-2,-6]],[[35199,25119],[-7,-3]],[[35192,25116],[4,-6]],[[35196,25110],[3,-5]],[[35199,25105],[-2,-9]],[[35197,25096],[-4,0]],[[35193,25096],[-1,-1]],[[35192,25095],[0,-3]],[[35192,25092],[-2,-6]],[[35190,25086],[-1,-6]],[[35189,25080],[-1,1]],[[35188,25081],[-4,3]],[[35184,25084],[-1,1]],[[35183,25085],[-2,1]],[[35181,25086],[1,-1]],[[35182,25085],[4,-7]],[[35186,25078],[-5,-7]],[[35181,25071],[2,0]],[[35183,25071],[2,-2]],[[35185,25069],[3,-1]],[[35188,25068],[6,-4]],[[35194,25064],[-1,-1]],[[35193,25063],[-5,-5]],[[35188,25058],[7,-1]],[[35195,25057],[4,-9]],[[35199,25048],[-2,-7]],[[35197,25041],[1,0]],[[35198,25041],[7,-1]],[[35205,25040],[6,-10]],[[35211,25030],[3,-1]],[[35214,25029],[3,0]],[[35217,25029],[0,-9]],[[35217,25020],[1,-5]],[[35218,25015],[2,-1]],[[35220,25014],[0,-1]],[[35220,25013],[1,0]],[[35221,25013],[3,-2]],[[35224,25011],[-4,-3]],[[35220,25008],[-3,-3]],[[35217,25005],[5,-10]],[[35222,24995],[1,-1]],[[35223,24994],[5,-5]],[[35228,24989],[5,-5]],[[35233,24984],[0,1]],[[35233,24985],[5,3]],[[35238,24988],[3,-4]],[[35241,24984],[4,-5]],[[35245,24979],[2,-2]],[[35247,24977],[1,-1]],[[35248,24976],[1,-1]],[[35249,24975],[2,-6]],[[35251,24969],[0,-1]],[[35251,24968],[1,-4]],[[35252,24964],[4,-3]],[[35256,24961],[5,-4]],[[35261,24957],[0,-3]],[[35261,24954],[0,-8]],[[35261,24946],[2,-1]],[[35263,24945],[3,-3]],[[35266,24942],[1,-1]],[[35267,24941],[4,-4]],[[35271,24937],[-11,-9]],[[35260,24928],[3,-10]],[[35263,24918],[0,-1]],[[35263,24917],[-13,-4]],[[35250,24913],[3,-5]],[[35253,24908],[9,-17]],[[35262,24891],[-4,-2]],[[35258,24889],[-7,-3]],[[35251,24886],[1,-11]],[[35252,24875],[0,-7]],[[35252,24868],[2,-1]],[[35254,24867],[4,-2]],[[35258,24865],[-1,-2]],[[35257,24863],[-3,-9]],[[35254,24854],[-4,-13]],[[35250,24841],[-1,-18]],[[35249,24823],[3,-2]],[[35252,24821],[4,-4]],[[35256,24817],[1,-1]],[[32973,24243],[-1,68],[-5,22]],[[32967,24333],[-11,45]],[[32956,24378],[-22,91],[-32,157],[-13,131],[-3,6]],[[32886,24763],[6,32],[-1,79]],[[32485,25438],[0,107]],[[32485,25545],[0,6]],[[32485,25551],[0,12]],[[32485,25563],[0,51]],[[32485,25615],[0,1]],[[32485,25616],[0,2]],[[32485,25618],[0,7]],[[32485,25625],[0,5]],[[32485,25630],[0,30]],[[32485,25660],[0,22]],[[32486,25711],[0,33]],[[32486,25744],[0,96]],[[32486,25840],[0,12]],[[32486,25852],[0,12]],[[32486,25864],[8,6]],[[32494,25870],[12,1]],[[32506,25871],[8,0]],[[32514,25871],[5,0]],[[32519,25871],[6,0]],[[32525,25871],[8,0]],[[32533,25871],[7,4]],[[32540,25875],[3,2]],[[32543,25877],[6,-1]],[[32549,25876],[5,-7]],[[32554,25869],[1,-2]],[[32555,25867],[11,1]],[[32566,25868],[11,5]],[[32577,25873],[4,2]],[[32581,25875],[2,5]],[[32583,25880],[9,20]],[[32592,25900],[6,9]],[[32598,25909],[6,5]],[[32604,25914],[5,3]],[[32609,25917],[24,32]],[[32633,25956],[6,8]],[[32639,25964],[3,5]],[[32642,25969],[6,8]],[[32648,25977],[10,14]],[[32658,25991],[9,9]],[[32674,26000],[5,10]],[[32679,26010],[1,2]],[[32680,26012],[3,11]],[[32683,26023],[1,5]],[[32684,26028],[2,29]],[[32686,26057],[16,63]],[[32702,26120],[11,6]],[[32713,26126],[0,12]],[[32713,26138],[0,5]],[[32713,26143],[3,6]],[[32716,26149],[0,1]],[[32716,26150],[1,1]],[[32717,26151],[0,8]],[[32717,26159],[1,2]],[[32718,26161],[1,13]],[[32719,26174],[0,1]],[[32719,26175],[-3,5]],[[32716,26180],[0,3]],[[32716,26183],[1,10]],[[32717,26193],[-3,15]],[[32714,26208],[-1,2]],[[32713,26210],[0,2]],[[32713,26212],[3,9]],[[32716,26221],[0,3]],[[32716,26224],[0,1]],[[32716,26225],[0,8]],[[32716,26233],[1,5]],[[32717,26238],[4,5]],[[32721,26243],[0,2]],[[32721,26245],[1,11]],[[32722,26256],[0,2]],[[32722,26258],[-3,9]],[[32719,26267],[-1,1]],[[32718,26268],[1,4]],[[32719,26272],[1,6]],[[32720,26278],[-3,15]],[[32717,26293],[2,8]],[[32719,26301],[1,3]],[[32720,26304],[2,7]],[[32722,26311],[-5,2]],[[32717,26313],[8,24]],[[32725,26337],[2,17]],[[32727,26354],[-5,20]],[[32722,26374],[-2,8]],[[32720,26382],[-4,34]],[[32716,26416],[-13,24]],[[32703,26440],[1,10]],[[32704,26450],[-4,15]],[[32700,26465],[-4,29]],[[32696,26494],[2,19]],[[32698,26513],[12,39]],[[32710,26552],[6,11]],[[32723,26570],[13,19]],[[32736,26589],[2,2]],[[32738,26591],[13,10]],[[32751,26601],[0,2]],[[32751,26603],[0,2]],[[32751,26605],[0,1]],[[32751,26606],[2,1]],[[32753,26607],[8,8]],[[32761,26615],[2,0]],[[32763,26615],[5,0]],[[32768,26615],[9,0]],[[32777,26615],[2,0]],[[32779,26615],[4,15]],[[32783,26630],[13,9]],[[32796,26639],[10,10]],[[32806,26649],[1,1]],[[32807,26650],[1,1]],[[32808,26651],[0,8]],[[32808,26659],[3,0]],[[32811,26659],[6,0]],[[32817,26659],[4,1]],[[32821,26660],[6,0]],[[32827,26660],[7,12]],[[32834,26672],[6,11]],[[32840,26683],[2,4]],[[32842,26687],[5,8]],[[32847,26695],[3,7]],[[32850,26702],[1,1]],[[32851,26703],[11,5]],[[32862,26708],[4,0]],[[32866,26708],[5,0]],[[32871,26708],[18,13]],[[32889,26721],[5,12]],[[32894,26733],[8,12]],[[32902,26745],[2,4]],[[32904,26749],[1,10]],[[32905,26759],[2,3]],[[32907,26762],[4,5]],[[32911,26767],[3,3]],[[32914,26770],[7,8]],[[32921,26778],[8,5]],[[32929,26783],[2,2]],[[32931,26785],[-6,22]],[[32925,26807],[2,4]],[[32927,26811],[3,6]],[[32930,26817],[2,7]],[[32932,26824],[3,7]],[[32935,26831],[7,-4]],[[32942,26827],[2,-1]],[[32944,26826],[3,1]],[[32947,26827],[9,7]],[[32956,26834],[3,2]],[[32959,26836],[5,14]],[[32964,26850],[12,5]],[[32976,26855],[-1,15]],[[32975,26870],[-2,19]],[[32973,26889],[9,-16]],[[32982,26873],[24,-25]],[[33006,26848],[1,-12]],[[33007,26836],[-7,-2]],[[33000,26834],[-6,-2]],[[32994,26832],[-9,-15]],[[32985,26817],[0,-11]],[[32985,26806],[6,-6]],[[32991,26800],[29,-4]],[[33020,26796],[23,-6]],[[33043,26790],[8,-5]],[[33051,26785],[5,-26]],[[33056,26759],[-12,7]],[[33044,26766],[-8,-8]],[[33036,26758],[0,-5]],[[33036,26753],[0,-16]],[[33036,26737],[-4,-8]],[[33032,26729],[-14,-8]],[[33018,26721],[-6,-10]],[[33012,26711],[1,-9]],[[33013,26702],[7,-7]],[[33020,26695],[29,-3]],[[33049,26692],[26,-7]],[[33089,26686],[18,5]],[[33107,26691],[13,-12]],[[33120,26679],[9,-10]],[[33129,26669],[20,-19]],[[33149,26650],[19,-9]],[[33168,26641],[30,-9]],[[33198,26632],[10,-10]],[[33208,26622],[9,-9]],[[33221,26613],[7,0]],[[33228,26613],[3,0]],[[33231,26613],[24,0]],[[33255,26613],[20,0]],[[33275,26613],[29,0]],[[33304,26613],[76,-2]],[[33380,26611],[87,-3]],[[33467,26608],[96,-3]],[[33563,26605],[25,-1]],[[33588,26604],[107,-3]],[[33695,26601],[10,0]],[[33705,26601],[11,-1]],[[33716,26600],[3,-7]],[[33719,26593],[5,-12]],[[33724,26581],[7,-15]],[[33731,26566],[0,-6]],[[33731,26560],[-3,-9]],[[33728,26551],[-6,-18]],[[33722,26533],[11,-5]],[[33733,26528],[6,-2]],[[33739,26526],[14,-21]],[[33753,26505],[6,-6]],[[33759,26499],[9,-10]],[[33768,26489],[-1,-17]],[[33767,26472],[-4,-8]],[[33763,26464],[2,-13]],[[33765,26451],[2,0]],[[33767,26451],[9,-5]],[[33776,26446],[3,-20]],[[33779,26426],[6,-6]],[[33785,26420],[11,-5]],[[33796,26415],[5,-2]],[[33801,26413],[8,-2]],[[33809,26411],[6,-6]],[[33815,26405],[11,-13]],[[33826,26392],[2,-3]],[[33828,26389],[3,-8]],[[33831,26381],[12,-7]],[[33843,26374],[8,-4]],[[33851,26370],[7,-4]],[[33858,26366],[7,-16]],[[33865,26350],[12,2]],[[33877,26352],[5,5]],[[33882,26357],[15,16]],[[33897,26373],[5,-7]],[[33902,26366],[11,-5]],[[33913,26361],[10,6]],[[33923,26367],[8,10]],[[33931,26377],[3,4]],[[33934,26381],[12,1]],[[33946,26382],[8,-7]],[[33954,26375],[3,-20]],[[33957,26355],[2,-15]],[[33959,26340],[-6,-27]],[[33953,26313],[-1,-8]],[[33952,26305],[-2,-11]],[[33950,26294],[12,-6]],[[33962,26288],[8,6]],[[33970,26294],[-2,14]],[[33968,26308],[1,5]],[[33969,26313],[32,1]],[[34001,26314],[4,-7]],[[34005,26307],[-1,-11]],[[34004,26296],[6,3]],[[34010,26299],[14,22]],[[34024,26321],[15,14]],[[34039,26335],[21,8]],[[34060,26343],[21,6]],[[34081,26349],[13,-2]],[[34094,26347],[26,5]],[[34120,26352],[24,-4]],[[34144,26348],[34,-2]],[[34178,26346],[9,6]],[[34187,26352],[3,8]],[[34190,26360],[-9,9]],[[34181,26369],[-8,-1]],[[34173,26368],[-8,7]],[[34165,26375],[10,9]],[[34175,26384],[26,6]],[[34201,26390],[6,1]],[[34207,26391],[11,0]],[[34218,26391],[5,6]],[[34223,26397],[1,17]],[[34224,26414],[-3,12]],[[34221,26426],[-8,9]],[[34213,26435],[4,8]],[[34217,26443],[30,23]],[[34247,26466],[4,6]],[[34251,26472],[2,2]],[[34253,26474],[3,13]],[[34256,26487],[-5,14]],[[34251,26501],[-5,13]],[[34246,26514],[-2,5]],[[34244,26519],[-6,7]],[[34238,26526],[1,6]],[[34239,26532],[11,6]],[[34250,26538],[11,8]],[[34261,26546],[5,8]],[[34266,26554],[3,5]],[[34269,26559],[12,4]],[[34281,26563],[10,-1]],[[34291,26562],[7,-1]],[[34298,26561],[9,4]],[[34307,26565],[9,9]],[[34316,26574],[17,1]],[[34333,26575],[7,1]],[[34340,26576],[7,0]],[[34347,26576],[8,-4]],[[34355,26572],[1,-6]],[[34356,26566],[1,-10]],[[34357,26556],[5,-5]],[[34362,26551],[6,-3]],[[34368,26548],[12,-5]],[[34380,26543],[2,-4]],[[34382,26539],[2,-4]],[[34384,26535],[7,-2]],[[34391,26533],[7,3]],[[34398,26536],[4,8]],[[34402,26544],[3,3]],[[34405,26547],[8,6]],[[34413,26553],[7,-1]],[[34420,26552],[5,-7]],[[34425,26545],[8,-18]],[[34433,26527],[13,-14]],[[34446,26513],[9,-15]],[[34455,26498],[11,-2]],[[34466,26496],[18,8]],[[34484,26504],[8,15]],[[34492,26519],[11,0]],[[34503,26519],[4,-5]],[[34507,26514],[3,-13]],[[34510,26501],[9,-9]],[[34519,26492],[13,0]],[[34532,26492],[17,-12]],[[34549,26480],[6,-18]],[[34555,26462],[0,-12]],[[34555,26450],[-5,-12]],[[34550,26438],[-3,-6]],[[34547,26432],[2,-13]],[[34549,26419],[21,-23]],[[34570,26396],[22,-27]],[[34592,26369],[11,-28]],[[34603,26341],[2,-20]],[[34605,26321],[2,-5]],[[34607,26316],[4,-10]],[[34611,26306],[13,-70]],[[34624,26236],[-39,-71]],[[34585,26165],[-3,-32]],[[34582,26091],[18,-30]],[[34600,26061],[85,-93]],[[34685,25968],[3,-2]],[[34688,25966],[1,-9]],[[34689,25957],[-4,-10]],[[34685,25947],[23,-8]],[[34708,25939],[6,-8]],[[34714,25931],[-2,-10]],[[34712,25921],[-6,0]],[[34706,25921],[-6,-1]],[[34699,25915],[7,-8]],[[34706,25907],[13,-5]],[[34719,25902],[6,-5]],[[34725,25897],[0,-12]],[[34725,25885],[-7,-15]],[[34718,25870],[-1,-8]],[[34717,25862],[-1,-4]],[[34716,25858],[5,-18]],[[34721,25840],[7,-8]],[[34728,25832],[5,-4]],[[34733,25828],[16,-11]],[[34749,25817],[10,-7]],[[34759,25810],[9,-5]],[[34768,25805],[12,-7]],[[34780,25798],[11,-9]],[[34791,25789],[5,-10]],[[34796,25779],[0,-11]],[[34796,25768],[10,-15]],[[34806,25753],[3,-4]],[[34809,25749],[7,-10]],[[34816,25739],[1,-11]],[[34817,25728],[-3,-7]],[[34814,25721],[-16,-10]],[[34798,25711],[0,-8]],[[34798,25703],[-7,-12]],[[34791,25691],[-1,-15]],[[34790,25676],[2,-33]],[[34792,25643],[-1,-20]],[[34791,25623],[5,-6]],[[34796,25617],[33,-18]],[[34845,25585],[20,-29]],[[34865,25556],[-6,-20]],[[34860,25527],[12,-34]],[[34872,25493],[1,-9]],[[34873,25484],[7,-14]],[[34880,25470],[7,-9]],[[34887,25461],[-1,-19]],[[34886,25442],[11,-24]],[[34897,25418],[-1,-10]],[[34890,25410],[-13,-6]],[[34877,25404],[-11,-11]],[[34866,25389],[7,-9]],[[34873,25380],[8,-10]],[[34881,25370],[10,-12]],[[34891,25358],[12,-7]],[[34903,25351],[10,2]],[[34913,25353],[0,-6]],[[34913,25347],[-4,-5]],[[34909,25342],[-4,-4]],[[34905,25338],[6,-13]],[[34911,25325],[13,-12]],[[34924,25313],[10,-15]],[[34934,25298],[8,7]],[[34942,25305],[16,12]],[[34961,25317],[4,-7]],[[34964,25300],[8,-23]],[[34972,25277],[-2,-6]],[[34970,25271],[-11,-1]],[[34959,25270],[-3,0]],[[34956,25270],[-2,-4]],[[34954,25266],[3,-16]],[[34957,25250],[13,-6]],[[32926,24964],[3,90]],[[32929,25054],[-1,27],[-9,14],[-41,41],[-6,12],[-3,87],[10,-3],[-1,-21],[15,3],[0,22],[36,0],[-2,58],[-98,1],[-10,-5],[-21,10],[-33,0]],[[32765,25300],[-3,-22],[-41,0]],[[32721,25278],[-1,122]],[[32720,25400],[-1,12]],[[32719,25412],[-64,0]],[[32655,25412],[-43,0]],[[32612,25412],[-42,0]],[[32570,25412],[-68,0]],[[32485,25412],[0,26]],[[23515,29422],[18,47]],[[23533,29469],[18,34]],[[23551,29503],[10,7]],[[23561,29510],[11,6]],[[23589,29523],[14,14]],[[23603,29537],[10,22]],[[23613,29559],[5,20]],[[23618,29579],[7,27]],[[23625,29606],[3,15]],[[23628,29621],[7,8]],[[23635,29629],[13,9]],[[23648,29638],[18,-4]],[[23666,29634],[19,-8]],[[23685,29626],[1,0]],[[23686,29626],[13,-8]],[[23699,29618],[6,-9]],[[23705,29609],[48,-14]],[[23753,29595],[18,1]],[[23788,29601],[2,25]],[[23838,29656],[3,10]],[[23841,29666],[7,19]],[[23850,29696],[12,21]],[[23883,29711],[13,-22]],[[23896,29689],[11,3]],[[23907,29692],[43,44]],[[23950,29736],[27,7]],[[23977,29743],[16,9]],[[23993,29752],[29,9]],[[24022,29761],[36,27]],[[24064,29795],[-5,20]],[[24059,29815],[-26,-1]],[[24014,29816],[-11,6]],[[24003,29831],[8,13]],[[24011,29844],[25,15]],[[24036,29859],[13,12]],[[24049,29871],[6,15]],[[24055,29886],[-20,26]],[[24033,29927],[9,19]],[[24042,29946],[23,18]],[[24065,29964],[18,9]],[[24083,29973],[18,1]],[[24101,29974],[25,4]],[[24126,29978],[15,9]],[[24141,29987],[2,1]],[[24143,29988],[17,16]],[[24160,30004],[1,1]],[[24161,30005],[7,11]],[[24168,30016],[25,18]],[[24193,30034],[11,15]],[[24204,30049],[2,7]],[[24203,30087],[1,1]],[[24204,30088],[5,7]],[[24209,30095],[9,1]],[[24218,30096],[30,-7]],[[24248,30089],[12,9]],[[24262,30103],[-6,10]],[[24256,30113],[-10,29]],[[24246,30142],[4,22]],[[24250,30164],[17,15]],[[24267,30179],[-2,17]],[[24265,30196],[-7,7]],[[24258,30203],[-13,6]],[[24245,30209],[-5,7]],[[24240,30216],[1,8]],[[24241,30224],[1,3]],[[24242,30227],[3,4]],[[24245,30231],[14,2]],[[24259,30233],[29,-11]],[[24297,30229],[1,19]],[[24288,30259],[-17,16]],[[24271,30300],[23,25]],[[24294,30325],[2,2]],[[24296,30327],[19,26]],[[24315,30353],[0,38]],[[24315,30391],[12,18]],[[24340,30419],[8,8]],[[24348,30427],[10,11]],[[24372,30457],[5,19]],[[24378,30491],[5,7]],[[24383,30498],[12,2]],[[24395,30500],[21,-5]],[[24416,30495],[19,4]],[[24435,30499],[16,16]],[[24451,30515],[6,8]],[[24457,30523],[0,1]],[[24457,30524],[4,10]],[[24461,30534],[3,12]],[[24464,30546],[-4,13]],[[24460,30559],[-8,14]],[[24452,30573],[0,7]],[[24452,30580],[1,13]],[[24453,30593],[14,16]],[[24467,30609],[11,26]],[[24478,30635],[-1,25]],[[24477,30660],[-7,19]],[[24470,30679],[-3,9]],[[24467,30688],[-2,8]],[[24465,30696],[1,21]],[[24466,30717],[0,4]],[[24466,30721],[4,25]],[[24470,30746],[1,29]],[[24471,30775],[-1,12]],[[24470,30787],[-1,6]],[[24469,30793],[1,10]],[[24470,30803],[2,18]],[[24477,30831],[13,8]],[[24490,30839],[8,0]],[[24498,30839],[16,-7]],[[24514,30832],[12,0]],[[24526,30832],[11,11]],[[24537,30843],[3,10]],[[24540,30853],[3,10]],[[24543,30871],[-7,14]],[[24536,30885],[-31,22]],[[24505,30907],[-10,15]],[[24495,30922],[-1,2]],[[24494,30924],[-1,4]],[[24493,30928],[-1,14]],[[24492,30942],[9,30]],[[24501,30972],[1,1]],[[24502,30973],[2,3]],[[24504,30976],[24,14]],[[24528,30990],[15,11]],[[24543,31001],[53,53]],[[24609,31062],[10,1]],[[24645,31072],[11,9]],[[24656,31081],[4,9]],[[24660,31090],[-1,12]],[[24659,31102],[-5,13]],[[24654,31115],[0,3]],[[24654,31118],[-2,14]],[[24652,31132],[4,20]],[[24656,31152],[12,26]],[[24668,31178],[5,18]],[[24673,31196],[0,14]],[[24673,31210],[1,24]],[[24674,31234],[8,18]],[[24682,31252],[7,6]],[[24689,31258],[2,0]],[[24691,31258],[19,6]],[[24710,31264],[3,6]],[[24713,31270],[-1,19]],[[24712,31289],[6,-1]],[[24718,31288],[7,0]],[[24725,31288],[18,-1]],[[24743,31287],[1,0]],[[24744,31287],[2,0]],[[24746,31287],[2,0]],[[24748,31287],[27,-1]],[[24775,31286],[11,1]],[[24786,31287],[8,0]],[[24794,31287],[10,0]],[[24804,31287],[11,0]],[[24815,31287],[12,0]],[[24830,31287],[32,1]],[[24862,31288],[3,0]],[[24865,31288],[9,0]],[[24874,31288],[33,0]],[[24907,31288],[10,0]],[[24917,31288],[10,0]],[[24927,31288],[119,0]],[[25046,31288],[2,1]],[[25048,31289],[88,0]],[[25137,31246],[87,0]],[[25224,31246],[88,0]],[[25312,31246],[9,0]],[[25321,31246],[16,-1]],[[25337,31245],[9,0]],[[25346,31245],[11,0]],[[25357,31245],[10,0]],[[25367,31245],[12,0]],[[25379,31245],[90,3]],[[25469,31248],[4,0]],[[25473,31248],[60,3]],[[25533,31251],[44,-1]],[[25577,31250],[-1,-22]],[[25576,31228],[0,-7]],[[25576,31221],[0,-16]],[[25576,31205],[27,0]],[[25603,31205],[1,0]],[[25604,31205],[12,0]],[[25616,31205],[9,0]],[[25625,31205],[36,0]],[[25661,31205],[1,-33]],[[25662,31172],[0,-5]],[[25662,31167],[1,-32]],[[25663,31135],[0,-8]],[[25663,31127],[0,-12]],[[25663,31115],[0,-4]],[[25663,31111],[295,8]],[[25958,31119],[145,4]],[[26103,31123],[87,3]],[[26190,31126],[-1,45]],[[26189,31171],[1,63]],[[26190,31234],[0,3]],[[26190,31237],[0,4]],[[26190,31241],[0,5]],[[26190,31246],[0,49]],[[26190,31295],[0,6]],[[26190,31301],[0,16]],[[26190,31317],[0,3]],[[26190,31320],[0,24]],[[26190,31344],[0,8]],[[26190,31352],[0,29]],[[26190,31381],[0,6]],[[26190,31387],[0,22]],[[26190,31409],[0,4]],[[26190,31413],[0,53]],[[26190,31466],[0,17]],[[26190,31483],[0,14]],[[26190,31497],[0,9]],[[26190,31506],[0,6]],[[26190,31515],[0,11]],[[26190,31526],[-1,84]],[[26189,31610],[60,17],[27,3],[108,-5],[80,7],[21,11],[26,28],[17,7],[185,2],[60,-3],[294,-1],[94,37],[152,-1],[63,3],[45,-4]],[[27421,31711],[18,0]],[[27439,31711],[87,-121],[85,-140],[41,25],[43,42],[76,40]],[[27771,31557],[74,31]],[[27845,31588],[12,14],[1,63],[22,0]],[[27880,31665],[38,-1]],[[27918,31664],[86,0],[117,204],[108,-65],[15,-5],[40,0],[20,10],[61,67],[25,11],[173,0],[8,1],[120,73]],[[28691,31960],[44,26],[61,23],[41,36],[10,4],[60,2],[35,11],[22,-1],[43,-16],[110,1],[65,-18],[38,-20],[16,-4],[130,17],[12,0]],[[31526,29346],[0,-42]],[[31526,29304],[0,-1]],[[31526,29303],[0,-1]],[[31526,29302],[1,-118]],[[31527,29184],[0,-1]],[[31527,29183],[2,-245]],[[31529,28938],[5,-489]],[[31534,28449],[9,-518]],[[31531,27931],[-2,0]],[[31436,27931],[0,-294]],[[31436,27637],[0,-66]],[[31436,27571],[2,-140]],[[31438,27431],[0,-15]],[[31438,27416],[0,-25]],[[31438,27391],[-121,-2]],[[31317,27389],[-46,1]],[[31271,27390],[-29,-1]],[[31242,27389],[-25,1]],[[31217,27390],[-18,1]],[[31199,27391],[-47,3]],[[31152,27394],[-32,1]],[[31120,27395],[-23,0]],[[31097,27395],[-2,0]],[[31095,27395],[-34,0]],[[31061,27395],[-8,0]],[[31053,27395],[-16,0]],[[31037,27395],[-51,0]],[[30986,27395],[-25,0]],[[30961,27395],[-64,-1]],[[30897,27394],[-125,0]],[[30772,27394],[-200,1]],[[30572,27395],[-99,0]],[[30472,27388],[-66,-1]],[[30257,27389],[-59,1]],[[30190,27388],[-42,0]],[[30148,27388],[-19,0]],[[30129,27388],[-9,0]],[[30120,27388],[-95,1]],[[30015,27389],[-27,0]],[[29988,27389],[-6,0]],[[29982,27389],[-3,0]],[[29979,27389],[-4,0]],[[29975,27389],[-2,0]],[[29973,27389],[-19,0]],[[29949,27389],[-41,0]],[[29908,27389],[-24,0]],[[29884,27389],[-58,0]],[[29825,27389],[-123,-1]],[[29666,27388],[-35,0]],[[29631,27388],[-1,0]],[[29630,27388],[-73,1]],[[29557,27389],[-6,0]],[[29551,27389],[-33,0]],[[29518,27389],[-87,0]],[[29431,27389],[-2,0]],[[29429,27389],[-200,1]],[[29229,27390],[-5,0]],[[29224,27390],[-5,0]],[[29219,27390],[-6,0]],[[29213,27390],[-6,0]],[[29207,27390],[-8,0]],[[29199,27390],[-14,0]],[[29185,27390],[-113,-1]],[[29072,27389],[-46,0]],[[29026,27389],[-14,0]],[[29012,27389],[-20,1]],[[28991,27390],[-259,-2]],[[28732,27388],[-29,1]],[[28703,27389],[-31,0]],[[28672,27389],[-123,0]],[[28549,27389],[-1,0]],[[28548,27389],[-60,0]],[[28488,27389],[-35,0]],[[28453,27389],[-115,1]],[[28329,27392],[-323,-1]],[[28006,27391],[-1,0]],[[28005,27391],[-2,0]],[[28003,27391],[0,1]],[[28003,27392],[0,13]],[[28003,27405],[0,7]],[[28003,27412],[-2,7]],[[28001,27419],[-1,11]],[[28000,27430],[-4,12]],[[27996,27442],[-2,5]],[[27994,27447],[-12,9]],[[27982,27456],[0,6]],[[27982,27462],[-1,9]],[[27981,27471],[-3,0]],[[27978,27471],[-7,0]],[[27971,27471],[-8,7]],[[27963,27478],[0,-4]],[[27963,27474],[-3,-4]],[[27960,27470],[-2,0]],[[27958,27470],[-4,2]],[[27954,27472],[-1,3]],[[27953,27475],[0,8]],[[27953,27483],[-10,0]],[[27943,27483],[-1,5]],[[27942,27488],[-9,4]],[[27933,27492],[-12,13]],[[27921,27505],[-3,0]],[[27918,27505],[-10,1]],[[27908,27506],[-2,6]],[[27906,27512],[-6,3]],[[27900,27515],[-4,9]],[[27896,27524],[-6,3]],[[27890,27527],[-1,-2]],[[27889,27525],[-3,-3]],[[27886,27522],[-1,0]],[[27885,27522],[-6,9]],[[27879,27531],[-9,3]],[[27870,27534],[-1,0]],[[27869,27534],[-4,8]],[[27865,27542],[-10,7]],[[27855,27549],[-6,8]],[[27849,27557],[-2,3]],[[27847,27560],[-8,-3]],[[27839,27557],[-15,-1]],[[27824,27556],[-11,5]],[[27813,27561],[-9,5]],[[27804,27566],[-15,16]],[[27789,27582],[-21,2]],[[27768,27584],[-6,9]],[[27762,27593],[-9,2]],[[27753,27595],[-12,1]],[[27741,27596],[-3,13]],[[27738,27609],[-2,3]],[[27736,27612],[-4,5]],[[27732,27617],[0,1]],[[27732,27618],[7,7]],[[27739,27625],[-7,5]],[[27732,27630],[-6,12]],[[27726,27642],[2,5]],[[27728,27647],[-13,5]],[[27715,27652],[-6,-5]],[[27709,27647],[-4,-3]],[[27705,27644],[-2,-2]],[[27703,27642],[-4,4]],[[27699,27646],[-1,1]],[[27698,27647],[-20,3]],[[27678,27650],[-8,-2]],[[27670,27648],[-6,-4]],[[27664,27644],[-4,-4]],[[27660,27640],[-10,11]],[[27650,27651],[3,8]],[[27653,27659],[1,5]],[[27654,27664],[-3,4]],[[27651,27668],[-17,6]],[[27634,27674],[-14,8]],[[27620,27682],[-7,4]],[[27613,27686],[-5,7]],[[27608,27693],[-15,-8]],[[27593,27685],[-6,3]],[[27587,27688],[1,9]],[[27588,27697],[-5,-6]],[[27583,27691],[-2,-4]],[[27581,27687],[-8,-2]],[[27573,27685],[-1,2]],[[27572,27687],[-1,1]],[[27571,27688],[-4,7]],[[27567,27695],[-2,3]],[[27565,27698],[-12,7]],[[27553,27705],[-2,2]],[[27551,27707],[1,6]],[[27552,27713],[9,3]],[[27561,27716],[1,1]],[[27562,27717],[3,9]],[[27565,27726],[-11,2]],[[27554,27728],[-3,1]],[[27551,27729],[-4,5]],[[27547,27734],[1,0]],[[27548,27734],[3,7]],[[27551,27741],[-14,-3]],[[27537,27738],[-4,-4]],[[27533,27734],[-1,-2]],[[27532,27732],[-5,3]],[[27527,27735],[2,10]],[[27529,27745],[1,8]],[[27530,27753],[-9,-1]],[[27521,27752],[-3,-5]],[[27518,27747],[-6,-8]],[[27512,27739],[-11,-1]],[[27501,27738],[-7,3]],[[27494,27741],[-5,-9]],[[27489,27732],[-1,-2]],[[27488,27730],[-5,1]],[[27483,27731],[-5,-1]],[[27478,27730],[-8,-3]],[[27470,27727],[-10,-5]],[[27460,27722],[-8,-4]],[[27452,27718],[-9,-2]],[[27443,27716],[-4,4]],[[27439,27720],[-6,4]],[[27433,27724],[-1,2]],[[27432,27726],[0,2]],[[27432,27728],[4,17]],[[27436,27745],[-5,5]],[[27431,27750],[-18,1]],[[27413,27751],[-10,5]],[[27403,27756],[6,10]],[[27409,27766],[-2,4]],[[27407,27770],[-11,-2]],[[27396,27768],[-13,-1]],[[27383,27767],[0,3]],[[27383,27770],[2,6]],[[27385,27776],[-4,1]],[[27381,27777],[-6,2]],[[27375,27779],[3,2]],[[27378,27781],[4,2]],[[27382,27783],[-9,4]],[[27373,27787],[-3,1]],[[27370,27788],[0,15]],[[27370,27803],[-4,4]],[[27366,27807],[-5,-4]],[[27361,27803],[-3,-3]],[[27358,27800],[-12,7]],[[27346,27807],[8,10]],[[27354,27817],[-8,3]],[[27346,27820],[-4,-4]],[[27342,27816],[-2,6]],[[27340,27822],[-1,6]],[[27339,27828],[-5,11]],[[27334,27839],[-6,-1]],[[27328,27838],[-8,-1]],[[27320,27837],[-2,4]],[[27318,27841],[-2,5]],[[27316,27846],[1,3]],[[27317,27849],[2,6]],[[27319,27855],[-6,1]],[[27313,27856],[-3,1]],[[27310,27857],[-5,1]],[[27305,27858],[-4,4]],[[27301,27862],[-3,2]],[[27298,27864],[-12,7]],[[27286,27871],[-2,2]],[[27284,27873],[-10,6]],[[27274,27879],[-6,4]],[[27268,27883],[-6,-3]],[[27262,27880],[-8,3]],[[27254,27883],[-9,9]],[[27245,27892],[-7,8]],[[27238,27900],[-6,10]],[[27232,27910],[-1,16]],[[27231,27926],[-1,4]],[[27230,27930],[-11,-6]],[[27219,27924],[-14,-12]],[[27205,27912],[-5,3]],[[27200,27915],[-1,1]],[[27199,27916],[-1,2]],[[27198,27918],[-4,4]],[[27194,27922],[-3,4]],[[27191,27926],[-5,6]],[[27186,27932],[-6,-1]],[[27180,27931],[-4,-6]],[[27176,27925],[-9,-2]],[[27167,27923],[-12,11]],[[27155,27934],[-1,1]],[[27154,27935],[-3,7]],[[27151,27942],[2,6]],[[27153,27948],[2,4]],[[27155,27952],[-2,0]],[[27153,27952],[-6,0]],[[27147,27952],[-8,0]],[[27139,27952],[-4,0]],[[27135,27952],[-6,8]],[[27129,27960],[-3,-1]],[[27126,27959],[-2,-1]],[[27124,27958],[-17,2]],[[27107,27960],[-7,-8]],[[27100,27952],[-9,2]],[[27091,27954],[-16,0]],[[27075,27954],[-3,-9]],[[27072,27945],[8,-10]],[[27080,27935],[-14,0]],[[27066,27935],[-7,-7]],[[27059,27928],[-3,-1]],[[27056,27927],[-12,-6]],[[27044,27921],[-3,-4]],[[27041,27917],[-3,-7]],[[27038,27910],[-17,-16]],[[27021,27894],[-4,0]],[[27017,27894],[-5,0]],[[27012,27894],[-3,-4]],[[27009,27890],[-10,3]],[[26999,27893],[-1,0]],[[26998,27893],[-2,-2]],[[26996,27891],[-11,-10]],[[26985,27881],[-15,-14]],[[26970,27867],[-10,3]],[[26960,27870],[2,5]],[[26962,27875],[5,10]],[[26967,27885],[-2,3]],[[26965,27888],[-3,3]],[[26962,27891],[-5,0]],[[26957,27891],[-6,-1]],[[26951,27890],[0,8]],[[26951,27898],[1,5]],[[26952,27903],[-8,-1]],[[26944,27902],[-21,7]],[[26923,27909],[1,-7]],[[26924,27902],[0,-5]],[[26924,27897],[-7,-5]],[[26917,27892],[-12,-10]],[[26905,27882],[-14,1]],[[26891,27883],[-1,11]],[[26890,27894],[-5,1]],[[26885,27895],[-2,-4]],[[26883,27891],[-2,-5]],[[26881,27886],[-4,6]],[[26877,27892],[4,5]],[[26881,27897],[-4,5]],[[26877,27902],[-11,-4]],[[26866,27898],[-2,2]],[[26864,27900],[-11,5]],[[26853,27905],[-5,-3]],[[26848,27902],[-4,-13]],[[26844,27889],[-15,-1]],[[26829,27888],[5,11]],[[26834,27899],[-3,12]],[[26831,27911],[-6,2]],[[26825,27913],[-8,-4]],[[26817,27909],[1,-3]],[[26818,27906],[2,-5]],[[26820,27901],[-8,-4]],[[26812,27897],[-21,-1]],[[26787,27899],[-5,-1]],[[26782,27898],[-3,-1]],[[26779,27897],[-8,-3]],[[26771,27894],[-21,-16]],[[26750,27878],[-4,-8]],[[26746,27870],[-3,-3]],[[26743,27867],[-20,-16]],[[26723,27851],[-9,-8]],[[26714,27843],[-7,3]],[[26707,27846],[-1,5]],[[26706,27851],[0,2]],[[26706,27853],[-10,-1]],[[26696,27852],[-11,-2]],[[26685,27850],[-3,3]],[[26682,27853],[-6,4]],[[26676,27857],[-10,-6]],[[26666,27851],[-11,-3]],[[26655,27848],[-5,-5]],[[26650,27843],[-3,-1]],[[26647,27842],[-5,-2]],[[26642,27840],[-2,-1]],[[26640,27839],[-10,-3]],[[26630,27836],[-2,-7]],[[26628,27829],[-1,-3]],[[26627,27826],[-5,-7]],[[26622,27819],[-3,-3]],[[26619,27816],[-8,-5]],[[26611,27811],[-3,-2]],[[26608,27809],[-5,0]],[[26603,27809],[-2,0]],[[26601,27809],[-28,0]],[[26573,27809],[-26,4]],[[26547,27813],[-27,8]],[[26520,27821],[-16,-5]],[[26504,27816],[-6,-8]],[[26498,27808],[-13,-23]],[[26485,27785],[-7,-18]],[[26478,27767],[-1,-17]],[[26477,27750],[6,-13]],[[26483,27737],[-8,-18]],[[26468,27712],[-21,-12]],[[26447,27700],[-27,-7]],[[26420,27693],[-13,4]],[[26407,27697],[-2,1]],[[26405,27698],[-9,1]],[[26396,27699],[-5,0]],[[26391,27699],[-6,6]],[[26385,27705],[-9,8]],[[26376,27713],[-7,0]],[[26369,27713],[-3,0]],[[26366,27713],[-11,6]],[[26355,27719],[-5,2]],[[26350,27721],[-5,0]],[[26345,27721],[-7,-1]],[[26338,27720],[-4,2]],[[26334,27722],[-10,15]],[[26324,27737],[-14,-2]],[[26310,27735],[-2,5]],[[26308,27740],[-3,6]],[[26305,27746],[-7,-1]],[[26298,27745],[-17,3]],[[26281,27748],[-2,5]],[[26279,27753],[0,2]],[[26279,27755],[-3,11]],[[26276,27766],[-5,2]],[[26271,27768],[-12,-6]],[[26259,27762],[-4,-2]],[[26255,27760],[-11,9]],[[26244,27769],[-12,2]],[[26232,27771],[-4,-4]],[[26228,27767],[-2,-2]],[[26226,27765],[-3,5]],[[26223,27770],[-2,1]],[[26221,27771],[-12,7]],[[26209,27778],[-10,1]],[[26199,27779],[-13,-5]],[[26186,27774],[-2,-1]],[[26184,27773],[-6,5]],[[26178,27778],[-6,3]],[[26172,27781],[-14,3]],[[26158,27784],[-5,0]],[[26153,27784],[-8,-1]],[[26145,27783],[-5,5]],[[26140,27788],[-2,2]],[[26138,27790],[-8,1]],[[26130,27791],[-8,1]],[[26122,27792],[-19,1]],[[26103,27793],[-11,4]],[[26092,27797],[-3,1]],[[26089,27798],[0,3]],[[26089,27801],[0,4]],[[26089,27805],[-3,8]],[[26086,27813],[-4,10]],[[26081,27824],[-2,1]],[[26076,27823],[-2,-1]],[[26074,27822],[-1,0]],[[26073,27822],[-2,0]],[[26071,27822],[-6,1]],[[26065,27823],[-1,1]],[[26064,27824],[-17,1]],[[26047,27825],[-2,0]],[[26045,27825],[-6,5]],[[26039,27830],[-10,6]],[[26029,27836],[-2,1]],[[26027,27837],[-9,6]],[[26018,27843],[-4,3]],[[26014,27846],[-12,-7]],[[26002,27839],[-2,-1]],[[26000,27838],[-8,0]],[[25992,27838],[-13,1]],[[25979,27839],[-2,-6]],[[25977,27833],[-9,2]],[[25968,27835],[-11,-2]],[[25957,27833],[-5,2]],[[25952,27835],[-7,3]],[[25945,27838],[-11,-8]],[[25934,27830],[-5,-4]],[[25929,27826],[-12,4]],[[25917,27830],[-8,-3]],[[25909,27827],[-3,-1]],[[25906,27826],[-9,0]],[[25897,27826],[-3,-4]],[[25894,27822],[-3,-3]],[[25891,27819],[-8,-4]],[[25883,27815],[-6,-4]],[[25877,27811],[-6,-3]],[[25871,27808],[-3,-6]],[[25868,27802],[-9,-5]],[[25859,27797],[-7,-8]],[[25852,27789],[-7,-10]],[[25845,27779],[-2,-2]],[[25843,27777],[-8,-9]],[[25835,27768],[-8,-15]],[[25827,27753],[-8,-7]],[[25819,27746],[-2,-4]],[[25817,27742],[-4,-14]],[[25813,27728],[-16,0]],[[25797,27728],[-13,0]],[[25784,27728],[-5,-6]],[[25779,27722],[-10,-7]],[[25769,27715],[-4,-3]],[[25765,27712],[-13,1]],[[25752,27713],[-12,-7]],[[25740,27706],[-5,-7]],[[25735,27699],[5,-10]],[[25740,27689],[-5,-5]],[[25735,27684],[-8,0]],[[25727,27684],[-20,-17]],[[25707,27667],[-10,-6]],[[25697,27661],[-12,-7]],[[25685,27654],[-16,-7]],[[25669,27647],[-1,-10]],[[25668,27637],[1,-3]],[[25669,27634],[5,-11]],[[25674,27623],[-6,-6]],[[25668,27617],[-4,-4]],[[25664,27613],[-5,-8]],[[25659,27605],[-2,-2]],[[25657,27603],[-8,-12]],[[25649,27591],[-1,-2]],[[32149,28631],[4,15]],[[32153,28646],[5,16]],[[32973,26889],[3,5]],[[32976,26894],[12,-5]],[[32988,26889],[5,3]],[[32993,26892],[-3,7]],[[32990,26899],[-9,13]],[[32981,26912],[-3,12]],[[32978,26924],[-1,18]],[[32977,26942],[9,16]],[[32986,26958],[14,-3]],[[33000,26955],[15,-16]],[[33015,26939],[9,-1]],[[33024,26938],[8,19]],[[33032,26957],[4,13]],[[33036,26970],[1,2]],[[33037,26972],[0,15]],[[33037,26987],[-3,6]],[[33034,26993],[-2,4]],[[33032,26997],[10,0]],[[33042,26997],[5,0]],[[33047,26997],[-6,11]],[[33041,27008],[-6,1]],[[33035,27009],[-7,2]],[[33028,27011],[-7,9]],[[33021,27020],[2,21]],[[33023,27041],[-5,5]],[[33018,27046],[-9,13]],[[33009,27059],[6,12]],[[33015,27071],[12,12]],[[33027,27083],[-2,6]],[[33025,27089],[-13,10]],[[33012,27099],[0,2]],[[33012,27101],[0,3]],[[33012,27104],[5,9]],[[33017,27113],[5,9]],[[33022,27122],[11,15]],[[33033,27137],[5,6]],[[33038,27143],[2,4]],[[33040,27147],[8,-1]],[[33048,27146],[4,-1]],[[33052,27145],[-3,11]],[[33049,27156],[-1,5]],[[33048,27161],[-3,20]],[[33045,27181],[-10,12]],[[33035,27193],[-1,10]],[[33034,27203],[5,9]],[[33039,27212],[16,9]],[[33055,27221],[-1,7]],[[33054,27228],[-3,5]],[[33051,27233],[-7,12]],[[33044,27245],[15,10]],[[33059,27255],[5,8]],[[33064,27263],[-12,-2]],[[33052,27261],[-7,-1]],[[33045,27260],[-7,2]],[[33038,27262],[-5,10]],[[33033,27272],[2,8]],[[33035,27280],[8,11]],[[33043,27291],[4,13]],[[33047,27304],[-10,6]],[[33037,27310],[-14,-15]],[[33023,27295],[-10,-2]],[[33013,27293],[1,8]],[[33014,27301],[24,16]],[[33038,27317],[3,7]],[[33041,27324],[-8,10]],[[33033,27334],[-21,0]],[[33012,27334],[-4,3]],[[33008,27337],[0,13]],[[33008,27350],[7,3]],[[33015,27353],[0,10]],[[33015,27363],[-4,3]],[[33011,27366],[-10,5]],[[33001,27371],[-8,-6]],[[32993,27365],[-2,-2]],[[32991,27363],[-12,-2]],[[32979,27361],[-12,-1]],[[32967,27360],[-15,18]],[[32952,27378],[2,3]],[[32954,27381],[9,3]],[[32963,27384],[2,0]],[[32965,27384],[1,1]],[[32966,27385],[8,2]],[[32974,27387],[5,7]],[[32979,27394],[-2,9]],[[32977,27403],[-7,14]],[[32970,27417],[-6,10]],[[32964,27427],[0,1]],[[32964,27428],[-4,7]],[[32960,27435],[1,9]],[[32961,27444],[7,-4]],[[32968,27440],[5,-2]],[[32973,27438],[1,0]],[[32974,27438],[1,0]],[[32975,27438],[12,4]],[[32987,27442],[5,9]],[[32992,27451],[0,2]],[[32992,27453],[2,12]],[[32994,27465],[2,12]],[[32996,27477],[10,15]],[[33006,27492],[4,4]],[[33010,27496],[16,16]],[[33026,27512],[6,10]],[[33032,27522],[6,20]],[[33038,27542],[-3,5]],[[33035,27547],[-4,9]],[[33031,27556],[-13,14]],[[33018,27570],[-8,6]],[[33010,27576],[-9,7]],[[33001,27583],[-6,3]],[[32995,27586],[-9,5]],[[32986,27591],[-27,3]],[[32959,27594],[-18,-1]],[[32941,27593],[-14,6]],[[32927,27599],[2,9]],[[32929,27608],[16,10]],[[32945,27618],[-3,13]],[[32942,27631],[-8,0]],[[32934,27631],[-5,0]],[[32929,27631],[-9,-4]],[[32920,27627],[-6,2]],[[32914,27629],[-5,24]],[[32909,27653],[-9,28]],[[32900,27681],[-9,6]],[[32891,27687],[-17,9]],[[32874,27696],[-13,6]],[[32861,27702],[-2,8]],[[32859,27710],[4,10]],[[32863,27720],[2,5]],[[32865,27725],[-1,11]],[[32864,27736],[-23,23]],[[32841,27759],[-7,-1]],[[32834,27758],[-7,-5]],[[32827,27753],[-3,-2]],[[32824,27751],[-3,7]],[[32821,27758],[5,9]],[[32826,27767],[1,18]],[[32824,27791],[-16,17]],[[32808,27808],[-12,13]],[[32796,27821],[-12,15]],[[32784,27836],[-6,3]],[[32778,27839],[-8,-1]],[[32770,27838],[-6,-1]],[[32764,27837],[-4,-4]],[[32760,27833],[-5,-5]],[[32755,27828],[-8,1]],[[32747,27829],[-5,7]],[[32742,27836],[-2,11]],[[32740,27847],[-1,5]],[[32739,27852],[-9,14]],[[32730,27866],[-12,7]],[[32718,27873],[-5,-1]],[[32713,27872],[-13,-2]],[[32700,27870],[-10,9]],[[32690,27879],[-5,8]],[[32685,27887],[-7,12]],[[32678,27899],[-15,14]],[[32663,27913],[-9,4]],[[32654,27917],[-10,-1]],[[32644,27916],[-6,-7]],[[32638,27909],[-8,1]],[[32630,27910],[-8,11]],[[32622,27921],[-6,5]],[[32616,27926],[-8,6]],[[32608,27932],[-9,17]],[[32599,27949],[-18,25]],[[32581,27974],[-15,29]],[[32566,28003],[-6,12]],[[32560,28015],[-7,6]],[[32553,28021],[-11,-2]],[[32542,28019],[-18,-2]],[[32524,28017],[-12,4]],[[32508,28025],[-3,18]],[[32505,28043],[3,16]],[[32508,28059],[-2,19]],[[32506,28078],[-7,6]],[[32499,28084],[-13,6]],[[32486,28090],[-6,7]],[[32480,28097],[-1,12]],[[32479,28109],[2,10]],[[32481,28119],[12,12]],[[32493,28131],[12,2]],[[32505,28133],[8,9]],[[32513,28142],[-1,9]],[[32512,28151],[-12,26]],[[32500,28177],[-2,25]],[[32498,28202],[-10,16]],[[32488,28218],[-21,5]],[[32467,28223],[-8,5]],[[32459,28228],[-9,5]],[[32450,28233],[-8,2]],[[32442,28235],[-13,-1]],[[32429,28234],[-6,-5]],[[32423,28229],[-7,-5]],[[32416,28224],[-13,-5]],[[32403,28219],[-32,-3]],[[32371,28216],[-15,-5]],[[32356,28211],[-14,-1]],[[32342,28210],[-10,2]],[[32332,28212],[-10,8]],[[32322,28220],[-7,6]],[[32315,28226],[-11,0]],[[32304,28226],[-18,1]],[[32286,28227],[-18,7]],[[32262,28240],[3,12]],[[32265,28252],[5,10]],[[32270,28262],[1,7]],[[32271,28269],[-6,16]],[[32265,28285],[-7,7]],[[32258,28292],[-20,37]],[[32249,28400],[-9,18]],[[32240,28418],[-7,10]],[[32233,28428],[-13,28]],[[32220,28456],[-15,17]],[[32205,28473],[-1,5]],[[32204,28478],[-5,13]],[[32199,28491],[-1,4]],[[32198,28495],[0,1]],[[32198,28496],[0,3]],[[32198,28499],[-1,7]],[[32197,28506],[0,3]],[[32197,28509],[-1,8]],[[32196,28517],[-2,3]],[[32194,28520],[-1,1]],[[32193,28521],[-5,10]],[[32188,28531],[-1,5]],[[32187,28536],[0,1]],[[32187,28537],[-5,15]],[[32182,28552],[-13,26]],[[32169,28578],[-8,11]],[[32161,28589],[-7,11]],[[32154,28600],[-5,16]],[[32149,28616],[0,8]],[[32149,28624],[0,7]],[[29084,23058],[161,0]],[[29245,23058],[106,-1]],[[29351,23057],[0,213]],[[29351,23270],[0,1]],[[29351,23271],[0,6]],[[29351,23277],[-2,31]],[[29349,23308],[0,62]],[[29349,23370],[0,19]],[[29349,23389],[2,3]],[[29351,23392],[3,4]],[[29354,23396],[1,1]],[[29355,23397],[12,7]],[[29367,23404],[1,0]],[[29368,23404],[13,5]],[[29381,23409],[8,2]],[[29389,23411],[14,13]],[[29403,23424],[9,1]],[[29412,23425],[5,1]],[[29417,23426],[5,1]],[[29422,23427],[1,1]],[[29423,23428],[5,4]],[[29428,23432],[3,2]],[[29431,23434],[2,2]],[[29433,23436],[3,-8]],[[29436,23428],[2,1]],[[29438,23429],[12,3]],[[29450,23432],[2,1]],[[29452,23433],[5,1]],[[29457,23434],[1,1]],[[29458,23435],[3,3]],[[29461,23438],[3,2]],[[29464,23440],[0,1]],[[29464,23441],[8,-1]],[[29472,23440],[10,3]],[[29482,23443],[11,4]],[[29493,23447],[2,0]],[[29495,23447],[3,6]],[[29498,23453],[1,2]],[[29499,23455],[10,-3]],[[29509,23452],[16,2]],[[29525,23454],[2,-2]],[[29527,23452],[2,-3]],[[29529,23449],[6,8]],[[29535,23457],[3,-3]],[[29538,23454],[3,0]],[[29541,23454],[1,0]],[[29542,23454],[7,2]],[[29549,23456],[5,-6]],[[29554,23450],[3,3]],[[29557,23453],[3,3]],[[29560,23456],[1,-1]],[[29561,23455],[6,-1]],[[29567,23454],[5,-2]],[[29572,23452],[7,-2]],[[29579,23450],[9,-3]],[[29588,23447],[8,4]],[[29596,23451],[7,3]],[[29603,23454],[4,-2]],[[29607,23452],[3,-1]],[[29610,23451],[2,-1]],[[29612,23450],[9,-3]],[[29621,23447],[4,-5]],[[29625,23442],[1,-2]],[[29626,23440],[3,-3]],[[29629,23437],[1,-1]],[[29630,23436],[1,0]],[[29631,23436],[7,0]],[[29638,23436],[4,0]],[[29642,23436],[1,0]],[[29643,23436],[3,0]],[[29646,23436],[1,0]],[[29647,23436],[18,-9]],[[29665,23427],[6,-6]],[[29671,23421],[8,-16]],[[29679,23405],[4,-7]],[[29683,23398],[0,-1]],[[29683,23397],[8,-19]],[[29691,23378],[3,-7]],[[29694,23371],[10,-17]],[[29704,23354],[14,-11]],[[29718,23343],[7,1]],[[29725,23344],[12,1]],[[29737,23345],[11,0]],[[29748,23345],[6,1]],[[29754,23346],[8,6]],[[29762,23352],[2,5]],[[29764,23357],[3,12]],[[29767,23369],[7,4]],[[29774,23373],[8,-10]],[[29782,23363],[2,0]],[[29784,23363],[7,-1]],[[29791,23362],[4,0]],[[29795,23362],[4,0]],[[29799,23362],[9,-1]],[[29808,23361],[18,-1]],[[29826,23360],[26,7]],[[29852,23367],[12,-1]],[[29864,23366],[2,224]],[[29866,23590],[91,0]],[[29957,23590],[435,4]],[[30392,23693],[203,-1]],[[30595,23692],[148,1]],[[30743,23693],[1,-96]],[[30744,23597],[445,1]],[[31310,23600],[49,1]],[[31359,23601],[44,0]],[[31403,23601],[6,0]],[[31409,23601],[17,0]],[[31426,23601],[10,0]],[[31436,23601],[9,0]],[[31445,23601],[1,0]],[[33842,20252],[-6,-1],[-588,7],[-20,8],[-347,371],[-17,14]],[[32864,20651],[-21,12]],[[32843,20663],[-32,13]],[[32811,20676],[-3,1]],[[32808,20677],[-30,11]],[[32778,20688],[-16,6]],[[32762,20694],[-16,5]],[[32746,20699],[-50,8]],[[32696,20707],[-168,30],[-88,24],[-66,32],[-37,9],[-161,-2],[-101,4],[-155,-3],[-65,2],[-43,-1],[-20,13],[-63,13],[-45,36],[-28,1],[-69,-8],[-59,-20],[-31,0],[-60,20]],[[31437,20857],[-140,48],[-85,19]],[[31212,20924],[-43,10],[0,37],[-22,0],[0,14],[-19,0]],[[31128,20985],[3,24],[0,93],[-16,-8],[0,27],[25,33],[6,13]],[[31146,21167],[14,0]],[[31160,21167],[8,11]],[[31168,21178],[0,11]],[[31168,21189],[-1,34]],[[31167,21223],[-2,13],[-15,20]],[[31150,21256],[-33,45]],[[31117,21301],[-64,91],[-12,18],[-3,34],[-17,-20]],[[31021,21424],[-38,-37]],[[30983,21387],[-15,-9]],[[30968,21378],[-28,15],[-12,22],[0,21]],[[30928,21436],[-2,19],[-9,14],[-16,10],[-61,2],[-23,5],[-44,2],[-63,29],[-28,6],[-41,0],[-85,-4],[-58,0],[-24,3],[-70,-1],[-72,-4],[-59,-10],[-58,-21],[-104,-49],[-69,-5]],[[30042,21432],[0,2]],[[30042,21434],[-72,-8],[-58,-4],[-58,12],[-110,0],[-32,2],[-299,-1],[-64,-1]],[[29349,21435],[0,7]],[[29349,21442],[0,22]],[[29349,21464],[0,3]],[[29349,21467],[0,7]],[[29349,21474],[0,1]],[[29349,21475],[1,10]],[[29350,21485],[0,1]],[[29350,21486],[0,10]],[[29350,21496],[0,14]],[[29350,21510],[0,27]],[[29350,21537],[0,16]],[[29350,21553],[0,22]],[[29350,21575],[0,20]],[[29350,21595],[0,17]],[[29350,21612],[0,7]],[[29350,21619],[0,4]],[[29350,21623],[-1,2]],[[29349,21626],[-1,35]],[[29348,21661],[0,23]],[[29348,21685],[0,24]],[[29348,21709],[-1,42]],[[29347,21751],[0,1]],[[29347,21752],[-1,190]],[[29346,21942],[0,11]],[[29346,21953],[0,113]],[[29346,22066],[-1,44]],[[29345,22110],[0,20]],[[29345,22130],[1,27]],[[29346,22157],[0,60]],[[29346,22217],[1,50]],[[29347,22267],[-1,171]],[[29346,22438],[0,1]],[[29346,22439],[0,7]],[[29346,22446],[1,71]],[[29347,22517],[-47,0]],[[29300,22517],[-55,0]],[[29245,22517],[-159,0]],[[29086,22517],[0,159]],[[29086,22676],[-2,166]],[[29084,22842],[0,206]],[[29084,23048],[0,10]],[[27308,20935],[-23,50]],[[27285,20985],[-66,142]],[[27219,21127],[-30,21]],[[27189,21148],[-11,-2],[-17,-24]],[[27161,21122],[-5,-7]],[[27156,21115],[-8,0]],[[27148,21115],[-13,0]],[[27135,21115],[-22,0]],[[27113,21115],[-9,0]],[[27104,21115],[-4,0]],[[27100,21115],[-9,0]],[[27091,21115],[0,19]],[[27091,21134],[0,22]],[[27091,21161],[0,7]],[[27091,21168],[0,3]],[[27091,21171],[0,10]],[[27091,21181],[0,5]],[[27091,21186],[0,2]],[[27091,21188],[1,18]],[[27092,21206],[0,9]],[[27092,21215],[0,13]],[[27092,21228],[0,23]],[[27092,21251],[42,5],[2,-5]],[[27136,21251],[6,0]],[[27142,21251],[-29,24],[-1,28],[30,40],[84,0]],[[27226,21343],[-1,244],[22,-6]],[[27247,21581],[-3,32],[5,47]],[[27249,21660],[1,225],[0,116],[18,-1]],[[27268,22000],[16,-1],[19,-21],[73,0]],[[27376,21978],[0,-24]],[[27376,21954],[25,-1]],[[27401,21953],[4,-3]],[[27405,21950],[55,9],[25,28],[2,-103],[264,1],[30,4]],[[27781,21889],[-1,-68],[2,-29]],[[27782,21792],[11,-72],[6,-20],[19,-33],[79,-96],[18,-39],[9,-93]],[[27924,21439],[1,-187],[-1,-29],[-15,-127]],[[27909,21096],[-8,-59]],[[27901,21037],[0,-1]],[[27901,21036],[-3,-27]],[[27898,21009],[-5,-17]],[[27893,20992],[-4,-11]],[[27889,20981],[3,0]],[[27892,20981],[53,1]],[[27945,20982],[-6,-52],[-11,-21],[-25,-25],[-2,-68],[1,-57],[22,-30],[0,-65]],[[27924,20664],[0,-157],[-43,-284],[0,-52]],[[27881,20171],[0,-33]],[[27881,20138],[-2,-283],[-19,0],[-23,12],[-67,2],[-30,-6],[-27,-17],[-12,-19],[-15,-10],[-57,0],[-1,-91],[-8,-44],[-25,-42],[-21,-19],[-117,-71],[-20,-21],[-104,-206],[-20,-22],[-50,-32]],[[27263,19269],[-7,0]],[[27256,19269],[-2,0]],[[27254,19269],[-178,-2]],[[27076,19267],[-56,-1]],[[27020,19266],[-7,0]],[[27013,19266],[-131,0]],[[26881,19266],[-32,0]],[[26849,19266],[-8,0]],[[26841,19266],[-89,1]],[[26752,19267],[-24,1]],[[26068,20126],[0,45]],[[26068,20171],[84,0]],[[26152,20171],[6,0]],[[26158,20171],[11,0]],[[26169,20171],[28,1]],[[26197,20172],[44,0]],[[26241,20172],[20,0]],[[26261,20172],[1,0]],[[26262,20172],[22,0]],[[26284,20172],[36,1]],[[26320,20173],[1,0]],[[26321,20173],[13,0]],[[26334,20173],[9,-1]],[[26343,20172],[2,0]],[[26348,20173],[19,-17]],[[26367,20156],[2,-2]],[[26065,19606],[4,52],[-1,44]],[[26068,19702],[1,65],[-13,19],[-41,8],[-13,18]],[[26002,19812],[-23,0],[18,21]],[[25997,19833],[14,24],[15,0],[0,22],[-64,0],[-1,112],[-43,11]],[[25918,20002],[-21,0],[-1,123],[172,1]],[[37649,6333],[159,173],[95,125]],[[37903,6631],[81,106]],[[37984,6737],[147,192],[-13,99],[1,42]],[[38119,7070],[-3,113],[6,19],[19,32],[4,17],[0,88]],[[38145,7339],[6,-2]],[[38151,7337],[41,2]],[[38192,7339],[-1,19]],[[38191,7358],[-1,11]],[[38190,7369],[-2,75],[41,1]],[[38229,7445],[21,0],[0,45]],[[38250,7490],[148,5]],[[38398,7495],[43,1],[0,-11],[22,-1],[21,-11],[4,-24],[83,3]],[[38571,7452],[274,11],[25,11]],[[38870,7474],[138,59],[58,22],[43,36],[23,25],[78,-54],[13,-32]],[[38373,5827],[-169,-1],[-61,6],[-13,10],[-38,6],[-33,0],[-19,-11],[-1,35],[-5,16],[-38,0],[-1,119],[-26,-1]],[[37969,6006],[-2,-25],[-9,-19],[-48,-50],[-29,-21]],[[37881,5891],[-2,2],[-129,-1],[-11,22]],[[37739,5914],[-22,0],[0,-17],[-32,-6],[-11,23],[0,22],[-22,11],[-32,0],[-32,-6],[-3,308],[11,26],[53,58]],[[39248,7514],[44,-42],[26,-28],[8,5]],[[27669,14944],[53,1]],[[27722,14945],[18,0]],[[27740,14945],[48,-1]],[[27788,14944],[4,0]],[[27792,14944],[8,-1]],[[27805,14944],[59,0]],[[27864,14944],[4,-1]],[[27868,14943],[2,0]],[[27870,14943],[3,0]],[[27873,14943],[69,-1]],[[27942,14942],[5,0]],[[27947,14942],[2,0]],[[27949,14942],[6,0]],[[27955,14942],[16,0]],[[27971,14942],[3,1]],[[27974,14943],[18,-1]],[[27992,14942],[6,0]],[[27998,14942],[44,0]],[[28042,14942],[16,0]],[[28058,14942],[7,-1]],[[28065,14941],[40,0]],[[28105,14941],[17,0]],[[28122,14941],[88,-1]],[[28210,14940],[28,0]],[[28238,14940],[18,0]],[[28256,14940],[26,0]],[[28282,14940],[17,0]],[[28299,14940],[1,331]],[[28300,15271],[0,1]],[[28300,15272],[0,8]],[[28300,15280],[0,32]],[[28300,15312],[0,1]],[[28300,15313],[0,1]],[[28300,15314],[0,40]],[[28300,15354],[0,3]],[[28300,15357],[0,17]],[[28300,15374],[0,96]],[[28300,15470],[0,12]],[[28300,15482],[5,0]],[[28305,15482],[11,0]],[[28322,15482],[9,0]],[[28331,15482],[23,0]],[[28354,15482],[20,0]],[[28374,15482],[1,-1]],[[28375,15481],[13,0]],[[28388,15481],[98,0]],[[28486,15481],[1,0]],[[28487,15481],[2,0]],[[28489,15481],[3,0]],[[28492,15481],[38,0]],[[28530,15481],[19,0]],[[28549,15481],[5,0]],[[28554,15481],[10,0]],[[28573,15481],[44,0]],[[28617,15481],[3,0]],[[28620,15481],[13,0]],[[28633,15481],[47,-1]],[[28680,15480],[30,0]],[[28710,15480],[1,0]],[[28711,15480],[62,0]],[[28773,15480],[5,0]],[[28778,15480],[4,0]],[[28782,15480],[38,0]],[[28820,15480],[1,0]],[[28821,15480],[28,0]],[[28849,15480],[59,-1]],[[28908,15479],[2,0]],[[28910,15479],[2,0]],[[28912,15479],[3,0]],[[28915,15479],[24,0]],[[28939,15479],[67,0]],[[29006,15479],[12,0]],[[29018,15479],[29,-1]],[[29047,15478],[52,0]],[[29099,15478],[78,-1]],[[29177,15477],[27,0]],[[29204,15477],[5,0]],[[29209,15477],[4,-1]],[[29213,15476],[28,0]],[[29241,15476],[24,0]],[[29265,15476],[22,0]],[[29287,15476],[4,0]],[[29291,15476],[45,0]],[[29336,15476],[4,0]],[[29340,15476],[0,274]],[[29340,15750],[1,268]],[[29341,16018],[-1,34]],[[29340,16052],[0,62]],[[29340,16114],[4,341]],[[29344,16455],[1,83]],[[29345,16538],[1,24]],[[29346,16562],[2,259]],[[29347,16825],[0,156]],[[29347,16981],[0,101]],[[29347,17082],[2,286]],[[29349,17368],[2,832]],[[29351,18200],[0,1]],[[29351,18201],[0,8]],[[29351,18209],[4,525]],[[29355,18734],[1,161]],[[29356,18895],[0,61]],[[29356,18956],[1,316]],[[29357,19272],[1,1026]],[[29358,20298],[0,236]],[[29358,20559],[-6,65]],[[29352,20624],[0,13]],[[29352,20637],[0,13]],[[29352,20650],[0,36]],[[29352,20686],[0,17]],[[29352,20703],[0,20]],[[29352,20723],[2,161]],[[29354,20884],[-2,122]],[[29352,21006],[0,1]],[[29352,21007],[0,3]],[[29352,21010],[0,64]],[[29352,21074],[0,1]],[[29352,21075],[0,5]],[[29352,21080],[0,13]],[[29352,21093],[0,13]],[[29352,21106],[0,15]],[[29352,21121],[0,29]],[[29352,21150],[-1,3]],[[29351,21153],[0,12]],[[29351,21165],[0,8]],[[29351,21173],[-1,125]],[[29350,21298],[0,2]],[[29350,21300],[0,10]],[[29350,21310],[-1,7]],[[29349,21317],[0,29]],[[29349,21346],[0,7]],[[29349,21353],[-1,39]],[[29348,21392],[1,8]],[[29349,21400],[1,4]],[[29350,21404],[1,8]],[[29351,21412],[-2,22]],[[34155,19252],[-255,5]],[[33900,19257],[-20,0]],[[33880,19257],[-4,0]],[[33876,19257],[-875,15]],[[33001,19272],[-41,1]],[[32960,19273],[-179,0]],[[32781,19273],[-389,0]],[[32392,19273],[-31,0]],[[32361,19273],[-6,0]],[[32355,19273],[-12,0]],[[32343,19273],[-188,-1]],[[32155,19272],[-4,0]],[[32151,19272],[-35,0]],[[32116,19272],[-1,0]],[[32115,19272],[-70,1]],[[32045,19273],[-1,0]],[[32044,19273],[-64,0]],[[31980,19273],[-36,0]],[[31944,19273],[-5,0]],[[31939,19273],[0,-152]],[[31939,19121],[0,-50]],[[31939,19071],[0,-29]],[[31939,19042],[0,-109]],[[31939,18933],[0,-16]],[[31939,18917],[-1,-159]],[[31938,18758],[0,-25]],[[31938,18733],[0,-403]],[[31938,18330],[0,-31]],[[31938,18299],[0,-22]],[[31938,18277],[-1,-113]],[[31937,18164],[0,-203]],[[31937,17961],[0,-119]],[[31937,17842],[-1,-258]],[[31937,17584],[-1,-201]],[[31936,17383],[6,-795]],[[31942,16588],[-1,-15]],[[31941,16573],[3,-1061]],[[31944,15509],[0,-14]],[[31944,15495],[0,-8]],[[31944,15487],[0,-1]],[[31944,15486],[-3,-275]],[[31941,15211],[-3,-259]],[[31938,14952],[-1,-14]],[[31938,14936],[-5,-471]],[[31933,14465],[-1,-70]],[[31932,14395],[-1,-73]],[[31931,14322],[-1,-90]],[[31930,14232],[-3,-378]],[[31927,13854],[-3,-205]],[[31924,13649],[0,-68]],[[31924,13581],[-1,-68]],[[31923,13510],[0,-27]],[[31923,13483],[1,-84]],[[31924,13399],[0,-15]],[[31924,13384],[0,-39]],[[31924,13345],[1,-55]],[[31925,13290],[0,-9]],[[31925,13281],[0,-25]],[[31925,13256],[2,-136]],[[31927,13120],[0,-21]],[[31927,13099],[0,-21]],[[31927,13078],[3,-262]],[[31930,12816],[1,-8]],[[31931,12808],[-146,-2],[-82,19],[-38,23],[-56,0],[-34,16],[-38,13],[-20,19],[-16,3],[-27,-4],[-52,-2],[-36,20],[-243,-3]],[[31143,12910],[-75,1],[-35,24],[-123,0]],[[30910,12935],[-33,-2],[-40,-40],[-19,-7]],[[30818,12886],[-13,0]],[[30805,12886],[-126,-1]],[[28743,13862],[-6,-6],[-70,1],[-9,5]],[[24524,31493],[5,14]],[[24529,31507],[15,21]],[[24544,31528],[9,9]],[[24553,31537],[26,21]],[[24579,31558],[21,18]],[[24600,31576],[8,7]],[[24608,31583],[6,8]],[[24614,31591],[1,11]],[[24615,31602],[-3,44]],[[24612,31646],[-7,30]],[[24605,31676],[3,16]],[[24608,31692],[11,6]],[[24619,31698],[12,6]],[[24631,31704],[5,9]],[[24636,31713],[0,12]],[[24636,31725],[-8,18]],[[24622,31752],[-25,24]],[[24597,31776],[0,7]],[[24597,31783],[12,13]],[[24609,31796],[11,13]],[[24620,31809],[2,14]],[[24622,31823],[-2,9]],[[24620,31832],[-19,18]],[[24601,31850],[-5,14]],[[24596,31864],[0,9]],[[24596,31873],[5,9]],[[24601,31882],[7,13]],[[24608,31895],[3,14]],[[24611,31909],[-1,12]],[[24610,31921],[-5,29]],[[24605,31950],[1,14]],[[24606,31964],[9,13]],[[24615,31977],[17,8]],[[24632,31985],[10,-3]],[[24642,31982],[6,-12]],[[24648,31970],[9,-6]],[[24657,31964],[13,-3]],[[24670,31961],[3,0]],[[24673,31961],[15,3]],[[24688,31964],[13,3]],[[24701,31967],[11,11]],[[24712,31978],[1,8]],[[24713,31986],[-4,3]],[[24709,31989],[-29,2]],[[24680,31991],[-8,13]],[[24672,32004],[-7,18]],[[24665,32022],[-3,10]],[[24662,32032],[-9,7]],[[24653,32039],[-19,5]],[[24627,32049],[-12,12]],[[24615,32061],[-5,16]],[[24612,32088],[10,12]],[[24622,32100],[12,-8]],[[24634,32092],[13,-21]],[[24647,32071],[11,-11]],[[24658,32060],[4,-5]],[[24662,32055],[3,-2]],[[24665,32053],[10,2]],[[24675,32055],[6,14]],[[24681,32069],[2,13]],[[24683,32082],[0,5]],[[24683,32087],[-3,9]],[[24680,32096],[-9,5]],[[24671,32101],[-17,1]],[[24654,32102],[-7,6]],[[24647,32108],[0,15]],[[24647,32123],[12,18]],[[24659,32141],[3,4]],[[24662,32145],[5,8]],[[24667,32153],[0,1]],[[24667,32154],[6,10]],[[24673,32164],[7,16]],[[24680,32180],[9,29]],[[24689,32209],[4,9]],[[24693,32218],[9,9]],[[24702,32227],[3,9]],[[24705,32236],[1,12]],[[24706,32248],[-2,23]],[[24704,32271],[-5,18]],[[24699,32289],[-8,6]],[[24691,32295],[-10,1]],[[24681,32296],[-15,-9]],[[24666,32287],[-8,0]],[[24658,32287],[-11,10]],[[24647,32297],[0,22]],[[24647,32319],[9,27]],[[24656,32346],[1,12]],[[24657,32358],[1,11]],[[24658,32369],[8,14]],[[24666,32383],[15,14]],[[24681,32397],[10,14]],[[24691,32411],[13,37]],[[24712,32477],[12,18]],[[24733,32501],[45,26]],[[24778,32527],[23,19]],[[24801,32546],[3,6]],[[24804,32552],[-2,10]],[[24802,32562],[-7,7]],[[24795,32569],[-9,4]],[[24786,32573],[-3,2]],[[24783,32575],[-11,4]],[[24772,32579],[-12,0]],[[24760,32579],[-4,0]],[[24756,32579],[-13,2]],[[24743,32581],[-11,7]],[[24732,32588],[-9,20]],[[24721,32622],[1,15]],[[24722,32637],[19,41]],[[24741,32678],[9,15]],[[24750,32693],[22,24]],[[24772,32717],[11,6]],[[24783,32723],[17,5]],[[24800,32728],[10,0]],[[24810,32728],[10,-4]],[[24820,32724],[19,-15]],[[24839,32709],[4,-2]],[[24843,32707],[15,3]],[[24858,32710],[9,4]],[[24867,32714],[20,15]],[[24887,32729],[9,6]],[[24896,32735],[22,2]],[[24918,32737],[16,1]],[[24934,32738],[9,7]],[[24943,32745],[4,10]],[[24947,32755],[1,29]],[[24948,32784],[5,25]],[[24953,32809],[3,32]],[[24960,32858],[9,30]],[[24969,32888],[5,12]],[[24974,32900],[9,15]],[[24983,32915],[1,2]],[[24984,32917],[17,21]],[[25001,32938],[10,10]],[[25011,32948],[5,5]],[[25016,32953],[8,10]],[[25024,32963],[13,30]],[[25037,32993],[-4,14]],[[25033,33007],[-4,14]],[[25029,33021],[3,16]],[[25032,33037],[7,19]],[[25039,33056],[-1,22]],[[25038,33078],[-3,9]],[[25035,33087],[0,3]],[[25035,33090],[0,3]],[[25035,33093],[-1,5]],[[25034,33098],[0,2]],[[25034,33100],[0,2]],[[25034,33102],[-3,8]],[[25031,33110],[-1,1]],[[25020,33117],[-6,-2]],[[25014,33115],[6,15]],[[25020,33130],[22,9]],[[25042,33139],[2,10]],[[25044,33149],[3,9]],[[25047,33158],[4,17]],[[25051,33175],[6,12]],[[25057,33187],[5,2]],[[25062,33189],[11,-3]],[[25073,33186],[10,3]],[[25083,33189],[1,10]],[[25084,33199],[-2,6]],[[25082,33205],[-3,6]],[[25079,33211],[3,8]],[[25082,33219],[6,2]],[[25088,33221],[5,8]],[[25093,33229],[3,14]],[[25096,33243],[-2,8]],[[25094,33251],[7,14]],[[25101,33265],[17,3]],[[25118,33268],[11,1]],[[25129,33269],[5,4]],[[25134,33273],[9,6]],[[25143,33279],[11,2]],[[25154,33281],[9,1]],[[25163,33282],[15,0]],[[25178,33282],[26,-10]],[[25204,33272],[7,-2]],[[25211,33270],[9,3]],[[25220,33273],[4,12]],[[25224,33285],[13,-2]],[[25237,33283],[8,0]],[[25245,33283],[7,0]],[[25252,33283],[4,-3]],[[25256,33280],[6,-5]],[[25262,33275],[7,1]],[[25269,33276],[5,12]],[[25274,33288],[5,10]],[[25279,33298],[6,5]],[[25285,33303],[17,16]],[[25302,33319],[3,7]],[[25305,33326],[5,11]],[[25310,33337],[6,5]],[[25316,33342],[19,9]],[[25335,33351],[7,6]],[[25342,33357],[5,7]],[[25347,33364],[11,17]],[[25358,33381],[13,4]],[[25371,33385],[5,2]],[[25376,33387],[4,8]],[[25380,33395],[9,6]],[[25389,33401],[12,-2]],[[25401,33399],[16,-11]],[[25417,33388],[7,4]],[[25424,33392],[8,3]],[[25432,33395],[6,8]],[[25438,33403],[2,2]],[[25440,33405],[0,13]],[[25440,33418],[7,7]],[[25447,33425],[5,5]],[[25452,33430],[4,10]],[[25456,33440],[1,1]],[[25457,33441],[2,4]],[[25459,33445],[12,7]],[[25471,33452],[3,2]],[[25474,33454],[5,3]],[[25479,33457],[-2,12]],[[25477,33469],[2,2]],[[25479,33471],[7,9]],[[25486,33480],[3,3]],[[25489,33483],[0,5]],[[25489,33488],[0,7]],[[25489,33495],[4,2]],[[25493,33497],[2,1]],[[25495,33498],[1,5]],[[25496,33503],[1,10]],[[25497,33513],[11,10]],[[25508,33523],[1,11]],[[25509,33534],[0,2]],[[25509,33536],[6,-1]],[[25515,33535],[9,0]],[[25524,33535],[4,3]],[[25528,33538],[5,4]],[[25533,33542],[4,4]],[[25537,33546],[7,9]],[[25544,33555],[6,2]],[[25550,33557],[11,4]],[[25561,33561],[4,2]],[[25565,33563],[5,1]],[[25570,33564],[2,1]],[[25572,33565],[1,-1]],[[25573,33564],[2,-2]],[[25575,33562],[5,7]],[[25580,33569],[6,1]],[[25586,33570],[3,1]],[[25589,33571],[15,11]],[[25604,33582],[29,12]],[[25633,33594],[5,10]],[[25638,33604],[-1,14]],[[25637,33618],[6,7]],[[25643,33625],[1,2]],[[25644,33627],[1,15]],[[25645,33642],[0,2]],[[25645,33644],[0,2]],[[25645,33646],[3,7]],[[25648,33653],[4,11]],[[25652,33664],[-3,10]],[[25649,33674],[-1,1]],[[25648,33675],[1,2]],[[25649,33677],[0,4]],[[25649,33681],[1,2]],[[25650,33683],[1,9]],[[25651,33692],[-2,2]],[[25649,33694],[-2,3]],[[25647,33697],[-4,7]],[[25643,33704],[0,21]],[[25643,33725],[0,4]],[[25637,33730],[-4,0]],[[25633,33730],[-7,1]],[[25626,33731],[-15,0]],[[25611,33731],[-1,0]],[[25610,33731],[-4,0]],[[25606,33731],[-8,1]],[[25598,33732],[-4,-1]],[[25594,33731],[-128,-2]],[[25466,33729],[-2,418]],[[25464,34147],[0,17]],[[25464,34164],[0,1]],[[25464,34165],[0,3]],[[25464,34168],[-1,103]],[[25463,34271],[-1,180]],[[25462,34451],[1,7]],[[25463,34458],[0,17]],[[25463,34475],[-1,57]],[[25462,34532],[-1,6]],[[25462,34542],[0,24]],[[25462,34566],[0,4]],[[25462,34570],[0,10]],[[25462,34580],[0,1]],[[25462,34581],[0,21]],[[25462,34602],[-1,4]],[[25461,34606],[0,8]],[[25461,34614],[0,67]],[[25461,34681],[0,40]],[[25461,34721],[0,6]],[[25461,34727],[1,9]],[[25462,34736],[2,33]],[[25464,34769],[-3,43]],[[25461,34812],[1,157]],[[25462,34969],[0,103]],[[25462,35072],[0,1]],[[25462,35073],[0,5]],[[25462,35078],[1,134]],[[25463,35212],[1,3]],[[25464,35215],[0,2]],[[25464,35217],[0,18]],[[25464,35235],[-1,51]],[[25463,35286],[-1,21]],[[25462,35307],[0,121]],[[25462,35428],[0,53]],[[25462,35481],[0,29]],[[25462,35510],[0,41]],[[25462,35551],[0,17]],[[25462,35568],[-1,10]],[[25461,35578],[0,1]],[[25461,35579],[1,158]],[[25462,35737],[0,5]],[[25462,35742],[0,3]],[[25462,35745],[0,28]],[[25462,35773],[0,9]],[[25462,35782],[0,11]],[[25462,35793],[0,10]],[[25462,35803],[0,46]],[[25462,35849],[1,48]],[[25463,35897],[7,-4]],[[25470,35893],[6,-3]],[[25476,35890],[-6,-13]],[[25470,35877],[-2,-3]],[[25468,35874],[4,-24]],[[25472,35850],[-1,-7]],[[25471,35843],[-1,-4]],[[25470,35839],[6,-7]],[[25476,35832],[12,7]],[[25488,35839],[2,1]],[[25490,35840],[0,1]],[[25490,35841],[8,-9]],[[25498,35832],[-1,-6]],[[25497,35826],[-2,-9]],[[25495,35817],[21,4]],[[25516,35821],[25,1]],[[25541,35822],[1,0]],[[25542,35822],[7,-8]],[[25549,35814],[2,-2]],[[25551,35812],[11,5]],[[25562,35817],[5,3]],[[25567,35820],[15,7]],[[25582,35827],[1,1]],[[25583,35828],[1,0]],[[25584,35828],[25,17]],[[25609,35845],[5,9]],[[25614,35854],[11,5]],[[25625,35859],[17,-9]],[[25642,35850],[4,-12]],[[25646,35838],[-3,-4]],[[25643,35834],[-3,-3]],[[25640,35831],[-2,-2]],[[25638,35829],[3,-11]],[[25641,35818],[1,0]],[[25642,35818],[18,-14]],[[25660,35804],[14,-10]],[[25674,35794],[3,-2]],[[25677,35792],[4,-3]],[[25681,35789],[8,0]],[[25689,35789],[8,1]],[[25697,35790],[4,-3]],[[25701,35787],[2,-4]],[[25703,35783],[8,-5]],[[25711,35778],[3,-2]],[[25721,35776],[5,3]],[[25726,35779],[1,9]],[[25727,35788],[7,3]],[[25734,35791],[6,3]],[[25740,35794],[8,4]],[[25751,35802],[3,11]],[[25754,35813],[3,11]],[[25757,35824],[1,2]],[[25758,35826],[1,3]],[[25759,35829],[0,1]],[[25759,35830],[0,1]],[[25759,35831],[2,3]],[[25761,35834],[5,7]],[[25766,35841],[2,2]],[[25768,35843],[9,6]],[[25777,35849],[12,6]],[[25789,35855],[11,4]],[[25800,35859],[2,2]],[[25802,35861],[16,9]],[[25818,35870],[9,5]],[[25827,35875],[4,2]],[[25831,35877],[4,0]],[[25835,35877],[5,-2]],[[25840,35875],[1,-12]],[[25841,35863],[-11,-12]],[[25830,35851],[-1,-7]],[[25829,35844],[3,-4]],[[25832,35840],[14,-20]],[[25846,35820],[1,-1]],[[25847,35819],[1,-1]],[[25848,35818],[7,-6]],[[25855,35812],[6,-6]],[[25861,35806],[5,-5]],[[25866,35801],[1,-1]],[[25867,35800],[7,0]],[[25874,35800],[7,5]],[[25881,35805],[8,18]],[[25889,35823],[2,4]],[[25891,35827],[11,12]],[[25902,35839],[4,5]],[[25906,35844],[3,1]],[[25909,35845],[8,6]],[[25917,35851],[5,3]],[[25922,35854],[5,4]],[[25927,35858],[17,12]],[[25944,35870],[12,5]],[[25956,35875],[18,0]],[[25974,35875],[7,-3]],[[25981,35872],[6,-3]],[[25987,35869],[7,-3]],[[25994,35866],[11,4]],[[26005,35870],[7,3]],[[26012,35873],[1,0]],[[26013,35873],[3,6]],[[26016,35879],[2,6]],[[26018,35885],[2,2]],[[26020,35887],[6,4]],[[26026,35891],[11,7]],[[26037,35898],[7,5]],[[26044,35903],[5,13]],[[26049,35916],[2,5]],[[26051,35921],[7,12]],[[26058,35933],[-2,10]],[[26056,35943],[-7,8]],[[26049,35951],[-4,6]],[[26045,35957],[-1,2]],[[26044,35959],[-1,5]],[[26043,35964],[-1,3]],[[26042,35967],[-1,3]],[[26041,35970],[-7,16]],[[26034,35986],[-5,12]],[[26029,35998],[5,6]],[[26034,36004],[5,-1]],[[26039,36003],[7,0]],[[26046,36003],[4,4]],[[26050,36007],[1,4]],[[26051,36011],[3,12]],[[26054,36023],[5,8]],[[26059,36031],[27,21]],[[26086,36052],[1,0]],[[26087,36052],[0,5]],[[26087,36057],[1,4]],[[26088,36061],[7,7]],[[26095,36068],[11,5]],[[26106,36073],[11,1]],[[26117,36074],[2,1]],[[26119,36075],[16,5]],[[26135,36080],[5,2]],[[26140,36082],[8,9]],[[26148,36091],[5,5]],[[26153,36096],[6,7]],[[26159,36103],[-3,5]],[[26156,36108],[-12,23]],[[26144,36131],[-3,16]],[[26141,36147],[1,11]],[[26142,36158],[5,6]],[[26147,36164],[2,1]],[[26149,36165],[8,3]],[[26157,36168],[14,6]],[[26171,36174],[8,17]],[[26179,36191],[1,8]],[[26180,36199],[0,1]],[[26180,36200],[0,4]],[[26180,36204],[-2,18]],[[26178,36222],[2,6]],[[26180,36228],[2,6]],[[26182,36234],[13,-2]],[[26195,36232],[9,-1]],[[26204,36231],[20,5]],[[26224,36236],[15,20]],[[26239,36256],[0,3]],[[26239,36259],[1,6]],[[26240,36265],[1,5]],[[26241,36270],[-2,14]],[[26239,36284],[0,7]],[[26239,36291],[4,24]],[[26243,36315],[4,11]],[[26247,36326],[-1,10]],[[26246,36336],[-7,1]],[[26239,36337],[-8,2]],[[26231,36339],[-8,10]],[[26223,36349],[0,4]],[[26223,36353],[-1,6]],[[26222,36359],[-2,8]],[[26220,36367],[-4,13]],[[26216,36380],[0,1]],[[26216,36381],[-1,2]],[[26215,36383],[11,9]],[[26226,36392],[1,1]],[[26227,36393],[-1,10]],[[26226,36403],[-17,14]],[[26209,36417],[-6,5]],[[26203,36422],[2,8]],[[26205,36430],[2,11]],[[26207,36441],[-4,5]],[[26203,36446],[-3,3]],[[26200,36449],[10,11]],[[26210,36460],[-1,8]],[[26209,36468],[-8,9]],[[26201,36477],[-8,6]],[[26193,36483],[-3,2]],[[26190,36485],[4,8]],[[26194,36493],[1,2]],[[26195,36495],[-1,7]],[[26194,36502],[-4,5]],[[26190,36507],[-9,12]],[[26181,36519],[-3,11]],[[26178,36530],[-3,8]],[[26175,36538],[-4,2]],[[26171,36540],[-3,-8]],[[26168,36532],[-3,-5]],[[26165,36527],[-6,1]],[[26159,36528],[-2,2]],[[26157,36530],[-19,20]],[[26138,36550],[-21,10]],[[26117,36560],[-6,7]],[[26111,36567],[-6,14]],[[26105,36581],[-2,5]],[[26103,36586],[7,4]],[[26110,36590],[7,-3]],[[26117,36587],[1,-7]],[[26118,36580],[1,-3]],[[26119,36577],[10,1]],[[26129,36578],[-1,11]],[[26128,36589],[0,2]],[[26128,36591],[10,12]],[[26138,36603],[7,-6]],[[26145,36597],[2,-2]],[[26147,36595],[7,-6]],[[26154,36589],[1,-1]],[[26155,36588],[5,5]],[[26160,36593],[-7,15]],[[26153,36608],[-9,8]],[[26144,36616],[-19,1]],[[26125,36617],[-9,-3]],[[26116,36614],[-9,7]],[[26107,36621],[0,1]],[[26107,36622],[-4,8]],[[26103,36630],[-2,2]],[[26101,36632],[-8,6]],[[26093,36638],[-8,6]],[[26085,36644],[-4,3]],[[26081,36647],[-1,0]],[[26080,36647],[-13,14]],[[26067,36661],[-4,5]],[[26063,36666],[-1,4]],[[26062,36670],[-1,9]],[[26061,36679],[-1,4]],[[26060,36683],[8,2]],[[26068,36685],[10,3]],[[26078,36688],[3,-1]],[[26081,36687],[6,-1]],[[26087,36686],[1,9]],[[26088,36695],[-3,4]],[[26085,36699],[-6,5]],[[26079,36704],[4,17]],[[26083,36721],[-3,10]],[[26080,36731],[-4,1]],[[26076,36732],[-2,0]],[[26074,36732],[-19,-7]],[[26055,36725],[-3,1]],[[26052,36726],[-17,5]],[[26035,36731],[-14,0]],[[26021,36731],[-12,4]],[[26009,36735],[-17,5]],[[25992,36740],[-6,1]],[[25986,36741],[-21,11]],[[25965,36752],[-14,14]],[[25951,36766],[0,5]],[[25951,36771],[10,3]],[[25961,36774],[1,6]],[[25962,36780],[0,1]],[[25962,36781],[-10,9]],[[25952,36790],[-4,11]],[[25948,36801],[6,3]],[[25954,36804],[11,-1]],[[25965,36803],[13,6]],[[25978,36809],[0,12]],[[25978,36821],[0,3]],[[25978,36824],[0,15]],[[25978,36839],[-7,5]],[[25971,36844],[-10,-1]],[[25961,36843],[-5,0]],[[25956,36843],[-12,8]],[[25944,36851],[-6,4]],[[25938,36855],[-1,0]],[[25937,36855],[-9,2]],[[25928,36857],[3,8]],[[25931,36865],[2,9]],[[25933,36874],[-6,4]],[[25927,36878],[-4,2]],[[25923,36880],[-7,10]],[[25916,36890],[5,18]],[[25921,36908],[6,7]],[[25927,36915],[3,4]],[[25930,36919],[-1,11]],[[25929,36930],[-5,7]],[[25924,36937],[-3,5]],[[25921,36942],[-15,3]],[[25906,36945],[-25,-7]],[[25881,36938],[-7,12]],[[25874,36950],[-1,20]],[[25873,36970],[2,11]],[[25875,36981],[0,2]],[[25875,36983],[-1,1]],[[25874,36984],[-10,29]],[[25864,37013],[1,10]],[[25865,37023],[1,4]],[[25866,37027],[-2,7]],[[25864,37034],[-10,2]],[[25854,37036],[-8,-18]],[[25846,37018],[-1,-3]],[[25845,37015],[-6,-4]],[[25839,37011],[-6,4]],[[25833,37015],[-3,9]],[[25830,37024],[-4,14]],[[25826,37038],[-16,25]],[[25810,37063],[3,8]],[[25813,37071],[3,7]],[[25816,37078],[-1,15]],[[25815,37093],[12,4]],[[25827,37097],[1,-1]],[[25828,37096],[24,-6]],[[25852,37090],[17,3]],[[25869,37093],[15,8]],[[25884,37101],[-2,11]],[[25882,37112],[-4,20]],[[25878,37132],[-8,19]],[[25870,37151],[2,5]],[[25872,37156],[1,3]],[[25873,37159],[-12,2]],[[25861,37161],[-2,0]],[[25859,37161],[0,7]],[[25859,37168],[-1,5]],[[25858,37173],[-10,8]],[[25848,37181],[-1,9]],[[25847,37190],[0,5]],[[25847,37195],[-5,5]],[[25842,37200],[0,1]],[[25842,37201],[-2,11]],[[25840,37212],[0,3]],[[25840,37215],[6,5]],[[25846,37220],[6,4]],[[25852,37224],[0,2]],[[25852,37226],[-1,10]],[[25851,37236],[-4,4]],[[25847,37240],[-14,-2]],[[25833,37238],[0,1]],[[25833,37239],[-1,10]],[[25832,37249],[-10,5]],[[25822,37254],[-3,10]],[[25819,37264],[1,8]],[[25820,37272],[6,0]],[[25826,37272],[5,-1]],[[25831,37271],[9,9]],[[25840,37280],[0,9]],[[25840,37289],[-5,4]],[[25835,37293],[-4,3]],[[25831,37296],[3,9]],[[25834,37305],[5,-5]],[[25839,37300],[2,-3]],[[25841,37297],[19,-4]],[[25860,37293],[9,7]],[[25869,37300],[2,1]],[[25871,37301],[0,1]],[[25871,37302],[8,10]],[[25879,37312],[3,10]],[[25882,37322],[-7,4]],[[25875,37326],[0,-2]],[[25875,37324],[-4,-7]],[[25871,37317],[-7,5]],[[25864,37322],[7,12]],[[25871,37334],[18,7]],[[25889,37341],[19,12]],[[25908,37353],[13,8]],[[25921,37361],[1,0]],[[25922,37361],[1,1]],[[25923,37362],[1,1]],[[25924,37363],[1,0]],[[25925,37363],[10,15]],[[25935,37378],[3,19]],[[25938,37397],[4,7]],[[25942,37404],[-4,12]],[[25938,37416],[-6,3]],[[25932,37419],[-6,2]],[[25926,37421],[-1,4]],[[25925,37425],[9,6]],[[25934,37431],[3,2]],[[25937,37433],[2,1]],[[25939,37434],[1,1]],[[25940,37435],[8,12]],[[25948,37447],[7,9]],[[25955,37456],[4,0]],[[25959,37456],[5,0]],[[25964,37456],[3,4]],[[25967,37460],[5,7]],[[25972,37467],[8,3]],[[25980,37470],[1,9]],[[25981,37479],[-7,9]],[[25974,37488],[3,5]],[[25977,37493],[2,5]],[[25979,37498],[5,-6]],[[25984,37492],[20,-3]],[[26004,37489],[2,3]],[[26006,37492],[4,7]],[[26010,37499],[5,9]],[[26018,37508],[98,-7]],[[26539,37473],[194,-13]],[[26733,37460],[20,-2]],[[26784,37456],[49,-4]],[[26833,37452],[7,0]],[[26844,37452],[8,-1]],[[26870,37450],[4,0]],[[26881,37449],[35,-2]],[[26917,37447],[54,-4]],[[27102,37433],[23,-1]],[[27181,37428],[63,-5]],[[27344,37416],[31,-2]],[[27485,37406],[39,-3]],[[27623,37396],[48,-4]],[[27800,37383],[64,-5]],[[27982,37369],[36,-3]],[[28020,37366],[13,-1]],[[28055,37364],[112,-9]],[[28173,37355],[112,-9]],[[28285,37346],[1,0]],[[28366,37339],[36,-3]],[[28483,37330],[30,-2]],[[28513,37324],[2,-6]],[[28512,37316],[-4,-3]],[[28497,37307],[-26,2]],[[28471,37309],[-29,-18]],[[28441,37290],[0,-1]],[[28437,37285],[-7,-10]],[[28419,37262],[-9,-8]],[[28401,37199],[-15,-14]],[[28386,37183],[-3,-14]],[[28381,37154],[-2,-10]],[[28379,37141],[-1,-4]],[[28378,37137],[22,-39]],[[28401,37097],[28,-28],[2,-10]],[[28433,37049],[1,-8]],[[28435,37037],[1,-4]],[[28432,37017],[-1,-5]],[[28439,36990],[3,-6]],[[28448,36970],[2,-3]],[[28458,36954],[4,-3]],[[28464,36949],[5,-3]],[[28475,36942],[18,-12]],[[28530,36888],[2,-2]],[[28533,36884],[1,-2]],[[28539,36876],[4,-5]],[[28557,36854],[4,-7]],[[28575,36826],[3,-6]],[[28583,36811],[2,-56]],[[28586,36750],[-19,-36]],[[28566,36711],[-8,-25]],[[28556,36632],[2,-2]],[[28566,36603],[3,-37]],[[28570,36562],[-3,-9]],[[28566,36549],[-1,-6]],[[28565,36543],[-8,-26]],[[28547,36501],[-3,-5]],[[28541,36492],[-2,-2]],[[28537,36448],[0,-8]],[[28537,36435],[1,-2]],[[28550,36379],[3,-15]],[[28560,36334],[2,-9]],[[28566,36305],[1,-5]],[[28568,36297],[1,-2]],[[28575,36284],[5,-10]],[[28581,36273],[18,-34]],[[28601,36236],[11,-20]],[[28631,36188],[-2,-18]],[[28633,36152],[14,-9]],[[28692,36097],[4,-5]],[[28738,36041],[2,-3]],[[28746,36034],[3,-2]],[[28779,36027],[1,-1]],[[28786,36026],[6,0]],[[28796,36028],[15,11]],[[28816,36040],[19,5]],[[28842,36047],[9,2]],[[28854,36050],[31,9]],[[28889,36060],[1,0]],[[28922,36066],[51,8]],[[28991,36078],[6,1]],[[29001,36079],[29,5]],[[29048,36086],[38,4]],[[29091,36090],[29,-28]],[[29125,36058],[3,-2]],[[29136,36050],[10,-6]],[[29213,36032],[5,0]],[[29281,36034],[32,5]],[[29323,36040],[1,1]],[[29327,36041],[33,8]],[[29380,36054],[-1,-6]],[[29379,36048],[2,-427]],[[29381,35621],[1,-24]],[[29382,35597],[0,-11]],[[29382,35586],[0,-33]],[[29382,35553],[2,-49]],[[29384,35504],[-1,0]],[[29383,35504],[0,-503]],[[29383,35001],[0,-31]],[[29383,34970],[43,0]],[[29426,34970],[109,0]],[[29536,34970],[9,-2]],[[29545,34968],[13,0]],[[29558,34968],[10,0]],[[29568,34968],[95,0]],[[29663,34968],[214,-2]],[[29877,34966],[39,1]],[[29916,34967],[145,3]],[[30061,34970],[18,0]],[[30079,34970],[33,1]],[[30112,34971],[106,2]],[[30218,34973],[119,3]],[[30337,34976],[42,2]],[[30379,34978],[4,0]],[[30383,34978],[26,0]],[[30409,34978],[44,2]],[[30453,34980],[44,0]],[[30497,34980],[14,0]],[[30511,34980],[11,0]],[[30522,34980],[16,1]],[[30538,34981],[3,0]],[[30541,34981],[14,0]],[[30559,34981],[10,0]],[[30569,34981],[24,1]],[[30593,34982],[56,1]],[[30649,34983],[8,0]],[[30657,34983],[24,0]],[[30681,34983],[23,-1]],[[30704,34982],[30,1]],[[30734,34983],[83,1]],[[30817,34984],[58,0]],[[30875,34984],[8,1]],[[30994,34985],[19,-1]],[[31013,34984],[3,0]],[[31016,34984],[24,22]],[[31040,35006],[5,4]],[[31045,35010],[43,-15]],[[31088,34995],[40,0]],[[31128,34995],[33,1]],[[31161,34996],[14,0]],[[31175,34996],[6,-3]],[[31181,34993],[5,-5]],[[31186,34988],[1,-2]],[[31187,34986],[15,-3]],[[31202,34983],[1,0]],[[31204,34983],[3,15]],[[31207,34998],[7,0]],[[31214,34998],[13,0]],[[31227,34998],[24,-2]],[[31251,34996],[13,0]],[[31264,34996],[3,0]],[[31267,34996],[31,-2]],[[31298,34994],[16,-1]],[[31314,34993],[14,-1]],[[31328,34992],[-9,-45]],[[31319,34947],[-2,-11]],[[31308,34924],[-12,-15]],[[31296,34909],[-9,-11]],[[31287,34898],[-7,-9]],[[31271,34877],[0,-18]],[[31271,34859],[1,-47]],[[31272,34812],[-10,-103]],[[31264,34694],[61,-130]],[[24712,31289],[-10,12]],[[24702,31301],[-14,0]],[[24688,31301],[-11,-6]],[[24677,31295],[-12,-16]],[[24665,31279],[-8,-18]],[[24657,31261],[-6,-8]],[[24651,31253],[-5,-3]],[[24646,31250],[-4,-2]],[[24642,31248],[-8,-1]],[[24634,31247],[-15,7]],[[24619,31254],[-15,20]],[[24604,31274],[-3,7]],[[24601,31281],[-3,5]],[[24598,31286],[-7,17]],[[24591,31303],[-9,47]],[[24582,31350],[-9,14]],[[24573,31364],[-44,34]],[[24529,31398],[-1,13]],[[24528,31411],[4,9]],[[24532,31420],[15,15]],[[24547,31435],[5,10]],[[24552,31445],[-3,8]],[[24549,31453],[-17,16]],[[24532,31469],[-5,7]],[[24527,31476],[-3,17]],[[31927,13854],[386,-4]],[[32313,13850],[122,0]],[[32435,13850],[4,0]],[[32439,13850],[17,0]],[[32456,13850],[30,0]],[[32486,13850],[0,15]],[[32486,13865],[1,75]],[[32487,13940],[78,0]],[[32565,13940],[18,0]],[[32583,13940],[1,0]],[[32584,13940],[20,0]],[[32604,13940],[4,0]],[[32608,13940],[7,0]],[[32615,13940],[0,-83]],[[32615,13857],[2,-8]],[[32617,13849],[1,0]],[[32618,13849],[44,0]],[[32662,13849],[6,0]],[[32668,13849],[124,-1]],[[32792,13848],[79,0]],[[32871,13848],[12,0]],[[32883,13848],[34,0]],[[32917,13848],[6,1]],[[32923,13849],[14,0]],[[32937,13849],[79,0]],[[33016,13849],[28,0]],[[33044,13849],[2,0]],[[33046,13849],[215,-1]],[[33261,13848],[3,0]],[[33264,13848],[210,0]],[[33474,13848],[128,0]],[[33602,13848],[325,-1]],[[33927,13847],[63,-1]],[[33990,13846],[3,-1]],[[33993,13845],[464,1]],[[34457,13846],[9,0]],[[34466,13846],[554,3]],[[35020,13849],[55,1]],[[35075,13850],[42,0]],[[35117,13850],[11,0]],[[35128,13850],[63,1]],[[35191,13851],[53,196]],[[35244,14047],[198,734]],[[35505,15024],[-1,-824]],[[35504,14200],[0,-348]],[[35504,13852],[0,-17]],[[35504,13835],[0,-30]],[[35504,13805],[-1,-95]],[[35503,13704],[0,-41]],[[35503,13663],[1,-263]],[[35504,13400],[-1,-240]],[[35503,13160],[0,-27]],[[35503,13133],[0,-1]],[[35503,13132],[1,-269]],[[35504,12863],[0,-3]],[[35504,12860],[12,-734]],[[35516,12126],[3,-154]],[[35518,11955],[17,-718]],[[35535,11237],[-9,1]],[[35526,11238],[-1,0]],[[35525,11238],[0,-4]],[[35525,11234],[0,-73]],[[35525,11161],[3,0]],[[35528,11161],[0,-27]],[[35528,11134],[8,-431]],[[35536,10703],[0,-2]],[[35536,10701],[3,-534],[25,-774]],[[35564,9393],[10,-303],[-2,-35]],[[35572,9055],[0,-70]],[[35572,8985],[0,-13]],[[35572,8972],[-1,-1007]],[[35571,7965],[0,-20]],[[35571,7945],[-1,-44]],[[35570,7901],[1,-5]],[[35571,7896],[-1976,-7]],[[33595,7889],[-59,-1]],[[33536,7888],[-219,0]],[[33317,7888],[-2,0]],[[33315,7888],[-20,-1]],[[33295,7887],[-82,-1]],[[33213,7886],[-18,-1]],[[33195,7885],[-672,1]],[[32523,7886],[-9,0]],[[32514,7886],[-6,0]],[[32508,7886],[-67,-1]],[[32441,7885],[-4,0]],[[32437,7885],[-6,0]],[[29884,27389],[0,-5]],[[29884,27384],[0,-7]],[[29884,27322],[0,-87]],[[29884,27235],[0,-2]],[[29884,27233],[1,-36]],[[29885,27197],[0,-17]],[[29885,27180],[0,-3]],[[29885,27177],[0,-5]],[[29885,27172],[0,-28]],[[29885,27144],[0,-5]],[[29886,27117],[0,-7]],[[29886,27110],[0,-8]],[[29886,27102],[1,-18]],[[29887,27084],[0,-3]],[[29887,27081],[0,-9]],[[29887,27072],[0,-13]],[[29887,27059],[0,-6]],[[29887,27053],[0,-9]],[[29887,27044],[0,-6]],[[29887,27038],[0,-26]],[[29887,27012],[0,-22]],[[29887,26990],[0,-22]],[[29887,26968],[0,-5]],[[29887,26963],[0,-24]],[[29887,26939],[1,-1]],[[29888,26938],[0,-1]],[[29888,26937],[0,-9]],[[29888,26928],[0,-5]],[[29888,26923],[0,-16]],[[29888,26907],[0,-22]],[[29888,26885],[0,-81]],[[29888,26804],[0,-11]],[[29888,26793],[0,-1]],[[29888,26792],[0,-10]],[[29888,26782],[-1,-86]],[[29887,26691],[0,-16]],[[29887,26675],[0,-43]],[[29887,26632],[0,-7]],[[29887,26625],[0,-12]],[[29887,26613],[0,-21]],[[29887,26592],[0,-11]],[[29887,26581],[0,-3]],[[29887,26578],[0,-15]],[[29887,26563],[0,-14]],[[29887,26549],[0,-3]],[[29887,26546],[0,-17]],[[29887,26529],[0,-1]],[[29887,26528],[0,-1]],[[29887,26527],[0,-43]],[[29887,26484],[-1,-20]],[[29886,26464],[1,-44]],[[29887,26420],[0,-23]],[[29887,26397],[0,-51]],[[29887,26346],[0,-29]],[[29887,26317],[0,-9]],[[29887,26308],[-1,-96]],[[29886,26212],[0,-62]],[[29886,26150],[1,-25]],[[29887,26125],[0,-1]],[[29887,26124],[-1,-14]],[[29886,26110],[-1,-29]],[[29885,26081],[0,-1]],[[29885,26080],[0,-1]],[[29885,26079],[0,-3]],[[29885,26076],[0,-98]],[[29885,25978],[0,-1]],[[29885,25977],[-1,-16]],[[29884,25961],[1,-3]],[[29885,25958],[0,-4]],[[29885,25954],[-2,-168]],[[29883,25786],[0,-72]],[[29883,25714],[0,-4]],[[29883,25710],[0,-3]],[[29883,25707],[0,-33]],[[29883,25674],[0,-14]],[[29883,25660],[0,-19]],[[29883,25641],[0,-51]],[[29883,25590],[0,-2]],[[29883,25588],[0,-6]],[[29883,25582],[-1,-74]],[[29882,25508],[-2,-81]],[[29880,25427],[0,-1]],[[29880,25426],[3,-286]],[[29883,25140],[1,-44]],[[29884,25096],[0,-51]],[[29884,25045],[0,-36]],[[29884,25009],[-1,-42]],[[29883,24967],[-3,-273]],[[29880,24694],[-6,-633]],[[29874,24061],[-1,-29]],[[29873,24032],[0,-5]],[[29873,24027],[1,-11]],[[29874,24016],[-1,-4]],[[29873,24012],[-7,-422]],[[29349,23389],[3,458]],[[29352,23847],[1,201]],[[29353,24048],[1,112]],[[29354,24160],[0,140]],[[29354,24300],[1,113]],[[29355,24413],[-446,0]],[[28909,24413],[-70,0]],[[28839,24413],[-6,0]],[[28833,24413],[-4,0]],[[28829,24413],[-2,0]],[[28827,24413],[-96,0]],[[28731,24413],[-26,0]],[[28705,24413],[-93,0]],[[28612,24413],[-5,0]],[[28607,24413],[-8,0]],[[28599,24413],[-4,1]],[[28595,24414],[-1,0]],[[28594,24414],[-25,1]],[[28569,24415],[-13,-1]],[[28556,24414],[-76,0]],[[28480,24414],[-20,0]],[[28460,24414],[-104,1]],[[28356,24415],[-38,0]],[[28318,24415],[-8,-2]],[[28310,24413],[0,-122]],[[28310,24291],[0,-10]],[[28310,24281],[0,-2]],[[28310,24279],[0,-98]],[[28310,24181],[0,-38]],[[28310,24143],[-136,0]],[[28174,24143],[-11,0]],[[28163,24143],[-113,1]],[[28050,24144],[-10,0]],[[28040,24144],[-77,0]],[[27963,24144],[-5,0]],[[27958,24144],[-137,-3]],[[27821,24141],[-6,0]],[[27815,24141],[-123,-2]],[[27692,24139],[-31,0]],[[27661,24139],[-260,-2]],[[27401,24137],[-141,0]],[[27260,24137],[-33,-1]],[[27213,24137],[-9,0]],[[27204,24137],[-30,0]],[[27174,24137],[-82,0]],[[27092,24137],[0,-42],[-7,-25],[-9,-11],[-171,-126],[-69,-71]],[[26836,23862],[-10,-11]],[[26826,23851],[-22,-36],[-26,-87],[-1,-97],[-6,-20],[-19,-38],[-8,-26],[-6,-47]],[[39041,9298],[-7,88],[-4,118]],[[39030,9504],[1,0]],[[39031,9504],[-4,118],[-3,39]],[[39024,9661],[-1,5]],[[39023,9666],[-2,35]],[[39021,9701],[14,54]],[[39035,9755],[8,0]],[[39043,9755],[22,0]],[[39071,9755],[25,1]],[[39096,9756],[4,0]],[[39100,9756],[4,-11]],[[39108,9745],[39,1]],[[39150,9746],[12,0]],[[39162,9746],[24,6]],[[39186,9752],[43,4]],[[39229,9756],[6,1]],[[39235,9757],[61,3]],[[39296,9760],[7,1]],[[39307,9761],[8,0]],[[39328,9761],[4,0]],[[39332,9761],[26,1]],[[39358,9762],[46,1]],[[39404,9763],[7,0]],[[39411,9763],[1,0]],[[39412,9763],[31,1],[-1,64]],[[39442,9828],[-3,106],[-4,11]],[[39435,9945],[36,46],[5,18],[-1,34]],[[39475,10043],[-6,6],[-23,-15],[-54,-1],[-43,33],[-29,48]],[[39320,10114],[15,12],[101,3],[2,-16],[67,-2],[18,5]],[[39523,10116],[-1,16],[26,0]],[[39548,10132],[-11,20]],[[39537,10152],[-2,22]],[[39535,10174],[0,2]],[[39535,10176],[0,46]],[[39535,10222],[3,11]],[[39538,10233],[-18,-1]],[[39520,10232],[0,13]],[[39520,10245],[-1,11]],[[39519,10256],[-22,17],[-16,0],[-11,19],[-2,65]],[[39468,10357],[-12,15]],[[39456,10372],[-8,8]],[[39448,10380],[-8,9]],[[39440,10389],[-3,1]],[[39437,10390],[7,15]],[[39444,10405],[4,28]],[[39448,10433],[0,20]],[[39448,10453],[-1,76],[53,0]],[[39500,10529],[27,113]],[[39527,10642],[17,67]],[[39544,10709],[21,91]],[[39565,10800],[4,12]],[[39569,10812],[2,10]],[[39571,10822],[1,4]],[[39572,10826],[4,18]],[[39576,10844],[5,21]],[[39581,10865],[1,3]],[[39582,10868],[1,3]],[[39583,10871],[4,18]],[[39587,10889],[0,2]],[[39587,10891],[2,5]],[[39589,10896],[2,10]],[[39591,10906],[8,31]],[[39599,10937],[2,10]],[[39601,10947],[9,36]],[[39610,10983],[0,1]],[[39610,10984],[3,14]],[[39613,10998],[1,3]],[[39614,11001],[1,2]],[[39615,11003],[10,44]],[[39625,11047],[5,21]],[[39630,11068],[3,10]],[[39633,11078],[1,2]],[[39634,11080],[5,7]],[[39639,11087],[5,7]],[[39644,11094],[3,-2]],[[39647,11092],[10,-1]],[[39657,11091],[4,11]],[[39661,11102],[19,13]],[[39680,11115],[4,-3]],[[39684,11112],[1,-1]],[[39685,11111],[1,0]],[[39686,11110],[7,-3]],[[39693,11107],[3,-14]],[[39696,11093],[1,-4]],[[39697,11089],[1,-2]],[[39698,11087],[4,-6]],[[39702,11081],[18,0]],[[39720,11081],[20,0]],[[39740,11081],[6,0]],[[39746,11081],[14,1]],[[39760,11082],[6,0]],[[39766,11082],[1,0]],[[39767,11082],[3,1]],[[39527,8613],[-40,-2],[-6,11],[-3,43]],[[39478,8665],[-2,0]],[[39476,8665],[-47,-20],[-51,-3]],[[39378,8642],[-23,0]],[[39355,8642],[20,72]],[[39375,8714],[1,3]],[[39376,8717],[12,57]],[[39388,8774],[-52,-3],[-7,-4],[-52,-3],[-25,-6],[-16,4],[-22,-10],[-24,22]],[[39190,8774],[20,19]],[[39214,8798],[20,19]],[[39237,8819],[31,24]],[[39268,8843],[5,3]],[[39273,8846],[12,13]],[[39285,8859],[8,17]],[[39293,8876],[2,19]],[[39295,8895],[-3,42]],[[39292,8937],[-1,-1]],[[39291,8936],[-3,0]],[[39288,8936],[-39,0]],[[39249,8936],[-3,0]],[[39246,8936],[-30,-1]],[[39216,8935],[-4,0]],[[39212,8935],[-1,0]],[[39211,8935],[-8,0]],[[39203,8935],[-15,-1]],[[39188,8934],[-28,-1]],[[39160,8933],[-19,0]],[[39122,8932],[-43,-2]],[[39079,8930],[-33,-2]],[[39046,8928],[-9,0]],[[39009,8927],[-19,1]],[[38990,8928],[-34,-1]],[[38956,8927],[-1,0]],[[38955,8927],[0,1]],[[38955,8928],[-2,59],[10,47],[20,35],[22,1],[-1,24],[18,21],[16,30],[6,31],[-3,122]],[[6556,39958],[75,1]],[[6681,39959],[5,0]],[[6935,39957],[144,-2],[162,1]],[[7346,39959],[306,-3],[38,-1]],[[7704,39955],[33,0]],[[7743,39955],[58,-2]],[[7950,39950],[35,0],[307,1]],[[8608,39949],[13,1]],[[8739,39950],[174,2]],[[9160,39953],[103,1]],[[9917,39964],[302,3],[573,4],[448,4],[477,8],[498,9],[364,7]],[[12675,39999],[148,0]],[[13549,39997],[148,1]],[[13697,39998],[4,0]],[[13703,39998],[13,0]],[[13716,39998],[8,0]],[[13728,39998],[6,0]],[[13734,39998],[23,0]],[[13850,39998],[1,0]],[[13851,39998],[0,-4]],[[13851,39975],[-3,-51]],[[13848,39913],[-18,-44]],[[13830,39869],[0,-17]],[[13830,39852],[4,-15]],[[13834,39837],[6,-7]],[[13840,39830],[10,-7]],[[13861,39815],[0,1]],[[13873,39815],[30,-8]],[[13915,39803],[9,-2]],[[13964,39701],[-10,-36]],[[13954,39665],[-1,-11]],[[13951,39646],[0,-2]],[[13947,39604],[3,-13]],[[13950,39591],[13,-13]],[[13963,39578],[28,-12]],[[13991,39566],[5,-3]],[[14018,39529],[4,-17]],[[14022,39512],[14,-30]],[[14036,39482],[51,-54]],[[14092,39423],[20,-33]],[[14114,39384],[12,-25]],[[14163,39305],[17,-9]],[[14181,39220],[-1,-21]],[[14180,39199],[31,-33]],[[14203,39138],[-2,-2]],[[14201,39136],[-7,-14]],[[14194,39122],[18,-46]],[[14212,39076],[7,-5]],[[14234,38997],[-17,-4]],[[14217,38993],[-18,-25]],[[14199,38968],[-9,-81]],[[14190,38887],[3,-15]],[[14193,38872],[21,-33]],[[14237,38756],[-3,-15]],[[14234,38741],[4,-26]],[[14238,38715],[8,-18]],[[14273,38654],[12,-20]],[[14293,38620],[1,-19]],[[14289,38575],[-8,-27]],[[14281,38548],[27,-30]],[[14311,38484],[1,-13]],[[14312,38471],[4,-8]],[[14316,38463],[12,-7]],[[14336,38455],[18,-3]],[[14354,38452],[17,8]],[[14407,38452],[32,-38]],[[14463,38363],[2,-7]],[[14465,38356],[7,-15]],[[14476,38338],[40,-28]],[[14573,38211],[26,-60]],[[14601,38148],[5,-7]],[[14606,38141],[2,-11]],[[14608,38130],[-1,-4]],[[14607,38126],[-1,-7]],[[14606,38119],[-20,-32]],[[14586,38087],[-1,-3]],[[14585,38084],[-6,-9]],[[14579,38075],[-12,-14]],[[14567,38061],[-18,-25]],[[14549,38036],[-11,-35]],[[14533,37991],[-14,-24]],[[14519,37967],[-5,-4]],[[14514,37963],[-17,-12]],[[14497,37951],[-5,-3]],[[14492,37948],[-6,-4]],[[14486,37944],[-11,-8]],[[14475,37936],[-3,-2]],[[14472,37934],[-23,-22]],[[14449,37912],[-9,-19]],[[14440,37893],[-6,-29]],[[14434,37864],[-2,-14]],[[14432,37850],[-3,-21]],[[14429,37829],[-5,-19]],[[14424,37810],[-9,-13]],[[14415,37797],[-19,-14]],[[14396,37783],[-11,-8]],[[14385,37775],[-4,-3]],[[14381,37772],[-7,-7]],[[14374,37765],[-5,-5]],[[14369,37760],[-4,-14]],[[14365,37746],[0,-16]],[[14365,37730],[0,-36]],[[14365,37694],[0,-14]],[[14365,37680],[-8,-22]],[[14357,37658],[-8,-10]],[[14344,37642],[-20,-14]],[[14324,37628],[-21,-10]],[[14303,37618],[-20,-6]],[[14283,37612],[-22,-7]],[[14261,37605],[-19,-6]],[[14242,37599],[-12,-12]],[[14230,37587],[-8,-17]],[[14222,37570],[-3,-5]],[[14219,37565],[-3,-4]],[[14216,37561],[-9,-22]],[[14207,37539],[-8,-15]],[[14199,37524],[-12,-11]],[[14187,37513],[-19,-10]],[[14168,37503],[-17,-9]],[[14151,37494],[-5,-25]],[[14146,37469],[1,-12]],[[14147,37457],[7,-12]],[[14154,37445],[3,-14]],[[14157,37431],[1,-3]],[[14158,37428],[-4,-19]],[[14154,37409],[-13,-11]],[[14141,37398],[-11,-4]],[[14130,37394],[-13,-4]],[[14117,37390],[-24,5]],[[14093,37395],[-14,10]],[[14079,37405],[-19,9]],[[14060,37414],[-7,-2]],[[14053,37412],[-10,-12]],[[14041,37392],[0,-12]],[[14041,37380],[1,-15]],[[14042,37365],[1,-7]],[[14043,37358],[0,-2]],[[14043,37356],[0,-10]],[[14046,37339],[16,-24]],[[14062,37315],[1,-9]],[[14063,37306],[-3,-9]],[[14060,37297],[-6,-6]],[[14054,37291],[-20,-23]],[[14034,37268],[-16,-14]],[[14018,37254],[-19,-22]],[[13999,37232],[-6,-12]],[[13993,37220],[-4,-8]],[[13989,37212],[-38,-81]],[[13951,37131],[-9,-25]],[[13942,37106],[-8,-14]],[[13934,37092],[-10,-17]],[[13924,37075],[-11,-18]],[[13907,37042],[-5,-19]],[[13902,37023],[-4,-28]],[[13898,36995],[3,-27]],[[13901,36968],[3,-10]],[[13904,36958],[3,-10]],[[13907,36948],[1,-17]],[[13908,36931],[-3,-23]],[[13905,36908],[-3,-3]],[[13902,36905],[-6,-20]],[[13896,36885],[-3,-8]],[[13893,36877],[-3,-22]],[[13890,36855],[0,-18]],[[13890,36837],[-7,-19]],[[13883,36818],[-15,-20]],[[13868,36798],[-7,-7]],[[13861,36791],[-15,-16]],[[13846,36775],[-2,-2]],[[13844,36773],[-6,-16]],[[13838,36757],[3,-9]],[[13841,36748],[12,-9]],[[13853,36739],[8,-5]],[[13861,36734],[14,-4]],[[13875,36730],[16,0]],[[13891,36730],[22,4]],[[13913,36734],[9,-2]],[[13922,36732],[9,-16]],[[13931,36716],[-1,-24]],[[13930,36692],[-11,-10]],[[13919,36682],[-15,-6]],[[13904,36676],[-18,-17]],[[13886,36659],[-25,-26]],[[13861,36633],[-8,-20]],[[13853,36613],[0,-19]],[[13857,36583],[4,-6]],[[13861,36577],[13,-8]],[[13874,36569],[21,-5]],[[13911,36566],[22,13]],[[13933,36579],[18,1]],[[13960,36559],[-11,-14]],[[13949,36545],[-33,-5]],[[13916,36540],[-38,-17]],[[13878,36523],[-20,-6]],[[13858,36517],[-1,-1]],[[13856,36516],[-20,-5]],[[13836,36511],[-28,-4]],[[13808,36507],[-27,-9]],[[13781,36498],[-25,-15]],[[13756,36483],[-23,-17]],[[13719,36454],[-11,-12]],[[13708,36442],[-15,-16]],[[13693,36426],[-5,-14]],[[13688,36399],[6,-17]],[[13732,36363],[34,7]],[[13766,36370],[6,-1]],[[13772,36369],[3,-1]],[[13775,36368],[4,0]],[[13789,36352],[-3,-10]],[[13777,36336],[-20,-8]],[[13757,36328],[-19,-5]],[[13738,36323],[-21,-2]],[[13717,36321],[-9,-7]],[[13704,36306],[-1,-12]],[[13707,36285],[10,-10]],[[13717,36275],[54,-8]],[[13771,36267],[8,-4]],[[13779,36263],[5,-12]],[[13784,36251],[0,-43]],[[13781,36199],[-20,-15]],[[13761,36184],[-12,-9]],[[13749,36175],[-11,-17]],[[13738,36158],[-7,-18]],[[13731,36140],[-8,-5]],[[13723,36135],[-10,5]],[[13713,36140],[-3,9]],[[13710,36149],[-13,5]],[[13697,36154],[-15,-10]],[[13682,36144],[-17,-11]],[[13665,36133],[-16,-19]],[[13649,36114],[-2,-12]],[[13647,36102],[3,-16]],[[13650,36086],[8,-12]],[[13665,36070],[14,-1]],[[13679,36069],[29,3]],[[13708,36072],[14,-4]],[[13723,36065],[1,-7]],[[13724,36058],[-10,-14]],[[13707,36041],[-20,-6]],[[13687,36035],[-22,-8]],[[13665,36027],[-9,-6]],[[13656,36021],[-13,-16]],[[13643,36005],[-7,-13]],[[13628,35959],[-6,-21]],[[13622,35938],[-20,-22]],[[13602,35916],[-4,-12]],[[13598,35904],[1,-10]],[[13599,35894],[12,-18]],[[13611,35876],[10,-14]],[[13621,35862],[7,-16]],[[13628,35846],[-1,-15]],[[13622,35821],[-6,-15]],[[13616,35806],[1,-13]],[[13617,35793],[8,-9]],[[13625,35784],[14,-8]],[[13639,35776],[27,-9]],[[13666,35767],[15,-10]],[[13681,35757],[0,-12]],[[13681,35745],[-12,-13]],[[13669,35732],[-14,-2]],[[13649,35731],[-30,13]],[[13619,35744],[-11,3]],[[13608,35747],[-11,-9]],[[13597,35738],[-2,-7]],[[13595,35731],[9,-17]],[[13604,35714],[9,-20]],[[13613,35694],[-2,-7]],[[13611,35687],[-8,-3]],[[13603,35684],[-10,2]],[[13593,35686],[-21,12]],[[13572,35698],[-11,-8]],[[13561,35690],[-1,-14]],[[13566,35655],[17,-65]],[[13583,35590],[-7,-7]],[[13576,35583],[-6,0]],[[13570,35583],[-13,-1]],[[13557,35582],[-8,-4]],[[13549,35578],[-4,-8]],[[13545,35570],[2,-21]],[[13547,35549],[8,-19]],[[13555,35530],[1,-9]],[[13556,35521],[-6,-11]],[[13550,35510],[-17,-12]],[[13533,35498],[-9,-10]],[[13524,35488],[0,-10]],[[13524,35478],[4,-8]],[[13528,35470],[17,-16]],[[13545,35454],[5,-13]],[[13550,35441],[-3,-10]],[[13547,35431],[-14,-8]],[[13533,35423],[-18,-3]],[[13515,35420],[-10,-7]],[[13505,35413],[-5,-7]],[[13500,35406],[-2,-17]],[[13498,35389],[-1,-28]],[[13497,35361],[-2,-3]],[[13495,35358],[-3,-2]],[[13492,35356],[-16,2]],[[13476,35358],[-6,8]],[[13470,35366],[-13,-1]],[[13457,35365],[-10,-13]],[[13447,35352],[3,-9]],[[13451,35324],[-3,-11]],[[13441,35305],[-18,-16]],[[13422,35280],[4,-16]],[[13426,35264],[10,-11]],[[13436,35253],[6,-8]],[[13442,35245],[-1,-11]],[[13441,35234],[-8,-7]],[[13433,35227],[-18,-1]],[[13415,35226],[-20,8]],[[13395,35234],[-13,0]],[[13382,35234],[-5,-13]],[[13377,35221],[3,-11]],[[13380,35210],[4,-14]],[[13383,35189],[-12,-10]],[[13371,35179],[-18,-5]],[[13353,35174],[-10,1]],[[13343,35175],[-6,-3]],[[13337,35172],[-4,-15]],[[13333,35157],[2,-6]],[[13335,35151],[2,-16]],[[13337,35135],[-4,-7]],[[13333,35128],[-8,-5]],[[13325,35123],[-16,5]],[[13309,35128],[-7,11]],[[13303,35149],[-13,14]],[[13290,35163],[-15,-1]],[[13275,35162],[-3,-12]],[[13274,35140],[6,-13]],[[13280,35127],[5,-11]],[[13285,35116],[-2,-8]],[[13283,35108],[-8,-6]],[[13275,35102],[-11,3]],[[13264,35105],[-16,11]],[[13248,35116],[-9,-1]],[[13235,35110],[0,-16]],[[13235,35094],[19,-28]],[[13254,35066],[-2,-16]],[[13252,35050],[-286,4]],[[12966,35054],[-111,1]],[[12855,35055],[-2,0]],[[12853,35055],[-2,0]],[[12851,35055],[-3,0]],[[12848,35055],[-82,1]],[[12766,35056],[-71,0]],[[12695,35056],[-27,0]],[[12668,35056],[-7,0]],[[12661,35056],[-9,-1]],[[12652,35055],[-581,-1]],[[12071,35054],[-151,3]],[[11920,35057],[-35,1]],[[11885,35058],[-36,1]],[[11849,35059],[-20,0]],[[11810,35040],[0,-55]],[[11810,34985],[-1,-7]],[[11809,34978],[3,-79]],[[11812,34899],[-1,-13]],[[11811,34886],[0,-10]],[[11811,34876],[0,-106]],[[11810,34761],[1,-49]],[[11810,34670],[-2,-90]],[[11808,34580],[0,-15]],[[11808,34545],[0,-63]],[[11808,34482],[0,-4]],[[11808,34478],[0,-19]],[[11808,34459],[0,-28]],[[11808,34431],[1,-12]],[[11809,34419],[0,-3]],[[11809,34416],[-1,-16]],[[11808,34400],[0,-7]],[[11808,34393],[-1,-15]],[[11808,34376],[0,-3]],[[11808,34373],[0,-24]],[[11808,34349],[0,-10]],[[11808,34339],[-3,-153]],[[11805,34186],[0,-6]],[[11805,34180],[-1,-90]],[[11804,34090],[-2,-105]],[[11802,33985],[0,-60]],[[11802,33925],[0,-41]],[[11802,33884],[0,-5]],[[11802,33879],[-1,-62]],[[11803,33814],[4,-121]],[[11807,33693],[2,-46]],[[11809,33647],[1,-9]],[[11810,33638],[4,-100]],[[11814,33538],[0,-9]],[[11814,33529],[1,-50]],[[11816,33465],[0,-20]],[[11816,33445],[1,-22]],[[11817,33423],[0,-39]],[[11817,33384],[0,-2]],[[11817,33382],[0,-3]],[[11817,33379],[1,-16]],[[11818,33363],[-1,-5]],[[11817,33358],[-1,-11]],[[27945,20982],[84,1],[111,-1]],[[28140,20982],[84,0]],[[28224,20982],[170,-92],[93,0],[1,182],[378,-2],[291,2],[20,-6],[66,-53],[16,-7],[93,0]],[[29347,17082],[-31,15],[-54,13],[-49,37],[-110,55],[-151,99],[-10,11],[-9,27],[-16,17],[-92,42],[-60,49],[-21,12],[-161,61],[-12,6],[-233,140],[-22,4],[-131,0],[-18,5],[-163,88],[-279,107],[-99,72],[-13,4],[-137,0],[-97,2],[-63,22],[-168,62],[-89,4],[-90,-2],[-19,6],[-183,4],[-151,0]],[[26616,18044],[0,-68],[-21,-11],[-36,0],[-8,6]],[[26551,17971],[0,-29]],[[26551,17942],[-43,-11],[-2,-149]],[[26506,17782],[-1,-99]],[[26505,17683],[-106,2]],[[26397,17685],[-120,1]],[[26277,17686],[-1,0]],[[26276,17686],[-11,0]],[[26265,17686],[-4,0]],[[32722,26311],[-7,0]],[[32715,26311],[-72,0]],[[32643,26311],[-108,0]],[[32535,26311],[-101,1]],[[32434,26312],[-42,3]],[[32392,26315],[-210,-1]],[[32182,26314],[-53,0]],[[32126,26314],[-3,0]],[[32123,26314],[-24,0]],[[32099,26314],[-32,0]],[[32067,26314],[-22,0]],[[32045,26314],[-22,0]],[[31958,26314],[-174,-1]],[[31629,26313],[-12,0]],[[31617,26313],[-58,0]],[[31559,26313],[-4,0]],[[31555,26313],[-53,0]],[[31502,26313],[-2,-4]],[[31500,26309],[0,-2]],[[31500,26307],[-4,-7]],[[31496,26300],[9,-12]],[[31505,26288],[1,-6]],[[31506,26282],[1,-3]],[[31507,26279],[3,-20]],[[31510,26259],[1,-3]],[[31511,26256],[0,-2]],[[31511,26254],[1,-2]],[[31512,26252],[-2,-14]],[[31510,26238],[-1,-7]],[[31509,26231],[0,-1]],[[31509,26230],[-1,-1]],[[31508,26229],[-6,-16]],[[31502,26213],[-1,-1]],[[31501,26212],[0,-1]],[[31501,26211],[-2,-2]],[[31499,26209],[-5,-7]],[[31494,26202],[-1,-1]],[[31493,26201],[-3,-4]],[[31490,26197],[-1,-1]],[[31489,26196],[-2,-2]],[[31487,26194],[-8,-3]],[[31479,26191],[-2,0]],[[31477,26191],[-3,0]],[[31474,26191],[-7,-1]],[[31467,26190],[-4,9]],[[31463,26199],[-10,9]],[[31453,26208],[-2,4]],[[31451,26212],[-1,1]],[[31450,26213],[-8,-14]],[[31442,26199],[-3,-6]],[[31439,26193],[0,-82]],[[31439,26111],[0,-27]],[[31439,26084],[0,-2]],[[31439,26082],[0,-17]],[[31439,26065],[0,-34]],[[31439,26031],[0,-31]],[[31439,26000],[0,-1]],[[31439,25999],[0,-206]],[[31439,25793],[0,-154]],[[31439,25639],[2,-111]],[[31441,25528],[0,-1]],[[31441,25527],[7,-315]],[[31446,25134],[0,-16]],[[31446,25118],[2,-1]],[[31448,25117],[18,-12]],[[31466,25105],[19,-21]],[[31485,25084],[9,-16]],[[31494,25068],[-5,-12]],[[31489,25056],[-6,-3]],[[31483,25053],[-2,0]],[[31481,25053],[-7,-12]],[[31474,25041],[0,-2]],[[31474,25039],[-1,-5]],[[31473,25034],[0,-11]],[[31473,25023],[2,-6]],[[31475,25017],[2,-7]],[[31477,25010],[-3,-8]],[[31474,25002],[-4,-14]],[[31470,24988],[-1,-3]],[[31469,24985],[-19,-6]],[[31450,24979],[-4,-1]],[[31446,24978],[0,-12]],[[31446,24966],[0,-29]],[[31446,24937],[0,-39]],[[31446,24898],[-1,-54]],[[31445,24844],[1,-11]],[[31446,24833],[0,-2]],[[31446,24831],[39,-1],[3,-27],[28,-10],[102,1],[0,23],[30,14],[68,-9],[21,2],[174,2],[35,7],[75,1],[31,-5],[24,-16],[26,-36],[17,-18]],[[32119,24759],[34,-22]],[[32153,24737],[30,-19]],[[32183,24718],[49,-43]],[[32241,24667],[13,-15]],[[32254,24652],[13,-15]],[[32267,24637],[18,-14]],[[32285,24623],[22,-15]],[[32307,24608],[8,-6]],[[32315,24602],[26,-23]],[[32341,24579],[17,-15]],[[32358,24564],[1,-6]],[[32359,24558],[1,-51]],[[32360,24507],[-39,0]],[[32321,24507],[-5,-56],[-5,-16],[6,-17],[1,-141],[18,-18],[0,-22],[54,0]],[[32390,24237],[4,0]],[[32394,24237],[5,0]],[[32399,24237],[10,1]],[[32409,24238],[0,-2]],[[26824,22524],[2,0]],[[26826,22524],[90,0]],[[26916,22524],[2,0]],[[26918,22524],[1,0]],[[26919,22524],[7,0]],[[26926,22524],[1,0]],[[26927,22524],[75,-3]],[[27002,22521],[21,2]],[[27023,22523],[36,-1]],[[27059,22522],[21,-1]],[[27080,22521],[38,-1]],[[27118,22520],[31,-1]],[[27149,22519],[62,-1]],[[27211,22518],[3,0]],[[27214,22518],[21,0]],[[27235,22518],[5,0]],[[27240,22518],[12,0]],[[27280,22518],[41,-1]],[[27321,22517],[24,-1]],[[27345,22516],[12,0]],[[27357,22516],[11,-2]],[[27368,22514],[8,0]],[[27376,22514],[14,1]],[[27390,22515],[6,0]],[[27396,22515],[87,0]],[[27521,22514],[46,1]],[[27570,22515],[-7,-34],[8,-41],[69,-122],[63,-209],[20,-38],[44,-42],[10,-23],[4,-25],[0,-92]],[[29414,38049],[2,8]],[[29421,38079],[4,21]],[[29425,38100],[-5,16]],[[29416,38129],[7,10]],[[29426,38143],[25,38],[-2,39]],[[29449,38220],[-1,2]],[[29440,38238],[0,1]],[[29444,38252],[0,6]],[[29439,38277],[-4,9]],[[29435,38287],[-3,5]],[[29432,38292],[-13,5]],[[29407,38316],[8,15]],[[29425,38349],[10,21]],[[29435,38392],[0,7]],[[29435,38405],[-1,17]],[[29446,38470],[3,6]],[[29470,38459],[5,-7]],[[29475,38452],[7,1]],[[29494,38455],[6,1]],[[29500,38456],[7,6]],[[29518,38470],[10,3]],[[29544,38477],[0,12]],[[29564,38511],[6,5]],[[29575,38520],[8,7]],[[29583,38527],[-4,12]],[[29575,38551],[-7,19]],[[29564,38582],[-1,3]],[[29563,38585],[-10,3]],[[29548,38603],[-7,13]],[[29539,38619],[-5,8]],[[29530,38634],[-10,17]],[[29544,38684],[6,9]],[[29571,38697],[6,-5]],[[29577,38692],[12,8]],[[29593,38703],[7,6]],[[29607,38707],[11,-2]],[[29629,38698],[6,-4]],[[29635,38694],[12,-8]],[[29652,38683],[11,-7]],[[29683,38655],[1,-2]],[[29684,38653],[46,-30]],[[29730,38623],[30,-10]],[[29781,38626],[1,1]],[[29782,38627],[10,21]],[[29796,38658],[2,15]],[[29834,38730],[4,2]],[[29838,38732],[6,32]],[[29844,38764],[-1,2]],[[29833,38806],[7,18]],[[29839,38842],[-3,14]],[[29876,38898],[2,3]],[[29891,38913],[13,12]],[[29915,38927],[24,-9]],[[29939,38918],[9,7]],[[29954,38929],[11,7]],[[29978,38915],[5,-9]],[[29990,38895],[6,-11]],[[30016,38872],[11,-6]],[[30045,38866],[19,0]],[[30077,38864],[14,-2]],[[30111,38857],[16,5]],[[30134,38864],[11,3]],[[30145,38867],[2,17]],[[30147,38884],[-11,15]],[[30167,38938],[29,-25]],[[30216,38897],[-1,-17]],[[30214,38867],[0,-6]],[[30214,38861],[12,-19]],[[30226,38842],[18,-10]],[[30250,38824],[7,-28]],[[30261,38777],[5,-20]],[[30305,38752],[8,-5]],[[30325,38732],[-1,-6]],[[30324,38726],[12,-12]],[[30336,38714],[21,7]],[[30361,38722],[52,3]],[[30432,38713],[23,-13]],[[30455,38700],[23,10]],[[30477,38685],[-2,-2]],[[30475,38683],[13,-8]],[[30488,38675],[5,1]],[[30564,38680],[6,-4]],[[30570,38676],[2,2]],[[30594,38695],[37,1]],[[30675,38683],[7,-4]],[[30687,38672],[16,-24]],[[30703,38648],[9,5]],[[30734,38668],[33,-55]],[[30767,38612],[8,-13]],[[30771,38579],[-6,-8]],[[30765,38571],[5,-6]],[[30784,38535],[-2,-9]],[[30782,38526],[7,-7]],[[30789,38519],[53,15]],[[30842,38534],[2,8]],[[30844,38542],[-5,6]],[[30837,38565],[3,15]],[[30848,38590],[3,4]],[[30851,38594],[-3,11]],[[30863,38615],[33,-7]],[[30904,38599],[9,-20]],[[30913,38579],[15,-11]],[[30943,38560],[15,-5]],[[30999,38523],[-3,-9]],[[30996,38514],[4,-9]],[[31000,38505],[46,-21]],[[31047,38483],[4,-1]],[[31048,38461],[0,-9]],[[31048,38452],[12,-9]],[[31067,38438],[25,-11]],[[31114,38417],[1,-1]],[[31117,38416],[19,7]],[[31187,38430],[21,-9]],[[31208,38421],[25,11]],[[31265,38420],[3,-13]],[[31268,38407],[14,-11]],[[31282,38396],[18,0]],[[31342,38390],[22,-10],[14,8]],[[31378,38389],[7,14]],[[31385,38403],[-1,15]],[[31384,38418],[-18,21]],[[31366,38439],[-22,-13]],[[31365,38458],[15,1]],[[31380,38459],[15,8]],[[31424,38435],[-11,-13]],[[31413,38422],[4,-15]],[[31418,38405],[10,-3]],[[31474,38384],[-12,-40]],[[31462,38344],[5,-20]],[[31467,38324],[22,-14]],[[31489,38310],[37,9]],[[31526,38319],[9,12]],[[31569,38329],[5,-11]],[[31574,38318],[12,-5]],[[31586,38313],[8,4]],[[31594,38317],[1,13]],[[31634,38314],[-11,-22]],[[31623,38292],[13,-13]],[[31636,38279],[21,1]],[[31678,38266],[13,-26]],[[31691,38240],[16,1]],[[31707,38241],[9,21]],[[31716,38262],[-1,40]],[[31768,38292],[-6,-33]],[[31762,38259],[17,-5]],[[31779,38254],[24,27]],[[31836,38284],[28,-3]],[[31889,38276],[24,-19]],[[31913,38257],[6,-2]],[[31939,38231],[0,-8]],[[31939,38223],[15,-11]],[[31954,38212],[24,13]],[[31978,38225],[0,1]],[[32035,38235],[19,-33]],[[32054,38202],[17,-9]],[[32071,38193],[17,7]],[[32088,38200],[7,14]],[[32095,38214],[-1,17]],[[32094,38231],[-2,21]],[[32135,38284],[12,-2]],[[32209,38279],[26,3]],[[32236,38282],[10,2]],[[32368,38274],[29,-38]],[[32404,38229],[12,-6]],[[32419,38222],[39,-13]],[[32462,38208],[6,-1]],[[32474,38206],[8,-1]],[[32484,38204],[59,-6],[24,2]],[[31328,34994],[152,202]],[[31480,35196],[151,-47],[25,10],[93,18],[36,1]],[[31785,35178],[19,0]],[[31804,35178],[131,2],[65,-1],[-1,164],[-10,50],[-20,53],[-6,35],[-1,104]],[[31962,35585],[3,50],[-1,136],[1,51],[33,45],[0,102],[-15,36],[10,46]],[[31993,36051],[8,29]],[[32001,36080],[0,27]],[[32001,36107],[-10,39]],[[31991,36146],[-8,22]],[[31983,36168],[-9,26]],[[31974,36194],[-28,73],[-13,47],[0,55],[-7,35],[-10,19],[-55,63],[-66,58],[-8,5],[-91,24],[-76,55],[-133,30],[-184,1],[-45,-6],[-21,-6],[-86,-40],[-27,-24],[-89,-165],[-28,-32]],[[31007,36386],[-52,-35],[-11,-14]],[[30944,36337],[-32,-114],[-8,-41],[-5,-47],[1,-224],[-4,-28],[-16,-32],[-23,-28],[-7,-23],[0,-37],[-162,-4],[-149,-24],[-99,-10]],[[30440,35725],[-113,-9],[-48,-6],[-1,-91],[2,-45],[11,-49],[17,-35],[21,-29],[37,-34],[73,-62],[19,-31],[5,-32],[0,-49],[4,-26],[25,-54],[5,-29],[0,-164]],[[29401,36071],[3,3]],[[29408,36078],[2,3]],[[29416,36088],[5,5]],[[29424,36097],[5,5]],[[29430,36105],[10,24]],[[29448,36148],[1,5]],[[29454,36190],[0,4]],[[29424,36325],[0,5]],[[29445,36395],[3,4]],[[29451,36404],[10,15]],[[29462,36448],[0,10]],[[29458,36470],[-4,9]],[[29452,36523],[10,12]],[[29469,36544],[6,7]],[[29482,36560],[4,5]],[[29490,36571],[5,10]],[[29508,36639],[7,47]],[[29516,36692],[2,10],[31,48],[2,9]],[[29552,36808],[0,15]],[[29552,36825],[-3,16]],[[29549,36841],[0,17]],[[29554,36867],[5,9]],[[29560,36888],[0,11]],[[29560,36901],[1,7]],[[29564,36967],[1,20]],[[29563,36999],[-2,10]],[[29560,37015],[-6,8]],[[29550,37033],[-7,18],[2,32]],[[29545,37084],[1,13]],[[29547,37099],[1,7]],[[29549,37111],[3,9]],[[29552,37124],[21,90],[20,39]],[[29594,37256],[4,8]],[[29614,37296],[0,3]],[[29612,37307],[-1,6]],[[29605,37351],[-1,9]],[[29602,37368],[-6,30]],[[29596,37401],[-4,17]],[[29589,37434],[-1,6]],[[29574,37497],[-1,2]],[[29563,37524],[-1,3]],[[29560,37533],[-8,6]],[[29536,37546],[-37,19]],[[29499,37568],[3,21]],[[29503,37600],[-2,15]],[[29496,37641],[-1,4]],[[29493,37654],[-2,6]],[[29468,37699],[-6,8]],[[29454,37716],[-10,13]],[[29438,37740],[-2,5]],[[29434,37750],[1,12]],[[29436,37773],[-2,17],[-19,41]],[[29408,37836],[-20,22]],[[29388,37858],[-4,24]],[[29391,37906],[4,13]],[[29395,37928],[-9,28]],[[29384,37966],[-1,2]],[[29378,37990],[14,24]],[[29393,38015],[6,10]],[[29409,38039],[5,7]],[[14573,38211],[61,-2]],[[14721,38206],[586,-31],[202,-11]],[[15555,38161],[46,-2]],[[15608,38159],[15,-1]],[[15640,38157],[8,0]],[[15684,38155],[1,0]],[[15686,38154],[2,0]],[[15690,38154],[44,-2]],[[15735,38152],[197,-13]],[[15932,38139],[37,-2]],[[16284,38120],[5,0]],[[16626,38095],[148,-5]],[[17149,38077],[480,-28]],[[17643,38049],[3,0]],[[17783,38043],[2,0]],[[17785,38043],[22,-1],[615,-35]],[[18432,38006],[26,-1]],[[18561,37996],[126,-6]],[[18785,37985],[186,-11]],[[19106,37966],[626,-36]],[[19752,37929],[2,0]],[[19782,37927],[99,-7]],[[19884,37920],[180,-11],[39,-3]],[[20117,37904],[176,-10]],[[20298,37893],[49,-3]],[[20349,37890],[84,-5]],[[20448,37884],[374,-23]],[[20836,37860],[308,-20]],[[21684,37808],[62,-3]],[[21752,37804],[269,-20]],[[22067,37782],[11,-1]],[[22082,37781],[40,-3]],[[22122,37778],[263,-17]],[[22386,37761],[65,-5]],[[22520,37751],[67,-4]],[[22589,37747],[13,-1]],[[22745,37735],[1,0]],[[22944,37721],[395,-27]],[[23523,37682],[168,-14]],[[25039,37577],[4,0]],[[25353,37555],[402,-29]],[[38622,8636],[44,1]],[[38666,8637],[42,-1]],[[38708,8636],[-1,37]],[[38707,8673],[-1,23]],[[38706,8696],[0,2]],[[38706,8698],[-1,10]],[[38705,8708],[-1,18]],[[38704,8726],[-1,41]],[[38703,8767],[0,4]],[[38703,8771],[-1,14]],[[38702,8785],[-2,31]],[[38700,8816],[0,26]],[[38700,8842],[-1,16]],[[38699,8858],[0,7]],[[38699,8865],[1,15]],[[38700,8880],[0,4]],[[38700,8884],[-1,35]],[[38698,8919],[1,1]],[[38699,8920],[10,0]],[[38709,8920],[74,2]],[[38783,8922],[2,0]],[[38785,8922],[74,3]],[[38859,8925],[3,0]],[[38862,8925],[3,0]],[[38865,8925],[1,0]],[[38866,8925],[66,1]],[[38932,8926],[17,1]],[[38949,8927],[5,0]],[[38954,8927],[1,0]],[[39527,7941],[-34,7],[-31,1],[-50,-21],[-90,0]],[[39322,7928],[-117,1],[-16,5],[-22,-5],[-95,-4]],[[39072,7925],[-172,-6]],[[38900,7919],[-3,92],[-32,-1],[-3,91],[32,1],[-9,273],[-61,-3],[-25,3],[-58,22],[-25,19]],[[38716,8416],[-31,35],[-57,21]],[[38628,8474],[0,3]],[[38628,8477],[-1,23]],[[38627,8500],[-2,42]],[[38625,8542],[0,4]],[[38625,8546],[-1,18]],[[38624,8564],[-1,49]],[[38623,8613],[-1,23]],[[35572,8972],[1015,-4]],[[36587,8968],[0,-6]],[[36587,8962],[0,-10]],[[36587,8952],[0,-29]],[[36587,8923],[0,-28]],[[36587,8895],[0,-35]],[[36587,8860],[0,-28]],[[36587,8832],[674,1]],[[37261,8833],[1,0]],[[37262,8833],[1,0]],[[37263,8833],[3,0]],[[37266,8833],[578,-1]],[[37844,8832],[9,0]],[[37853,8832],[19,0]],[[37872,8832],[23,1]],[[37895,8833],[0,-1]],[[37895,8832],[1,-29],[-5,-14],[-40,-52],[-230,-299],[-6,-16],[12,-480],[-2,-95],[6,-82],[-4,-70],[5,-74]],[[37632,7621],[43,0]],[[37675,7621],[28,0]],[[37703,7621],[141,1]],[[37844,7622],[43,-1]],[[37887,7621],[42,0]],[[37950,7622],[20,0]],[[37970,7622],[86,0]],[[38056,7622],[80,0]],[[38136,7622],[90,2]],[[38226,7624],[1,-23]],[[38227,7601],[0,-12]],[[38227,7589],[1,-7]],[[38228,7582],[0,-1]],[[38228,7581],[0,-8]],[[38228,7573],[0,-1]],[[38228,7572],[1,-15]],[[38229,7557],[1,-23]],[[38230,7534],[-1,-11]],[[38229,7523],[1,-11]],[[38230,7512],[0,-22]],[[38230,7490],[20,0]],[[39287,13292],[2,4]],[[39289,13296],[28,47],[72,88]],[[39389,13431],[33,40]],[[39422,13471],[13,23]],[[39435,13494],[10,26]],[[39445,13520],[4,18]],[[39449,13538],[2,23]],[[39451,13561],[1,28]],[[39452,13589],[2,61]],[[39454,13650],[0,2]],[[39454,13652],[1,29]],[[39455,13681],[1,9]],[[39456,13690],[0,14]],[[39456,13704],[1,28]],[[39457,13732],[1,12]],[[39458,13744],[2,51]],[[39460,13795],[11,221]],[[39471,14016],[4,85]],[[39475,14101],[129,-3],[6,180],[18,9],[13,16],[20,10],[35,8],[118,-4],[71,-4],[12,-8],[10,-42],[22,4],[21,-7]],[[39943,12469],[-42,7],[5,45],[-60,1],[0,22],[-13,0],[2,34],[-5,11],[-30,2],[-6,44]],[[39794,12635],[-102,0],[-124,-2]],[[39568,12633],[-86,2]],[[39482,12635],[-86,2],[-54,-1]],[[39342,12636],[-88,-1],[-1,112]],[[39253,12747],[-1,29]],[[39252,12776],[0,29]],[[39252,12805],[-1,18]],[[39251,12823],[0,91]],[[39251,12914],[-3,275],[2,25],[11,34],[26,44]],[[39115,16903],[-10,0]],[[39105,16903],[-14,0]],[[39091,16903],[-12,0]],[[39079,16903],[-7,0]],[[39072,16903],[-2,0]],[[39070,16903],[-10,0]],[[39060,16903],[-4,0]],[[39056,16903],[-13,0]],[[39043,16903],[-58,0]],[[38985,16903],[-50,0]],[[38935,16903],[-55,0]],[[38880,16903],[-1,0]],[[38879,16903],[-2,0]],[[38877,16903],[-54,2]],[[38823,16905],[-12,0]],[[38811,16905],[-1,0]],[[38810,16905],[-4,0]],[[38806,16905],[-7,0]],[[38799,16905],[-1,0]],[[38798,16905],[-26,1]],[[38772,16906],[-8,0]],[[38764,16906],[-2,0]],[[38762,16906],[-2,0]],[[38760,16906],[-85,2]],[[38675,16908],[-5,-1]],[[38670,16907],[-21,46],[-140,1],[-20,4],[-47,-1],[-138,16],[-24,-7],[-60,126],[-4,13]],[[38216,17105],[-24,-10],[-190,0],[-80,2]],[[37922,17097],[-139,157],[-59,-59],[-404,-424],[-210,-220]],[[37110,16551],[-512,0]],[[36598,16551],[0,-12]],[[36598,16539],[0,-7]],[[36598,16532],[1,-270]],[[36599,16257],[1,-228]],[[36600,16029],[-33,-33]],[[36557,15986],[-709,-648]],[[35848,15338],[-343,-314]],[[39289,13296],[-1,0]],[[39288,13296],[-32,1]],[[39256,13297],[-12,0]],[[39244,13297],[-29,1]],[[39215,13298],[-20,1]],[[39195,13299],[-46,2]],[[39149,13301],[-15,1]],[[39134,13302],[-35,2]],[[39099,13304],[-24,0]],[[39075,13304],[-39,0]],[[39036,13304],[-211,8]],[[38825,13312],[-230,8]],[[38595,13320],[-428,15],[-42,9],[-28,18],[-212,188],[-19,16],[-23,11],[-26,4],[-384,1],[-15,1],[-470,2],[-244,0],[-48,-2],[-91,0],[0,91],[2,27],[9,33],[-37,107],[-1,106],[-2,21],[-22,44],[-2,19],[-62,3],[-759,-299],[-177,0],[-11,-25]],[[38602,10558],[-2,24]],[[38600,10582],[-1,8]],[[38599,10590],[1,107]],[[38600,10697],[0,214]],[[38600,10911],[2,254]],[[38602,11165],[-1,68]],[[38601,11233],[0,61]],[[38601,11294],[0,9],[69,47],[162,1],[8,3]],[[38840,11354],[1,-45]],[[38841,11309],[10,12],[38,19],[46,4],[36,21],[36,5],[37,11],[32,-9],[18,0]],[[39094,11372],[88,0]],[[39182,11372],[93,0],[15,4],[107,2],[85,-3],[64,-1],[41,-15],[40,-4],[19,-13],[26,-9],[59,2],[24,29],[52,-4]],[[39437,10390],[-51,18],[-2,-7],[-40,0],[-77,-5],[-33,-4],[-60,-1]],[[39174,10391],[-39,-1],[0,8]],[[39135,10398],[0,30],[-20,-1],[-18,-12],[-7,12],[-1,32],[-43,0],[0,11],[-42,0],[-3,39],[-65,0],[-2,12]],[[38934,10521],[-100,-1]],[[38834,10520],[-9,-1],[-226,-2]],[[38599,10517],[3,41]],[[37895,8833],[119,0]],[[38021,8833],[1,0]],[[38022,8833],[169,1]],[[38191,8834],[1,0]],[[38192,8834],[6,0]],[[38198,8834],[2,0]],[[38200,8834],[28,-1]],[[38228,8833],[84,0]],[[38312,8833],[3,0]],[[38315,8833],[9,0]],[[38324,8833],[36,1]],[[38360,8834],[1,0]],[[38361,8834],[10,0]],[[38371,8834],[3,0]],[[38374,8834],[1,0]],[[38375,8834],[1,0]],[[38376,8834],[4,0]],[[38380,8834],[15,0]],[[38395,8834],[16,0]],[[38419,8834],[26,0]],[[38445,8834],[26,0]],[[38471,8834],[23,0]],[[38494,8834],[36,0]],[[38530,8834],[77,-2]],[[38607,8832],[5,0]],[[38612,8832],[0,1]],[[38612,8833],[0,41]],[[38612,8874],[0,6]],[[38612,8880],[0,37]],[[38612,8917],[65,2]],[[38677,8919],[21,0]],[[38900,7919],[0,-3]],[[38900,7916],[0,-3]],[[38900,7913],[1,-17]],[[38901,7891],[0,-9]],[[38901,7882],[0,-9]],[[38901,7873],[1,-16]],[[38902,7857],[0,-11]],[[38902,7846],[0,-5]],[[38902,7841],[0,-13]],[[38900,7828],[-9,-1]],[[38891,7827],[-12,7],[-20,-4],[-43,-2]],[[38816,7828],[-33,-2]],[[38783,7826],[-5,-2]],[[38778,7824],[-7,-2]],[[38771,7822],[-1,-1]],[[38770,7821],[-3,-1]],[[38767,7820],[-6,-8]],[[38761,7812],[-1,0]],[[38760,7812],[-1,-2]],[[38759,7810],[-1,-2]],[[38758,7808],[-2,-1]],[[38756,7807],[-5,-6]],[[38751,7801],[-4,-5]],[[38747,7796],[0,-1]],[[38747,7795],[-8,-11]],[[38739,7784],[-17,-21]],[[38722,7763],[-16,7]],[[38706,7770],[-12,3]],[[38694,7773],[-14,0]],[[38680,7773],[-21,-4]],[[38659,7769],[-13,-3]],[[38646,7766],[-26,2]],[[38620,7768],[-23,0]],[[38597,7768],[-27,-2]],[[38564,7765],[-17,-10]],[[38547,7755],[-5,-3]],[[38542,7752],[-2,0]],[[38540,7752],[-18,-10]],[[38522,7742],[-11,-3]],[[38511,7739],[-29,6]],[[38482,7745],[-6,1]],[[38476,7746],[-20,2]],[[38456,7748],[-3,1]],[[38453,7749],[-20,0]],[[38433,7749],[-11,1]],[[38412,7749],[-19,0]],[[38393,7749],[-36,0]],[[38357,7749],[-14,0]],[[38343,7749],[-34,0]],[[38309,7749],[-2,0]],[[38275,7750],[-35,-3]],[[38240,7747],[-17,-3]],[[38223,7740],[-3,-28]],[[38220,7712],[1,-13]],[[38221,7699],[0,-5]],[[38221,7694],[0,-2]],[[38221,7692],[0,-2]],[[38221,7690],[1,-8]],[[38222,7682],[1,-14]],[[38223,7668],[3,-44]],[[35528,11161],[546,2]],[[36074,11163],[4,0]],[[36078,11163],[2,0]],[[36080,11163],[2,0]],[[36082,11163],[1,0]],[[36083,11163],[1241,4]],[[37324,11167],[21,-1]],[[37345,11166],[881,-1]],[[38226,11165],[355,0]],[[38581,11165],[17,0]],[[38598,11165],[4,0]],[[38599,10517],[0,-35]],[[38599,10482],[0,-96]],[[38599,10386],[-1,-90]],[[38598,10296],[-2,-30],[-34,-42],[-67,-73],[23,-13],[-6,-46]],[[38512,10092],[0,-92],[-41,-8],[-44,8],[0,-164]],[[38427,9836],[0,-5],[171,-47],[169,-49]],[[38767,9735],[79,-25],[32,-7],[146,-42]],[[17785,38043],[-1,0]],[[17784,38043],[-18,-21],[-18,-82],[-73,0],[-21,5],[-45,21],[-34,2],[-20,-5],[-38,-13],[12,-8],[3,-3],[2,-4],[-1,-4],[10,-5],[-1,-2]],[[17542,37924],[0,-5]],[[17542,37919],[6,-13]],[[17548,37906],[0,-3]],[[17548,37903],[-17,-14],[8,-11],[0,-4],[-1,-4],[-3,-2],[-11,6],[-2,-3],[10,-4],[14,-11],[-3,-8]],[[17543,37848],[-1,0]],[[17542,37848],[-5,-17]],[[17537,37831],[2,-2]],[[17539,37829],[7,-34],[-5,-27],[-5,-7],[-17,-16]],[[17519,37745],[4,-1]],[[17523,37744],[1,-8]],[[17524,37736],[-4,0]],[[17520,37736],[-18,-9],[-23,-26]],[[17479,37701],[1,-2]],[[17480,37699],[-1,-7]],[[17479,37692],[1,0]],[[17480,37692],[-6,-7]],[[17474,37685],[-7,1]],[[17467,37686],[-1,-9]],[[17466,37677],[-13,-21],[-11,0],[2,-18],[-5,1],[-5,12],[-10,-3],[2,-13],[-5,-9],[2,-4],[-1,-3],[-2,0],[-8,4],[3,-14],[-1,-4],[-7,-3],[2,-5],[0,-3],[-10,-1],[-7,-27],[-16,-30],[8,-15],[-14,-16],[-18,-7],[-25,6],[-10,-12],[-7,-1],[-8,2],[-5,-14],[2,-9],[-11,0],[-6,9],[-9,-9],[-3,-2],[-3,1],[-5,2],[-1,-4],[-2,-2],[-7,1],[-3,-7],[-3,-2],[-5,-1],[2,-6],[-1,-5],[2,-6],[-1,-2],[-20,-14],[-18,-7],[-8,-2],[-5,4],[-11,-6],[-11,-15],[-2,-4],[-6,0],[-2,-6],[4,-9],[-1,-8],[-4,-3],[-5,0],[-2,-3],[-8,-1],[-5,4],[-6,-8],[-2,-22],[-4,-8],[-1,-20],[-12,-7],[3,-5],[-2,-3],[-2,-1],[7,-4],[2,-5],[-8,-7],[14,-3],[0,-4],[-7,-10],[-2,-14],[-18,-10],[9,-13],[28,-18],[12,-14],[26,-49],[42,-38],[70,-85],[30,-44],[20,-15],[31,-15],[18,-20],[37,-81],[38,-23],[34,-25],[72,24],[95,42],[0,-158],[-39,-1],[-5,-23],[-33,0],[0,-37],[14,-10],[45,2],[0,-90],[-26,-7],[-27,0],[0,24],[-26,2],[-48,25],[-65,-3],[0,-40],[15,-1],[-1,-24],[18,0],[1,-22],[47,0],[34,5],[4,-6],[39,-8],[35,-1],[19,-7],[4,-27],[0,-46],[56,2],[9,-21],[60,0],[-1,39],[-7,0],[0,41],[-18,23],[-23,5],[0,46],[179,1],[22,-11],[72,0],[18,3],[22,-14],[6,-25],[-7,-32],[-33,-3],[-18,-9],[11,-19],[3,-38],[-13,-18],[-12,3],[-38,23],[-27,5],[-1,-24],[-15,-23],[-28,-10],[-1,-100],[-7,-83]],[[17877,36170],[-8,-21],[10,-13],[-18,-14],[-22,-9],[-70,1],[-16,-15],[-3,-51],[-18,0],[44,-118],[43,-240]],[[17819,35690],[-34,-2]],[[17785,35688],[-168,1]],[[17617,35689],[-36,0]],[[17581,35689],[-62,0]],[[17519,35689],[-38,-1]],[[17481,35688],[-84,1]],[[17397,35689],[-69,1]],[[17328,35690],[-29,-1]],[[17299,35689],[25,61],[51,72],[147,197],[6,6],[7,50],[-18,13],[-32,4],[-6,11],[-16,69],[-61,53],[-29,-24],[-94,-42],[-34,-20],[-35,-1],[-1,82],[-8,9],[-68,-2],[-8,18],[-56,-20],[-38,-9],[-67,10],[5,38],[-26,56],[-12,14],[-9,35],[0,28],[24,27],[4,19],[-11,25],[17,44],[-1,40],[-212,-15],[-65,-1],[-33,-10],[-21,2],[-53,13],[-44,-16],[-46,-10],[-43,0],[-4,20],[1,65]],[[16435,36600],[-1,-1]],[[16434,36599],[-2,-2]],[[16432,36597],[-5,7]],[[16427,36604],[-4,-2]],[[16423,36602],[-3,-2]],[[16420,36600],[-4,8]],[[16416,36608],[-2,-2]],[[16414,36606],[-5,-5]],[[16409,36601],[-4,4]],[[16405,36605],[-14,-8]],[[16391,36597],[-3,4]],[[16388,36601],[-3,3]],[[16385,36604],[-4,-4]],[[16381,36600],[-11,-12]],[[16370,36588],[-10,-4]],[[16360,36584],[-11,-11]],[[16349,36573],[-3,-9]],[[16346,36564],[-4,-10]],[[16342,36554],[-5,-16]],[[16337,36538],[-7,-6]],[[16330,36532],[-3,0]],[[16327,36532],[-1,0]],[[16326,36532],[-10,-1]],[[16316,36531],[-4,-1]],[[16312,36530],[-11,2]],[[16301,36532],[-9,2]],[[16292,36534],[-8,-5]],[[16284,36529],[-13,8]],[[16271,36537],[-2,1]],[[16269,36538],[-2,-5]],[[16267,36533],[-1,-3]],[[16266,36530],[-5,2]],[[16261,36532],[-1,1]],[[16260,36533],[-8,0]],[[16252,36533],[-5,1]],[[16247,36534],[2,-13]],[[16249,36521],[1,-7]],[[16250,36514],[-6,1]],[[16244,36515],[-11,2]],[[16233,36517],[-1,-3]],[[16232,36514],[-2,-5]],[[16230,36509],[-3,2]],[[16227,36511],[-6,3]],[[16221,36514],[-9,-3]],[[16212,36511],[-8,-5]],[[16204,36506],[-7,-5]],[[16197,36501],[-2,3]],[[16195,36504],[-3,5]],[[16192,36509],[-9,-5]],[[16183,36504],[-5,-8]],[[16178,36496],[-3,7]],[[16175,36503],[0,17]],[[16175,36520],[-7,0]],[[16168,36520],[-5,-13]],[[16163,36507],[-3,-3]],[[16160,36504],[-7,-5]],[[16153,36499],[-2,-7]],[[16151,36492],[-3,1]],[[16148,36493],[-6,1]],[[16142,36494],[-1,-8]],[[16141,36486],[8,-3]],[[16149,36483],[-2,-6]],[[16147,36477],[-1,0]],[[16146,36477],[-5,3]],[[16141,36480],[-6,-6]],[[16135,36474],[0,-3]],[[16135,36471],[-1,-6]],[[16134,36465],[-5,-9]],[[16129,36456],[-5,-8]],[[16124,36448],[-6,-4]],[[16118,36444],[-4,-3]],[[16114,36441],[-5,-6]],[[16109,36435],[-5,-10]],[[16104,36425],[-10,-8]],[[16094,36417],[-1,-1]],[[16093,36416],[-7,-6]],[[16086,36410],[-8,1]],[[16078,36411],[-3,0]],[[16075,36411],[-5,-8]],[[16070,36403],[0,-10]],[[16070,36393],[-10,-3]],[[16060,36390],[-3,-1]],[[16057,36389],[-2,-5]],[[16055,36384],[-3,-1]],[[16052,36383],[-8,-4]],[[16044,36379],[-11,-4]],[[16033,36375],[-3,-2]],[[16030,36373],[-10,-8]],[[16020,36365],[-5,-5]],[[16015,36360],[-4,-1]],[[16011,36359],[-7,11]],[[16004,36370],[-9,-4]],[[15995,36366],[-3,-2]],[[15992,36364],[-19,4]],[[15973,36368],[-6,6]],[[15967,36374],[-3,3]],[[15964,36377],[-8,3]],[[15956,36380],[-6,2]],[[15950,36382],[-2,0]],[[15948,36382],[-7,-2]],[[15941,36380],[-6,-2]],[[15935,36378],[-6,8]],[[15929,36386],[-5,-5]],[[15924,36381],[-5,-4]],[[15919,36377],[-4,-4]],[[15908,36361],[-4,-2]],[[15904,36359],[-5,-4]],[[15899,36355],[-3,-7]],[[15896,36348],[-7,1]],[[15889,36349],[-21,4]],[[15868,36353],[-14,-5]],[[15854,36348],[-3,-2]],[[15851,36346],[-10,-1]],[[15841,36345],[-13,-7]],[[15828,36338],[-12,-15]],[[15816,36323],[-19,-17]],[[15797,36306],[-18,-23]],[[15779,36283],[-11,-6]],[[15768,36277],[-8,-4]],[[15760,36273],[-3,-8]],[[15757,36265],[-15,-1]],[[15742,36264],[1,5]],[[15743,36269],[0,4]],[[15743,36273],[-7,0]],[[15736,36273],[-11,-12]],[[15725,36261],[-7,-6]],[[15718,36255],[-4,-2]],[[15714,36253],[2,-11]],[[15716,36242],[9,-6]],[[15725,36236],[-2,-9]],[[15723,36227],[-2,-13]],[[15721,36214],[-14,0]],[[15707,36214],[-12,0]],[[15695,36214],[-82,-3]],[[15613,36211],[-72,1]],[[15541,36212],[1,33]],[[15542,36245],[0,1]],[[15542,36246],[0,2]],[[15542,36248],[0,145]],[[15542,36393],[-177,-1]],[[15365,36392],[0,13]],[[15365,36405],[0,57]],[[15365,36462],[0,3]],[[15365,36465],[0,70]],[[15365,36535],[0,4]],[[15365,36539],[0,120]],[[15365,36659],[-49,0]],[[15316,36659],[-40,0]],[[15276,36659],[-7,0]],[[15269,36659],[-46,0]],[[15223,36659],[-2,0]],[[15221,36659],[-209,-3]],[[15012,36656],[-2,264]],[[15010,36920],[0,3]],[[15010,36923],[-1,84]],[[15009,37007],[0,13]],[[15009,37020],[-178,-2]],[[14831,37018],[0,14]],[[14831,37032],[-1,77]],[[14830,37109],[-138,0]],[[14692,37109],[-8,0]],[[14684,37109],[-206,0]],[[14478,37109],[-3,179]],[[14475,37288],[0,117]],[[14475,37405],[0,13]],[[14475,37418],[0,100]],[[14475,37518],[0,8]],[[14475,37526],[0,30]],[[14475,37556],[-152,2]],[[14323,37558],[-94,3]],[[14229,37561],[-10,0]],[[14219,37561],[-3,0]],[[25432,33395],[13,5]],[[25445,33400],[7,-1]],[[25452,33399],[4,-4]],[[25456,33395],[4,-4]],[[25460,33391],[8,4]],[[25468,33395],[1,11]],[[25469,33406],[8,10]],[[25477,33416],[7,-3]],[[25484,33413],[4,-12]],[[25488,33401],[6,-4]],[[25494,33397],[7,3]],[[25501,33400],[9,3]],[[25510,33403],[10,-6]],[[25520,33397],[1,-12]],[[25521,33385],[4,-10]],[[25525,33375],[6,-11]],[[25531,33364],[6,-8]],[[25537,33356],[7,6]],[[25544,33362],[4,4]],[[25548,33366],[5,-3]],[[25553,33363],[4,-1]],[[25557,33362],[8,3]],[[25565,33365],[16,7]],[[25581,33372],[12,-3]],[[25593,33369],[-5,-13]],[[25588,33356],[-7,-4]],[[25581,33352],[-2,-6]],[[25579,33346],[7,-12]],[[25586,33334],[0,-12]],[[25586,33322],[-1,-15]],[[25585,33307],[-6,-6]],[[25579,33301],[1,-3]],[[25580,33298],[1,-6]],[[25581,33292],[-1,-4]],[[25580,33288],[-3,-7]],[[25577,33281],[-5,-1]],[[25572,33280],[-3,-11]],[[25569,33269],[6,-9]],[[25575,33260],[6,-6]],[[25581,33254],[6,-5]],[[25587,33249],[12,1]],[[25599,33250],[18,-3]],[[25617,33247],[0,-4]],[[25617,33243],[-5,-3]],[[25612,33240],[-6,-4]],[[25606,33236],[3,-16]],[[25609,33220],[-1,-7]],[[25608,33213],[0,-10]],[[25608,33203],[-8,-7]],[[25600,33196],[-3,-6]],[[25597,33190],[-2,-4]],[[25595,33186],[2,-6]],[[25597,33180],[11,-2]],[[25608,33178],[12,0]],[[25620,33178],[12,0]],[[25632,33178],[14,11]],[[25646,33189],[8,0]],[[25654,33189],[5,-18]],[[25659,33171],[3,-2]],[[25662,33169],[6,-5]],[[25668,33164],[10,-7]],[[25678,33157],[4,-9]],[[25682,33148],[0,-21]],[[25682,33127],[5,-15]],[[25687,33112],[-5,-6]],[[25682,33106],[-2,-24]],[[25680,33082],[2,-8]],[[25682,33074],[18,-18]],[[25700,33056],[3,-1]],[[25703,33055],[6,-3]],[[25709,33052],[0,-6]],[[25709,33046],[0,-13]],[[25709,33033],[6,-6]],[[25715,33027],[7,-14]],[[25722,33013],[2,-5]],[[25724,33008],[17,-14]],[[25741,32994],[9,-13]],[[25750,32981],[8,1]],[[25758,32982],[4,0]],[[25762,32982],[3,-3]],[[25765,32979],[2,-13]],[[25767,32966],[1,-9]],[[25768,32957],[2,-7]],[[25770,32950],[8,-6]],[[25778,32944],[6,-11]],[[25784,32933],[3,-5]],[[25787,32928],[7,-3]],[[25794,32925],[3,2]],[[25797,32927],[3,3]],[[25800,32930],[21,-13]],[[25821,32917],[9,-5]],[[25830,32912],[11,-2]],[[25841,32910],[10,-1]],[[25851,32909],[2,-4]],[[25853,32905],[4,-4]],[[25857,32901],[7,-4]],[[25864,32897],[12,-5]],[[25876,32892],[4,-9]],[[25880,32883],[6,-4]],[[25886,32879],[7,-4]],[[25893,32875],[14,-3]],[[25907,32872],[6,-1]],[[25913,32871],[-3,-4]],[[25910,32867],[-5,-6]],[[25905,32861],[15,-14]],[[25920,32847],[2,-3]],[[25922,32844],[6,-10]],[[25928,32834],[10,-4]],[[25938,32830],[-1,-5]],[[25937,32825],[-1,-7]],[[25936,32818],[4,-3]],[[25940,32815],[4,2]],[[25944,32817],[6,3]],[[25950,32820],[11,-13]],[[25961,32807],[8,-2]],[[25969,32805],[3,0]],[[25972,32805],[7,-7]],[[25979,32798],[15,-8]],[[25994,32790],[16,0]],[[26010,32790],[17,-3]],[[26027,32787],[9,-2]],[[26036,32785],[16,-4]],[[26052,32781],[14,2]],[[26066,32783],[5,0]],[[26071,32783],[3,-1]],[[26074,32782],[3,-1]],[[26077,32781],[2,3]],[[26079,32784],[2,3]],[[26081,32787],[17,-2]],[[26098,32785],[5,-5]],[[26103,32780],[3,-2]],[[26106,32778],[11,-5]],[[26117,32773],[18,3]],[[26135,32776],[9,-3]],[[26144,32773],[7,-2]],[[26151,32771],[10,-3]],[[26161,32768],[7,-6]],[[26168,32762],[8,2]],[[26176,32764],[2,1]],[[26178,32765],[3,-13]],[[26181,32752],[0,-23]],[[26181,32729],[0,-16]],[[26181,32713],[1,-79]],[[26182,32634],[3,-281]],[[26185,32353],[0,-11]],[[26185,32342],[0,-7]],[[26185,32335],[0,-7]],[[26185,32328],[0,-14]],[[26185,32314],[0,-9]],[[26185,32305],[0,-26]],[[26185,32279],[88,3],[0,-23],[87,6],[1,-22],[-28,-2],[1,-23],[49,2],[8,-19],[3,-72],[55,1],[0,-90],[236,0],[25,-1],[6,-91],[85,-3],[233,0],[0,116],[11,13],[115,-1],[33,-12],[38,-82],[24,-38],[39,-48],[258,-2],[1,28],[40,-4],[4,24],[-44,-3],[0,90],[9,4],[1,42],[-9,21]],[[27554,32093],[45,3],[13,-23],[53,1],[22,-7],[-2,-79],[26,-6],[105,-1],[-1,-104],[-30,-4],[8,-27],[26,-41],[18,-5],[0,-45],[21,0],[0,-46],[22,-44]],[[27918,31664],[-18,-29],[8,-67],[-29,1],[-34,19]],[[27771,31557],[-57,-28],[-31,1],[0,56],[-7,2],[-113,0],[-15,2],[-2,22],[-23,33],[-31,15],[0,51],[-53,0]],[[27421,31711],[-1,-355],[12,-16],[-18,-11],[5,-16],[-1,-115],[107,-2],[16,-5],[37,3],[-6,-38],[14,-83],[-3,-17],[-38,-65],[-14,-32],[-26,-96],[-1,-165],[-5,-16],[-29,-49]],[[27470,30633],[34,0]],[[27504,30633],[0,-4]],[[27504,30629],[-1,-99]],[[27503,30530],[-1,-243]],[[27502,30287],[7,-1]],[[27509,30286],[1,-142]],[[27510,30144],[0,-6]],[[27510,30138],[0,-11]],[[27510,30127],[0,-7]],[[27510,30120],[0,-10]],[[27510,30110],[0,-4]],[[27510,30106],[-1,-69]],[[27509,30037],[0,-8]],[[27509,30029],[0,-8]],[[27509,30021],[0,-3]],[[27509,30018],[0,-18]],[[27509,30000],[0,-1]],[[27509,29999],[0,-6]],[[27509,29993],[1,-108]],[[27510,29885],[0,-4]],[[27510,29881],[0,-6]],[[27510,29875],[0,-8]],[[27510,29867],[0,-11]],[[27510,29856],[0,-3]],[[27510,29853],[1,-177]],[[27511,29676],[0,-26]],[[27511,29650],[0,-35]],[[27511,29615],[0,-25]],[[27511,29590],[0,-7]],[[27511,29583],[1,-81]],[[27512,29502],[2,-143]],[[27514,29359],[3,-143]],[[27517,29216],[1,-48]],[[27518,29168],[0,-2]],[[27518,29166],[3,-126]],[[27521,29040],[-1,-22]],[[27521,28968],[-99,-1]],[[27422,28967],[-1,0]],[[27421,28967],[-1,0]],[[27420,28967],[-85,-1]],[[27335,28966],[-7,0]],[[27328,28966],[-76,-1]],[[27252,28965],[-5,0]],[[27247,28965],[-10,0]],[[27237,28965],[-1,0]],[[27236,28965],[-7,0]],[[27229,28965],[-4,0]],[[27225,28965],[-3,0]],[[27222,28965],[-97,-1]],[[27125,28964],[-184,-2]],[[26941,28962],[-3,1]],[[26938,28963],[-64,-1]],[[26874,28962],[-7,0]],[[26867,28962],[-38,0]],[[26829,28962],[1,-198]],[[26830,28764],[0,-8]],[[26830,28756],[0,-8]],[[26830,28748],[0,-9]],[[26830,28739],[0,-31]],[[26830,28708],[0,-10]],[[26830,28698],[0,-12]],[[26830,28686],[0,-25]],[[26830,28661],[0,-32]],[[26830,28629],[0,-6]],[[26830,28623],[0,-21]],[[26830,28602],[-1,-39]],[[26829,28563],[-5,-118]],[[26824,28445],[1,-110]],[[26825,28335],[3,-357]],[[26828,27978],[0,-10]],[[26828,27968],[-2,-39]],[[26826,27929],[0,-1]],[[26826,27928],[-1,-10]],[[26825,27918],[0,-5]],[[2482,39984],[-3,-13]],[[2479,39971],[-12,-3]],[[2467,39968],[-17,-16]],[[2450,39952],[-9,1]],[[2441,39953],[-15,15]],[[2426,39968],[-12,4]],[[2414,39972],[-1,-12]],[[2413,39960],[11,-21]],[[2424,39939],[-5,-16]],[[2419,39923],[-9,-7]],[[2410,39916],[-16,-9]],[[2394,39907],[-3,-2]],[[2391,39905],[-2,-2]],[[2389,39903],[-2,-1]],[[2387,39902],[-20,-12]],[[2355,39879],[-6,-16]],[[2349,39863],[-5,-14]],[[2344,39849],[-14,-7]],[[2330,39842],[-18,7]],[[2303,39848],[-12,-15]],[[2291,39833],[-1,-1]],[[2290,39832],[-13,-9]],[[2277,39823],[-8,-11]],[[2262,39807],[-22,-7]],[[2240,39800],[-21,-11]],[[2219,39789],[3,-21]],[[2222,39768],[-4,-9]],[[2218,39759],[-2,0]],[[2216,39759],[-3,-1]],[[2213,39758],[-11,6]],[[2202,39764],[-11,6]],[[2191,39770],[-28,-10]],[[2163,39760],[-21,-7]],[[2142,39753],[-12,9]],[[2130,39762],[-5,6]],[[2125,39768],[-2,2]],[[2123,39770],[0,8]],[[2123,39778],[7,13]],[[2130,39791],[-8,7]],[[2122,39798],[-8,-5]],[[2114,39793],[-15,-22]],[[2099,39771],[-4,-3]],[[2095,39768],[-5,-4]],[[2090,39764],[-15,-6]],[[2075,39758],[-8,-3]],[[2067,39755],[4,-12]],[[2071,39743],[15,-8]],[[2086,39735],[-7,-16]],[[2077,39705],[-12,-12]],[[2065,39693],[6,-13]],[[2071,39680],[-8,-8]],[[2063,39672],[-12,-4]],[[2051,39668],[-4,-8]],[[2047,39660],[-2,-20]],[[2045,39640],[-13,-5]],[[2032,39635],[-12,14]],[[2020,39649],[-5,-2]],[[2015,39647],[-2,-8]],[[2013,39639],[8,-17]],[[2021,39622],[0,-7]],[[2021,39615],[-12,-11]],[[2009,39604],[-13,-33]],[[1993,39568],[-18,3]],[[1975,39571],[-5,24]],[[1970,39595],[-7,-2]],[[1963,39593],[-9,-24]],[[1954,39569],[-8,-3]],[[1946,39566],[-3,7]],[[1945,39585],[-4,6]],[[1941,39591],[-9,-1]],[[1932,39590],[-7,-6]],[[1925,39584],[-10,-9]],[[1915,39575],[-17,-2]],[[1898,39573],[-10,-11]],[[1888,39562],[3,-19]],[[1891,39543],[-7,-7]],[[1871,39536],[-16,-7]],[[1855,39529],[-11,0]],[[1844,39529],[-14,4]],[[1830,39528],[18,-22]],[[1848,39506],[2,-14]],[[1850,39492],[-12,-7]],[[1838,39485],[-17,-3]],[[1821,39482],[0,-9]],[[1821,39473],[12,-4]],[[1833,39469],[11,4]],[[1844,39473],[6,-5]],[[1850,39468],[-2,-12]],[[1848,39456],[7,-16]],[[1855,39440],[-11,-11]],[[1844,39429],[-11,-4]],[[1833,39425],[-9,10]],[[1824,39435],[-10,-1]],[[1814,39434],[-3,-7]],[[1811,39427],[21,-20]],[[1832,39407],[6,-9]],[[1838,39398],[1,-12]],[[1839,39386],[-4,-41]],[[1835,39345],[13,-11]],[[1848,39334],[2,-7]],[[1850,39327],[-2,-7]],[[1848,39320],[-5,-19]],[[1839,39298],[-18,-4]],[[1821,39294],[-23,-12]],[[1798,39282],[-5,-2]],[[1793,39280],[-5,-7]],[[1788,39273],[-18,-13]],[[1770,39260],[-1,-5]],[[1769,39255],[10,-7]],[[1779,39248],[0,-5]],[[1779,39243],[-9,-4]],[[1770,39239],[-2,-1]],[[1768,39238],[0,-5]],[[1768,39233],[0,-8]],[[1768,39225],[-4,-5]],[[1764,39220],[1,-8]],[[1765,39212],[9,-4]],[[1774,39208],[1,-7]],[[1775,39201],[-7,-13]],[[1757,39178],[-4,-8]],[[1753,39170],[0,-20]],[[1753,39150],[-19,-3]],[[1734,39147],[-8,5]],[[1726,39152],[-7,4]],[[1719,39156],[-6,-4]],[[1713,39152],[0,-14]],[[1713,39138],[-5,-10]],[[1708,39128],[2,-11]],[[1710,39117],[-3,-14]],[[1707,39103],[-1,-6]],[[1706,39097],[-4,-7]],[[1702,39090],[-14,-31]],[[1690,39050],[11,-3]],[[1701,39047],[14,2]],[[1715,39049],[13,5]],[[1728,39054],[2,-10]],[[1730,39044],[-7,-7]],[[1723,39037],[-3,-13]],[[1720,39024],[7,-10]],[[1727,39014],[14,3]],[[1741,39017],[7,2]],[[1748,39019],[6,-10]],[[1754,39009],[-10,-5]],[[1743,38996],[8,-5]],[[1751,38991],[7,-4]],[[1758,38987],[4,-13]],[[1762,38974],[-2,-4]],[[1760,38970],[-12,-3]],[[1748,38967],[0,-7]],[[1748,38960],[5,-9]],[[1753,38951],[0,-5]],[[1753,38946],[0,-15]],[[1753,38931],[7,0]],[[1760,38931],[10,-4]],[[1770,38927],[8,-19]],[[1778,38908],[-3,-22]],[[1775,38886],[0,-24]],[[1778,38851],[17,-15]],[[1795,38836],[3,-2]],[[1798,38834],[2,-7]],[[1800,38827],[-7,-8]],[[1793,38819],[-3,-2]],[[1790,38817],[-10,-6]],[[1780,38811],[-5,-25]],[[1775,38786],[-10,-20]],[[1765,38766],[-10,1]],[[1755,38767],[-8,1]],[[1747,38768],[-2,-5]],[[1745,38763],[-1,-3]],[[1744,38760],[-2,-6]],[[1742,38754],[-9,-5]],[[1733,38749],[-2,-37]],[[1731,38712],[10,-2]],[[1741,38710],[4,-1]],[[1745,38709],[6,-12]],[[1751,38697],[-1,-4]],[[1750,38693],[-12,-3]],[[1738,38690],[-1,2]],[[1737,38692],[-2,4]],[[1735,38696],[-5,7]],[[1730,38703],[-9,-2]],[[1721,38701],[-10,-9]],[[1711,38692],[7,-6]],[[1718,38686],[8,1]],[[1726,38687],[4,1]],[[1730,38688],[2,-9]],[[1732,38679],[-9,1]],[[1723,38680],[-12,-6]],[[1711,38674],[-12,0]],[[1699,38674],[-4,-6]],[[1695,38668],[6,-12]],[[1701,38656],[10,-6]],[[1711,38650],[2,-13]],[[1713,38637],[-4,-12]],[[1709,38625],[6,-16]],[[1715,38609],[8,2]],[[1723,38611],[5,8]],[[1728,38619],[3,-1]],[[1731,38618],[3,-1]],[[1734,38617],[-2,-8]],[[1732,38609],[-10,-5]],[[1722,38604],[-14,-13]],[[1708,38591],[-2,-8]],[[1706,38583],[2,-2]],[[1708,38581],[5,-5]],[[1713,38576],[18,-3]],[[1731,38573],[6,-21]],[[1737,38552],[1,-2]],[[1738,38550],[0,-3]],[[1739,38545],[7,0]],[[1748,38547],[0,2]],[[1748,38549],[3,5]],[[1751,38554],[6,3]],[[1757,38557],[6,-9]],[[1763,38548],[0,-12]],[[1763,38536],[-4,-4]],[[1759,38532],[-7,5]],[[1752,38537],[-7,-6]],[[1745,38531],[-3,1]],[[1742,38532],[-5,2]],[[1737,38534],[-1,-5]],[[1736,38529],[-1,-10]],[[1735,38519],[-1,-3]],[[1734,38516],[6,-4]],[[1740,38512],[11,2]],[[1751,38514],[-11,-16]],[[1740,38498],[-5,5]],[[1735,38503],[-5,5]],[[1730,38508],[-8,-5]],[[1722,38503],[2,-16]],[[1724,38487],[4,-2]],[[1728,38485],[1,-1]],[[1729,38484],[2,-1]],[[1731,38483],[-8,-12]],[[1723,38471],[-6,1]],[[1717,38472],[-2,1]],[[1715,38473],[-3,-6]],[[1712,38467],[-4,-6]],[[1708,38461],[-1,-2]],[[1707,38459],[-1,-6]],[[1706,38453],[1,-3]],[[1707,38450],[3,-10]],[[1710,38440],[-3,-10]],[[1707,38430],[6,-7]],[[1713,38423],[6,-5]],[[1719,38418],[-14,-7]],[[1705,38411],[-2,-6]],[[1703,38405],[1,-1]],[[1704,38404],[7,-6]],[[1711,38398],[-5,-8]],[[1706,38390],[-3,3]],[[1703,38393],[-2,2]],[[1701,38395],[-5,-4]],[[1696,38391],[4,-10]],[[1700,38381],[2,-7]],[[1702,38374],[-7,-3]],[[1695,38371],[3,-6]],[[1698,38365],[-2,-10]],[[1696,38355],[10,-24]],[[1706,38331],[4,-9]],[[1710,38322],[7,-16]],[[1717,38306],[19,-21]],[[1736,38285],[9,-7]],[[1745,38278],[9,-6]],[[1754,38272],[-3,-6]],[[1751,38266],[-4,-6]],[[1747,38260],[15,3]],[[1762,38263],[9,-2]],[[1771,38261],[1,-9]],[[1772,38252],[1,-3]],[[1773,38249],[5,0]],[[1778,38249],[11,1]],[[1789,38250],[-1,11]],[[1788,38261],[-8,5]],[[1780,38266],[4,3]],[[1784,38269],[9,1]],[[1793,38270],[8,-3]],[[1801,38267],[-1,-4]],[[1800,38263],[-1,-8]],[[1799,38255],[5,-1]],[[1804,38254],[8,10]],[[1812,38264],[2,2]],[[1814,38266],[2,3]],[[1816,38269],[5,0]],[[1821,38269],[6,-10]],[[1827,38259],[16,2]],[[1843,38261],[5,1]],[[1848,38262],[14,-2]],[[1862,38260],[11,-18]],[[1873,38242],[12,-5]],[[1885,38237],[-1,-5]],[[1884,38232],[-2,-9]],[[1882,38223],[12,3]],[[1894,38226],[0,7]],[[1894,38233],[-1,8]],[[1893,38241],[10,6]],[[1903,38247],[5,-7]],[[1908,38240],[-5,-9]],[[1903,38231],[3,-7]],[[1906,38224],[12,-4]],[[1918,38220],[4,-8]],[[1922,38212],[2,-7]],[[1924,38205],[1,-12]],[[1925,38193],[2,-14]],[[1927,38179],[-10,-13]],[[1917,38166],[0,-6]],[[1917,38160],[3,-2]],[[1920,38158],[9,-4]],[[1929,38154],[2,-8]],[[1931,38146],[-7,-8]],[[1924,38138],[-18,5]],[[1906,38143],[-3,-11]],[[1903,38132],[4,-10]],[[1907,38122],[3,-8]],[[1910,38114],[-7,-11]],[[1903,38103],[-1,-3]],[[1902,38100],[6,2]],[[1908,38102],[3,1]],[[1911,38103],[7,-6]],[[1918,38097],[-1,-10]],[[1917,38087],[12,-12]],[[1929,38075],[12,-3]],[[1941,38072],[2,-6]],[[1943,38066],[-2,-3]],[[1941,38063],[-8,-8]],[[1933,38055],[8,-5]],[[1941,38050],[-10,-30]],[[1931,38020],[-5,-8]],[[1926,38012],[-1,-5]],[[1925,38007],[3,0]],[[1928,38007],[9,-2]],[[1937,38005],[2,-10]],[[1939,37995],[-10,-15]],[[1929,37980],[7,-8]],[[1936,37972],[1,-8]],[[1937,37964],[0,-8]],[[1937,37956],[2,-15]],[[1939,37941],[-3,-18]],[[1936,37923],[4,-2]],[[1940,37921],[8,-4]],[[1948,37917],[1,-13]],[[1949,37904],[-7,-13]],[[1942,37891],[-4,-8]],[[1938,37883],[9,-8]],[[1947,37875],[2,-4]],[[1949,37871],[3,-24]],[[1952,37847],[-5,-8]],[[1947,37839],[1,-16]],[[1948,37823],[5,-11]],[[1953,37812],[11,-8]],[[1964,37804],[3,-23]],[[1967,37781],[9,-24]],[[1976,37757],[8,-10]],[[1984,37747],[5,-7]],[[1989,37740],[0,-6]],[[1989,37734],[-9,-5]],[[1980,37729],[-1,-10]],[[1979,37719],[0,-5]],[[1979,37714],[-5,-7]],[[1974,37707],[3,-2]],[[1977,37705],[4,-2]],[[1981,37703],[7,-5]],[[1988,37698],[1,-3]],[[1989,37695],[3,-12]],[[1992,37683],[12,-1]],[[2004,37682],[9,-6]],[[2013,37676],[1,-6]],[[2014,37670],[-1,-4]],[[2013,37666],[-12,1]],[[2001,37667],[-9,0]],[[1992,37667],[-2,-4]],[[1990,37663],[-2,-3]],[[1988,37660],[-2,-4]],[[1986,37656],[-13,-1]],[[1973,37655],[-5,-8]],[[1968,37647],[2,-1]],[[1970,37646],[1,0]],[[1971,37646],[3,-1]],[[1974,37645],[4,-7]],[[1978,37638],[1,-3]],[[1979,37635],[0,-9]],[[1979,37626],[1,-1]],[[1980,37625],[7,-12]],[[1987,37613],[-1,-5]],[[1986,37608],[-12,-12]],[[1974,37596],[4,-4]],[[1978,37592],[14,-1]],[[1992,37591],[13,-15]],[[2005,37576],[7,-3]],[[2012,37573],[7,-3]],[[2019,37570],[7,-12]],[[2026,37558],[0,1]],[[2026,37559],[4,5]],[[2030,37564],[18,-6]],[[2048,37558],[9,-22]],[[2057,37536],[-6,-6]],[[2051,37530],[-1,-1]],[[2050,37529],[-7,-6]],[[2043,37523],[0,-14]],[[2043,37509],[14,-5]],[[2057,37504],[7,0]],[[2064,37504],[11,-9]],[[2075,37495],[5,2]],[[2080,37497],[15,4]],[[2095,37501],[10,-5]],[[2105,37496],[3,-8]],[[2108,37488],[0,-6]],[[2108,37482],[-1,-12]],[[2107,37470],[13,-7]],[[2120,37463],[7,-3]],[[2127,37460],[-1,-7]],[[2126,37453],[-8,-4]],[[2118,37449],[-1,-8]],[[2117,37441],[5,-6]],[[2122,37435],[3,-3]],[[2125,37432],[6,-4]],[[2131,37428],[10,-7]],[[2141,37421],[7,-5]],[[2148,37416],[7,-9]],[[2155,37407],[8,-36]],[[2163,37371],[4,-18]],[[2167,37353],[14,-24]],[[2181,37329],[10,-17]],[[2191,37312],[7,-12]],[[2201,37296],[13,-18]],[[2214,37278],[10,-18]],[[2224,37260],[12,-14]],[[2236,37246],[11,-6]],[[2247,37240],[24,-7]],[[2271,37233],[14,-6]],[[2285,37227],[9,-8]],[[2294,37219],[8,-8]],[[2302,37211],[10,-5]],[[2312,37206],[3,0]],[[2341,37206],[38,-18]],[[2379,37188],[15,-7]],[[2394,37181],[107,-34]],[[2512,37139],[17,-17]],[[2561,37071],[12,-18]],[[2586,37026],[-64,-53],[-73,-52],[-12,-3],[-49,16],[-3,26],[-16,-1],[-4,13],[-25,-7],[0,-45],[-61,1],[-5,-23],[-18,1],[-1,-22],[-38,-7],[-47,1],[-5,-34],[-24,-2],[17,-24],[7,-22],[-10,-34],[-1,-15],[-16,-8],[6,-29],[-7,-17],[5,-23],[-6,-14],[-16,5],[-43,-36],[1,-52],[-25,1],[-64,-21],[-24,-23],[-18,-9],[-108,-32],[-112,0],[-36,8],[-22,13],[-34,-8],[-5,53],[-78,25],[-143,-37]],[[17877,36170],[11,-7],[1,-27],[38,0],[0,-43],[88,-1],[-1,-134],[354,-1],[1,136],[37,11],[311,-3],[6,-1]],[[18723,36100],[2,33]],[[18725,36133],[3,233]],[[18728,36366],[6,-2],[96,-56],[34,-9],[350,36],[86,10],[45,11],[61,4],[108,-6],[60,4],[130,-47],[26,-13],[100,-65],[23,-12],[115,-16],[39,-10],[92,-43],[38,-49]],[[20137,36103],[0,-4]],[[20137,36099],[2,-10]],[[20139,36089],[-8,-21]],[[20131,36068],[2,-4]],[[20133,36064],[2,-3]],[[20135,36061],[4,-7]],[[20139,36054],[2,-15]],[[20141,36039],[2,-14]],[[20143,36025],[7,-10]],[[20150,36015],[2,-19]],[[20152,35996],[0,-1]],[[20152,35995],[-5,-11]],[[20147,35984],[0,-1]],[[20147,35983],[-9,-6]],[[20138,35977],[-4,-8]],[[20134,35969],[3,-2]],[[20137,35967],[9,-1]],[[20146,35966],[13,-2]],[[20159,35964],[4,-2]],[[20163,35962],[11,-3]],[[20174,35959],[4,-1]],[[20178,35958],[-1,-4]],[[20177,35954],[-1,-1]],[[20176,35953],[6,-12]],[[20182,35941],[2,-3]],[[20184,35938],[2,-3]],[[20186,35935],[3,-2]],[[20189,35933],[2,-3]],[[20191,35930],[-3,-4]],[[20188,35926],[-2,-2]],[[20186,35924],[2,-3]],[[20188,35921],[3,-4]],[[20191,35917],[2,-3]],[[20193,35914],[2,-3]],[[20195,35911],[1,-6]],[[20196,35905],[11,-6]],[[20207,35899],[0,-7]],[[20207,35892],[0,-4]],[[20207,35888],[2,-2]],[[20209,35886],[7,-8]],[[20216,35878],[3,-1]],[[20219,35877],[4,0]],[[20223,35877],[10,-7]],[[20233,35870],[8,-6]],[[20241,35864],[0,-3]],[[20241,35861],[-1,-5]],[[20240,35856],[0,-4]],[[20240,35852],[-1,-7]],[[20239,35845],[-1,-1]],[[20238,35844],[-4,-1]],[[20234,35843],[0,-2]],[[20234,35841],[-2,-5]],[[20232,35836],[-2,-5]],[[20230,35831],[2,-9]],[[20232,35822],[0,-3]],[[20232,35819],[-5,-4]],[[20227,35815],[-8,-6]],[[20219,35809],[1,-5]],[[20220,35804],[-6,-15]],[[20214,35789],[-1,-2]],[[20213,35787],[-12,1]],[[20201,35788],[-3,-1]],[[20198,35787],[-3,-2]],[[20195,35785],[-7,-3]],[[20188,35782],[-2,-2]],[[20186,35780],[-2,-2]],[[20184,35778],[-2,-4]],[[20182,35774],[-1,0]],[[20181,35774],[-2,3]],[[20179,35777],[0,1]],[[20179,35778],[-4,-5]],[[20175,35773],[-4,-5]],[[20171,35768],[-4,-4]],[[20167,35764],[0,-1]],[[20167,35763],[-2,1]],[[20165,35764],[-5,1]],[[20160,35765],[-2,1]],[[20158,35766],[-15,0]],[[20143,35766],[-1,1]],[[20142,35767],[-3,4]],[[20139,35771],[-5,6]],[[20134,35777],[-6,1]],[[20128,35778],[-12,3]],[[20116,35781],[-1,1]],[[20115,35782],[-3,-3]],[[20112,35779],[-2,-3]],[[20110,35776],[-2,0]],[[20108,35776],[-3,1]],[[20105,35777],[-6,0]],[[20099,35777],[-2,0]],[[20097,35777],[-6,-3]],[[20091,35774],[-2,-5]],[[20089,35769],[-1,-5]],[[20088,35764],[-1,-3]],[[20087,35761],[-1,0]],[[20086,35761],[-2,-1]],[[20084,35760],[-4,-2]],[[20080,35758],[-6,-4]],[[20074,35754],[-7,-4]],[[20067,35750],[-1,0]],[[20066,35750],[3,-12]],[[20069,35738],[-2,-6]],[[20067,35732],[-1,-7]],[[20066,35725],[-7,-11]],[[20059,35714],[15,-9]],[[20074,35705],[1,-1]],[[20075,35704],[3,-9]],[[20078,35695],[-5,-2]],[[20073,35693],[-6,-3]],[[20067,35690],[199,0]],[[20266,35690],[342,0]],[[20608,35690],[35,1]],[[20643,35691],[14,-1]],[[20657,35690],[334,3]],[[20991,35693],[40,0]],[[21031,35693],[1,0]],[[21032,35693],[59,-1]],[[21091,35692],[205,-2]],[[21296,35690],[40,2]],[[21336,35692],[188,1]],[[21524,35693],[392,1]],[[21916,35694],[-3,-271]],[[21913,35423],[8,0]],[[21921,35423],[173,-1]],[[22094,35422],[6,0]],[[22100,35422],[18,4]],[[22118,35426],[16,0]],[[22134,35426],[316,-2]],[[22450,35424],[62,0]],[[22512,35424],[381,-1]],[[22893,35423],[16,-1]],[[22909,35422],[71,1]],[[22980,35423],[88,0]],[[23068,35423],[13,2]],[[23081,35425],[7,0]],[[23088,35425],[35,-1]],[[23123,35424],[13,7]],[[23136,35431],[0,8]],[[23136,35439],[-9,13]],[[23127,35452],[-8,11]],[[23119,35463],[1,9]],[[23120,35472],[18,37]],[[23138,35509],[5,13]],[[23143,35522],[5,12]],[[23148,35534],[15,34]],[[23163,35568],[0,24]],[[23163,35592],[-7,13]],[[23156,35605],[0,14]],[[23156,35619],[23,40]],[[23179,35659],[20,21]],[[23199,35680],[13,8]],[[23212,35688],[21,10]],[[23233,35698],[28,13]],[[23261,35711],[6,6]],[[23267,35717],[9,20]],[[23276,35737],[2,5]],[[23278,35742],[-2,12]],[[23254,35791],[2,17]],[[23256,35808],[3,6]],[[23259,35814],[7,13]],[[23266,35827],[18,23]],[[23284,35850],[4,10]],[[23288,35860],[-6,19]],[[23282,35879],[-6,10]],[[23276,35889],[-3,5]],[[23273,35894],[-4,28]],[[23269,35922],[-6,20]],[[23263,35942],[1,10]],[[23264,35952],[5,10]],[[23269,35962],[15,19]],[[23284,35981],[20,4]],[[23304,35985],[9,-1]],[[23313,35984],[10,-6]],[[23323,35978],[7,-11]],[[23330,35967],[9,0]],[[23339,35967],[25,10]],[[23376,35984],[6,11]],[[23382,35995],[-10,13]],[[23372,36008],[-8,16]],[[23364,36024],[0,11]],[[23364,36035],[0,2]],[[23364,36037],[5,15]],[[23369,36052],[3,10]],[[23372,36062],[-1,12]],[[23371,36074],[-4,13]],[[23367,36087],[0,26]],[[23367,36113],[1,13]],[[23368,36126],[3,7]],[[23371,36133],[12,9]],[[23383,36142],[3,3]],[[23386,36145],[16,13]],[[23402,36158],[5,5]],[[23407,36163],[26,14]],[[23433,36177],[13,11]],[[23446,36188],[12,2]],[[23458,36190],[4,0]],[[23462,36190],[3,0]],[[23465,36190],[18,5]],[[23483,36195],[-5,22]],[[23478,36217],[-1,4]],[[23477,36221],[-10,13]],[[23467,36234],[-1,-1]],[[23466,36233],[-8,-2]],[[23458,36231],[-12,7]],[[23446,36238],[-2,6]],[[23444,36244],[4,13]],[[23448,36257],[13,10]],[[23461,36267],[2,9]],[[23463,36276],[-2,1]],[[23461,36277],[-8,8]],[[23453,36285],[-7,14]],[[23446,36299],[-2,8]],[[23444,36307],[-1,5]],[[23443,36312],[0,1]],[[23443,36313],[-9,24]],[[23434,36337],[0,5]],[[23434,36342],[1,7]],[[23435,36349],[-16,7]],[[23419,36356],[-11,5]],[[23408,36361],[-8,5]],[[23400,36366],[-13,4]],[[23387,36370],[-17,10]],[[23370,36380],[-13,11]],[[23357,36391],[-9,-3]],[[23348,36388],[-10,-4]],[[23338,36384],[-30,-6]],[[23308,36378],[-1,-7]],[[23307,36371],[-3,-10]],[[23304,36361],[-6,0]],[[23298,36361],[-5,6]],[[23293,36367],[-3,16]],[[23290,36383],[0,2]],[[23290,36385],[0,12]],[[23290,36397],[1,9]],[[23291,36406],[-11,10]],[[23280,36416],[-8,4]],[[23272,36420],[-15,-6]],[[23257,36414],[-3,-8]],[[23254,36406],[-4,-7]],[[23250,36399],[-10,3]],[[23240,36402],[-15,21]],[[23225,36423],[-1,2]],[[23224,36425],[-10,6]],[[23214,36431],[-1,1]],[[23213,36432],[2,13]],[[23215,36445],[11,-2]],[[23226,36443],[2,0]],[[23228,36443],[4,3]],[[23232,36446],[0,12]],[[23232,36458],[0,2]],[[23232,36460],[-4,14]],[[23228,36474],[-1,3]],[[23227,36477],[-5,17]],[[23222,36494],[-8,13]],[[23214,36507],[0,7]],[[23214,36514],[1,1]],[[23215,36515],[0,1]],[[23215,36516],[1,0]],[[23216,36516],[8,12]],[[23224,36528],[0,2]],[[23224,36530],[2,5]],[[23226,36535],[-5,17]],[[23221,36552],[1,6]],[[23222,36558],[9,14]],[[23231,36572],[4,2]],[[23235,36574],[3,1]],[[23238,36575],[-1,10]],[[23237,36585],[-10,4]],[[23227,36589],[-8,-1]],[[23219,36588],[-2,0]],[[23217,36588],[-6,6]],[[23211,36594],[-1,14]],[[23210,36608],[8,12]],[[23218,36620],[1,1]],[[23219,36621],[11,6]],[[23230,36627],[7,4]],[[23237,36631],[-6,17]],[[23231,36648],[-2,3]],[[23229,36651],[-2,18]],[[23227,36669],[8,9]],[[23235,36678],[1,1]],[[23236,36679],[0,4]],[[23236,36683],[-11,0]],[[23225,36683],[-4,0]],[[23221,36683],[-5,0]],[[23216,36683],[-1,0]],[[23215,36683],[-6,4]],[[23209,36687],[-1,0]],[[23208,36687],[-12,17]],[[23196,36704],[-1,1]],[[23195,36705],[-1,1]],[[23194,36706],[-6,4]],[[23188,36710],[-10,4]],[[23178,36714],[-1,1]],[[23177,36715],[-14,5]],[[23163,36720],[-2,0]],[[23161,36720],[-20,5]],[[23141,36725],[-1,0]],[[23140,36725],[-2,1]],[[23138,36726],[-6,4]],[[23132,36730],[-8,5]],[[23124,36735],[-2,0]],[[23122,36735],[-8,1]],[[23114,36736],[-13,1]],[[23101,36737],[0,15]],[[23101,36752],[5,10]],[[23106,36762],[4,7]],[[23110,36769],[-10,4]],[[23100,36773],[-1,5]],[[23099,36778],[0,6]],[[23099,36784],[2,10]],[[23101,36794],[0,1]],[[23101,36795],[-1,4]],[[23100,36799],[-1,7]],[[23099,36806],[2,16]],[[23101,36822],[2,12]],[[23103,36834],[-1,1]],[[23102,36835],[-1,1]],[[23101,36836],[-2,6]],[[23099,36842],[-6,13]],[[23093,36855],[5,6]],[[23098,36861],[7,-2]],[[23105,36859],[10,4]],[[23115,36863],[1,7]],[[23116,36870],[-7,14]],[[23109,36884],[-1,2]],[[23108,36886],[-1,14]],[[23107,36900],[-2,13]],[[23105,36913],[0,4]],[[23105,36917],[6,10]],[[23111,36927],[5,8]],[[23116,36935],[1,6]],[[23117,36941],[-4,5]],[[23113,36946],[-15,25]],[[23098,36971],[-5,5]],[[23093,36976],[-6,5]],[[23087,36981],[5,2]],[[23092,36983],[7,5]],[[23099,36988],[4,9]],[[23103,36997],[3,9]],[[23106,37006],[12,-9]],[[23118,36997],[4,0]],[[23122,36997],[3,18]],[[23125,37015],[-4,14]],[[23121,37029],[-6,21]],[[23115,37050],[-1,4]],[[23114,37054],[-7,6]],[[23107,37060],[-9,1]],[[23098,37061],[-1,8]],[[23097,37069],[-4,25]],[[23093,37094],[-3,3]],[[23090,37097],[-14,2]],[[23076,37099],[-1,0]],[[23075,37099],[-2,0]],[[23073,37099],[-1,1]],[[23072,37100],[-2,11]],[[23070,37111],[11,2]],[[23081,37113],[7,4]],[[23088,37117],[1,8]],[[23089,37125],[-1,2]],[[23088,37127],[-5,8]],[[23083,37135],[0,16]],[[23083,37151],[-2,7]],[[23081,37158],[-20,26]],[[23061,37184],[-2,2]],[[23059,37186],[-1,2]],[[23058,37188],[-14,20]],[[23044,37208],[-20,13]],[[23024,37221],[-6,4]],[[23018,37225],[-8,5]],[[23010,37230],[3,20]],[[23013,37250],[2,6]],[[23015,37256],[0,3]],[[23015,37259],[8,6]],[[23023,37265],[12,6]],[[23035,37271],[0,18]],[[23035,37289],[-4,4]],[[23031,37293],[0,1]],[[23031,37294],[-1,1]],[[23030,37295],[-2,9]],[[23028,37304],[-3,8]],[[23025,37312],[-8,5]],[[23017,37317],[-6,6]],[[23011,37323],[-1,0]],[[23010,37323],[-2,3]],[[23008,37326],[-4,4]],[[23004,37330],[-1,4]],[[23003,37334],[0,2]],[[23003,37336],[6,10]],[[23009,37346],[6,9]],[[23015,37355],[1,8]],[[23016,37363],[-10,21]],[[23006,37384],[-6,20]],[[23000,37404],[2,14]],[[23002,37418],[0,1]],[[23002,37419],[2,3]],[[23004,37422],[4,7]],[[23008,37429],[10,4]],[[23018,37433],[12,3]],[[23030,37436],[2,1]],[[23032,37437],[0,7]],[[23032,37444],[-1,5]],[[23031,37449],[-7,19]],[[23024,37468],[-1,3]],[[23023,37471],[0,1]],[[23023,37472],[-3,10]],[[23020,37482],[-1,3]],[[23019,37485],[-4,16]],[[23015,37501],[-2,3]],[[23013,37504],[-9,14]],[[23004,37518],[-3,10]],[[23001,37528],[-5,14]],[[22996,37542],[0,1]],[[22996,37543],[-11,18]],[[22985,37561],[-2,4]],[[22983,37565],[-5,9]],[[22978,37574],[-1,1]],[[22977,37575],[0,1]],[[22977,37576],[0,1]],[[22977,37577],[-4,12]],[[22973,37589],[5,15]],[[22978,37604],[0,11]],[[22978,37615],[-7,20]],[[22971,37635],[0,10]],[[22971,37645],[-5,14]],[[22966,37659],[-2,2]],[[22964,37661],[-7,5]],[[22957,37666],[-8,14]],[[22949,37680],[2,10]],[[22951,37690],[-19,9]],[[22932,37699],[-18,0]],[[22914,37699],[-17,-2]],[[22897,37697],[-9,-1]],[[22888,37696],[-3,0]],[[22885,37696],[-7,9]],[[22878,37705],[-6,2]],[[22872,37707],[-15,-5]],[[22857,37702],[-17,-1]],[[22840,37701],[-5,12]],[[22835,37713],[-4,9]],[[22831,37722],[-12,-1]],[[22819,37721],[-9,-1]],[[22810,37720],[-10,3]],[[22800,37723],[-6,-10]],[[22794,37713],[-15,7]],[[22779,37720],[-24,6]],[[22755,37726],[0,9]],[[26232,21804],[86,-1],[44,-3],[21,17],[108,26],[87,0]],[[26578,21843],[-2,-206],[-66,-22],[-44,-36],[-14,-20]],[[26452,21559],[-6,-8]],[[26446,21551],[0,-3]],[[26446,21548],[0,-1]],[[26446,21547],[-2,-26]],[[26444,21521],[99,-74],[39,-10],[77,-88],[16,-5],[96,0],[-2,-115],[14,-20],[62,1],[95,-4],[-1,-51],[43,26],[23,5],[43,1],[43,-1]],[[27091,21161],[11,0],[0,-32],[33,-1],[26,-6]],[[27189,21148],[17,1],[34,19],[29,0],[2,-11]],[[27271,21157],[28,23]],[[27299,21180],[15,-18],[-2,-54],[-13,-37],[-14,-86]],[[26094,25745],[192,1]],[[26286,25746],[450,3]],[[26736,25749],[1,0]],[[26737,25749],[9,0]],[[26746,25749],[63,0]],[[26809,25749],[165,0]],[[26974,25749],[68,-64],[-11,-28],[2,-30],[15,-64],[0,-87],[16,-35],[6,-23],[0,-65],[-21,-49],[1,-103],[6,-20],[54,-94],[7,-30],[2,-191],[5,-41],[-2,-25],[0,-86],[12,-71],[1,-90],[-12,-38],[-22,-33],[-3,-25],[28,-77],[2,-70],[-5,-17],[-28,-40],[-3,-18],[-1,-98]],[[27090,24137],[0,-42],[-5,-21],[-15,-18],[-167,-123],[-52,-52],[-15,-19]],[[26826,23851],[-22,-32],[-28,-94],[-1,-37],[-314,-1],[-22,5],[-21,-5],[-238,-2],[-21,-8],[-41,-2],[-26,-16],[4,-29],[-15,-17]],[[26081,23613],[-55,57],[-30,37],[-14,-17],[-13,-27],[-5,-24],[0,-44],[-72,1],[0,17]],[[32182,22339],[-24,-20],[-23,6],[-31,-9],[-45,-35],[-64,-104],[-16,-13],[-28,-2],[0,-23],[-8,-22],[-32,-6],[0,-33],[14,-13],[36,-6],[13,-13],[-3,-30],[-43,0],[0,-17],[44,0],[20,-26],[15,3],[0,-41],[-62,0],[-1,-67],[-22,1],[0,21],[-118,-1],[-1,52],[-15,-6],[-103,-1],[0,-23],[11,-2],[3,-20],[-14,-12],[-43,0],[0,-34],[-87,1],[-9,-3],[-54,95],[-5,19],[-69,1],[0,23],[-36,0],[0,24],[-22,0],[-1,22],[-86,0],[0,-22],[-22,0],[1,-47],[-43,0],[0,22],[-14,0],[-26,-21],[-1,-37],[17,-7],[12,-16],[-25,-27],[-12,17],[-57,-21],[-24,13],[-18,18],[-12,27],[-13,-15],[-43,0],[0,-11],[-66,-34],[-42,-3],[-1,35],[-21,2],[-11,-22],[0,-28],[18,-9],[-4,-11],[7,-36],[26,-23],[7,-20],[0,-42],[11,-37],[12,-11],[0,-29],[-33,3],[-30,-8],[2,-38]],[[30868,21587],[-29,19],[-18,28],[-17,5],[-11,23],[-216,-1],[6,-45],[-54,1],[-10,67],[-45,1],[0,22],[-22,0],[0,23],[22,0],[0,34],[19,3],[0,14],[-26,-10],[7,27],[0,67],[-11,23],[32,0],[-5,24]],[[30490,21912],[29,0],[13,61],[6,66],[-6,70],[-8,41],[-33,120],[-1,137],[-33,0],[-48,-10],[0,32],[-53,0],[-22,-14],[-1,37],[-64,0],[-1,66],[-130,1],[3,-5],[-1,-85],[-45,0],[-25,-20],[-55,-15],[-47,-41],[-31,-5],[-13,17],[1,42],[-144,0],[-1,53],[-4,15],[-32,-1],[-156,0],[-4,20],[-42,2],[0,23],[-195,-2]],[[27521,28968],[2,-1],[186,2],[-2,-11],[0,-165],[87,0],[-2,-249],[113,0],[2,-11],[38,-1],[0,34],[108,-1],[0,-84],[6,-15],[-5,-56],[-1,-114],[-1,-18],[2,-209],[-3,-3],[2,-99],[98,0],[-186,-215],[-161,-186]],[[28003,27391],[2,-12]],[[28005,27379],[8,-5]],[[28013,27374],[6,-13]],[[28019,27361],[5,-3]],[[28024,27358],[5,-4]],[[28029,27354],[9,-12]],[[28038,27342],[14,-1]],[[28052,27341],[5,-4]],[[28057,27337],[13,-10]],[[28070,27327],[10,-10]],[[28080,27317],[3,-14]],[[28083,27303],[6,-9]],[[28089,27294],[-1,-6]],[[28088,27288],[4,-13]],[[28092,27275],[-6,-20]],[[28086,27255],[4,-2]],[[28090,27253],[7,-4]],[[28097,27249],[8,-1]],[[28105,27248],[9,-6]],[[28117,27238],[3,-9]],[[28120,27229],[3,-9]],[[28123,27220],[1,-6]],[[28124,27214],[1,-18]],[[28125,27196],[9,-20]],[[28134,27176],[13,-15]],[[28147,27161],[1,-12]],[[28148,27149],[12,-21]],[[28160,27128],[-1,-8]],[[28159,27120],[-1,-11]],[[28158,27109],[10,-13]],[[28168,27096],[16,-13]],[[28184,27083],[1,-7]],[[28185,27076],[2,-11]],[[28187,27065],[3,-18]],[[28190,27047],[7,-9]],[[28197,27038],[0,-1]],[[28197,27037],[-7,-9]],[[28190,27028],[10,-14]],[[28200,27014],[4,-13]],[[28204,27001],[13,-9]],[[28217,26992],[5,-4]],[[28222,26988],[7,-7]],[[28229,26981],[6,-12]],[[28235,26969],[10,-11]],[[28245,26958],[12,-4]],[[28257,26954],[7,-3]],[[28264,26951],[7,-7]],[[28271,26944],[9,-9]],[[28280,26935],[5,-2]],[[28285,26933],[15,-14]],[[28300,26919],[10,-5]],[[28310,26914],[5,-5]],[[28315,26909],[7,-8]],[[28322,26901],[25,-10]],[[28347,26891],[10,-15]],[[28357,26876],[10,-1]],[[28367,26875],[4,-17]],[[28371,26858],[7,-13]],[[28378,26845],[6,-12]],[[28384,26833],[-3,-9]],[[28381,26824],[-3,-6]],[[28378,26818],[1,-5]],[[28379,26813],[17,-10]],[[28396,26803],[4,-10]],[[28400,26793],[-3,-11]],[[28397,26782],[3,-8]],[[28400,26774],[7,-6]],[[28407,26768],[9,-8]],[[28416,26760],[3,-4]],[[28419,26756],[4,-6]],[[28423,26750],[16,-8]],[[28439,26742],[3,-1]],[[28442,26741],[4,0]],[[28446,26741],[3,-2]],[[28449,26739],[18,-10]],[[28467,26729],[6,-3]],[[28473,26726],[5,-6]],[[28478,26720],[1,-1]],[[28479,26719],[6,-3]],[[28485,26716],[5,-2]],[[28490,26714],[6,-8]],[[28496,26706],[16,-21]],[[28512,26685],[7,-12]],[[28519,26673],[7,-9]],[[28526,26664],[8,-5]],[[28534,26659],[3,-1]],[[28537,26658],[8,-1]],[[28545,26657],[10,-10]],[[28555,26647],[1,-8]],[[28556,26639],[0,-5]],[[28556,26634],[8,-19]],[[28564,26615],[14,-11]],[[28578,26604],[20,-15]],[[28598,26589],[13,-2]],[[28611,26587],[8,-7]],[[28619,26580],[3,-3]],[[28622,26577],[15,-11]],[[28637,26566],[15,-2]],[[28652,26564],[7,-2]],[[28659,26562],[6,-3]],[[28665,26559],[12,-13]],[[28677,26546],[5,-12]],[[28682,26534],[-1,-29]],[[28681,26505],[4,-14]],[[28685,26491],[3,-9]],[[28688,26482],[1,-25]],[[28689,26457],[10,-18]],[[28699,26439],[0,-12]],[[28699,26427],[0,-7]],[[28702,26417],[4,-3]],[[28706,26414],[7,-3]],[[28713,26411],[9,-8]],[[28722,26403],[1,-1]],[[28723,26402],[25,-21]],[[28748,26381],[2,-1]],[[28750,26380],[2,-15]],[[28752,26365],[1,-7]],[[28753,26358],[0,-2]],[[28753,26356],[-1,-6]],[[28752,26350],[-6,-8]],[[28746,26342],[-2,-3]],[[28744,26339],[-4,-2]],[[28740,26337],[-9,-6]],[[28731,26331],[-2,-1]],[[28729,26330],[-11,-7]],[[28718,26323],[-3,-1]],[[28715,26322],[-9,0]],[[28706,26322],[0,-3]],[[28706,26319],[-1,-3]],[[28705,26316],[-1,-3]],[[28704,26313],[-30,-16]],[[28674,26297],[-14,-24]],[[28660,26273],[-8,-17]],[[28652,26256],[0,-18]],[[28652,26238],[0,-10]],[[28652,26228],[2,-6]],[[28654,26222],[12,-7]],[[28666,26215],[13,-2]],[[28679,26213],[5,-5]],[[28684,26208],[-1,-12]],[[28683,26196],[-3,-8]],[[28680,26188],[-2,-14]],[[28678,26174],[-15,-18]],[[28663,26156],[-17,-10]],[[28646,26146],[-4,1]],[[28642,26147],[-4,1]],[[28638,26148],[-8,2]],[[28630,26150],[-16,3]],[[28614,26153],[-5,-5]],[[28609,26148],[-13,-12]],[[28596,26136],[-14,3]],[[28582,26139],[-8,-5]],[[28574,26134],[-4,-2]],[[28570,26132],[-12,3]],[[28558,26135],[-6,-2]],[[28552,26133],[-4,-8]],[[28548,26125],[-14,-9]],[[28534,26116],[-2,-5]],[[28532,26111],[-3,-6]],[[28529,26105],[-2,-3]],[[28527,26102],[-1,-10]],[[28526,26092],[-2,-9]],[[28524,26083],[0,-2]],[[28524,26081],[-1,-2]],[[28523,26079],[-3,-4]],[[28520,26075],[-6,2]],[[28514,26077],[-9,3]],[[28505,26080],[-6,-3]],[[28499,26077],[-2,-18]],[[28497,26059],[-4,-5]],[[28493,26054],[-19,-13]],[[28462,26036],[-18,-20]],[[28444,26016],[-9,-3]],[[28435,26013],[-9,-8]],[[28426,26005],[-6,-17]],[[28420,25988],[-1,-16]],[[28419,25972],[-2,-2]],[[28417,25970],[-7,-7]],[[28410,25963],[-9,-6]],[[28401,25957],[-2,-1]],[[28399,25956],[-2,-4]],[[28397,25952],[-5,-9]],[[28392,25943],[-1,-3]],[[28391,25940],[-7,-6]],[[28384,25934],[-14,-5]],[[28370,25929],[-7,-10]],[[28363,25919],[-16,-20]],[[28347,25899],[-15,-10]],[[28332,25889],[-1,-24]],[[28331,25865],[-9,-15]],[[28322,25850],[0,-8]],[[28322,25842],[2,-3]],[[28324,25839],[4,-5]],[[28328,25834],[2,-2]],[[28330,25832],[3,-4]],[[28333,25828],[-10,-9]],[[28323,25819],[-1,-1]],[[28322,25818],[1,-6]],[[28323,25812],[9,-7]],[[28332,25805],[3,-14]],[[28335,25791],[-4,-6]],[[28331,25785],[-3,-4]],[[28328,25781],[-1,-5]],[[28327,25776],[0,-2]],[[28327,25774],[-2,-8]],[[28325,25766],[-1,-6]],[[28324,25760],[-15,-25]],[[28309,25735],[-3,-17]],[[28306,25718],[-8,-8]],[[28298,25710],[-4,-4]],[[28294,25706],[-5,-5]],[[28289,25701],[-14,-26]],[[28275,25675],[1,-10]],[[28276,25665],[1,-20]],[[28277,25645],[-2,-19]],[[28275,25626],[-2,-16]],[[28273,25610],[-6,-17]],[[28267,25593],[-8,-11]],[[28259,25582],[-4,-1]],[[28255,25581],[-3,0]],[[28252,25581],[-21,-3]],[[28231,25578],[-31,0]],[[28200,25578],[-14,0]],[[28186,25578],[-2,0]],[[28184,25578],[-185,-1]],[[27999,25577],[-54,0]],[[27945,25577],[-6,0]],[[27939,25577],[-189,-5]],[[27750,25572],[-305,-1]],[[27445,25571],[-1,23]],[[27444,25594],[-1,23]],[[27443,25617],[0,6]],[[27443,25623],[0,73]],[[27443,25696],[-1,54]],[[27442,25750],[-174,0]],[[27268,25750],[-66,0]],[[27202,25750],[-63,0]],[[27139,25750],[-58,-1]],[[27081,25749],[-107,0]],[[37887,7621],[15,-469],[49,2],[10,-13],[1,-27],[6,-6],[6,-43],[4,-139],[5,-53],[1,-136]],[[37903,6631],[3,-306]],[[37906,6325],[-257,-4],[0,12]],[[37649,6333],[-2,259],[-15,471],[2,34],[12,46],[2,32],[-5,93],[-11,353]],[[2587,37025],[33,-49]],[[2620,36976],[81,-88]],[[2701,36888],[-23,-74]],[[2678,36814],[-7,-18]],[[2671,36796],[-33,-86]],[[2637,36702],[-5,-32]],[[2632,36670],[-26,-106]],[[2596,36515],[86,11],[123,34],[16,-53],[88,-190],[28,-36],[29,0],[56,-8],[64,0],[87,7],[69,19],[131,63],[38,14],[44,29],[27,-69],[4,-26],[81,-1],[44,-8],[416,-5],[52,2],[22,7],[42,26],[31,12],[25,4],[149,-1],[47,1]],[[6556,39787],[-1,-115]],[[6555,39672],[0,-13]],[[6555,39659],[0,-150]],[[6555,39509],[-1,-93]],[[6554,39416],[-2,-182]],[[6548,39168],[-3,-250]],[[6545,38918],[-1,-81]],[[6544,38837],[-4,-346]],[[6540,38491],[-2,-35]],[[6538,38456],[0,-6]],[[6539,38438],[1,-121]],[[6540,38317],[-220,-66],[-31,-5],[-44,2],[-175,23],[-79,29],[-24,4],[-107,2],[-8,10],[12,27],[-10,35],[20,21],[-22,16],[-31,32],[-34,13],[2,32],[-45,10],[2,88],[-55,1],[1,90],[11,2],[0,31],[-11,12],[-24,0]],[[5682,38784],[-45,-12],[-20,12],[-56,16],[-17,20],[-17,9],[-24,28],[-21,38],[-48,-13],[-15,-12],[-7,-53],[-27,-25],[-12,-33],[-34,-28],[-21,-26],[-15,-8],[-14,-19],[-3,-15],[11,-28],[23,-21],[-7,-12],[13,-20],[8,-32],[-25,-29],[4,-29],[-14,-3],[1,-26],[13,-19],[-16,-33],[-7,-33],[-14,-33],[-39,6],[-3,-10],[-25,-11],[-13,-19],[-9,-32],[15,-6],[-14,-33]],[[5189,38239],[-53,4],[-166,-14],[-30,-6],[-192,-49],[-23,-8],[-202,-91],[-91,-28]],[[4432,38047],[0,-2]],[[4432,38045],[-1,-18]],[[4431,38027],[-1,-42]],[[4430,37985],[0,-31]],[[4430,37954],[0,-24]],[[4430,37930],[0,-12]],[[4430,37918],[-1,-2]],[[4429,37916],[-1,-56]],[[4428,37860],[-2,-109]],[[4426,37751],[0,-3]],[[6511,36197],[0,1]],[[6511,36198],[0,2]],[[6511,36200],[0,5]],[[6511,36205],[0,3]],[[6511,36208],[0,2]],[[6511,36210],[0,4]],[[6511,36214],[0,1]],[[6511,36215],[0,6]],[[6511,36221],[0,2]],[[6511,36223],[1,52]],[[6512,36275],[1,19]],[[6513,36294],[4,111]],[[6517,36405],[3,87]],[[6520,36492],[1,36]],[[6521,36528],[2,68]],[[6523,36596],[1,8]],[[6524,36604],[0,16]],[[6524,36620],[1,5]],[[6525,36625],[0,12]],[[6525,36637],[1,45]],[[6526,36682],[1,19]],[[6527,36701],[-1,2]],[[6526,36703],[0,13]],[[6526,36716],[4,146]],[[6530,36862],[0,2]],[[6532,36886],[1,178]],[[6533,37064],[1,227]],[[6534,37291],[1,16]],[[6535,37307],[1,24]],[[6536,37331],[0,10]],[[6536,37341],[0,12]],[[6536,37353],[0,11]],[[6536,37364],[3,284]],[[6539,37648],[-1,30]],[[6537,37691],[0,6]],[[6537,37697],[1,343]],[[6538,38040],[1,142]],[[6539,38182],[1,93]],[[6540,38275],[0,42]],[[11811,35056],[0,108]],[[11811,35164],[0,4]],[[11811,35168],[0,55]],[[11811,35223],[0,130]],[[11811,35353],[2,65]],[[11813,35418],[3,40]],[[11816,35458],[-1,246]],[[11815,35704],[1,10]],[[11816,35714],[0,11]],[[11816,35725],[2,52]],[[11818,35777],[0,295]],[[11818,36072],[0,23]],[[11818,36095],[0,5]],[[11818,36100],[-1,8]],[[11817,36108],[3,74]],[[11820,36182],[0,190]],[[11820,36372],[-2,19]],[[11818,36391],[2,29]],[[11820,36420],[6,22]],[[11826,36442],[2,42]],[[11828,36484],[-2,22]],[[11826,36506],[1,17]],[[11827,36523],[0,37]],[[11827,36560],[1,36]],[[11828,36596],[3,188]],[[11831,36784],[1,6]],[[11832,36790],[3,166]],[[11835,36956],[0,50]],[[11835,37006],[2,74]],[[11837,37080],[1,57]],[[11838,37137],[0,37]],[[11838,37174],[0,8]],[[11838,37182],[4,44]],[[11842,37226],[0,77]],[[11841,37317],[-4,0]],[[11837,37317],[-17,1]],[[11820,37318],[-246,4]],[[11574,37322],[-69,0]],[[11505,37322],[-23,-2]],[[11482,37320],[-46,1]],[[11436,37321],[-1,0]],[[11435,37321],[-129,1]],[[11306,37322],[-4,0]],[[11302,37322],[0,-6]],[[11302,37316],[0,-34]],[[11302,37282],[0,-228]],[[11302,37054],[1,-24]],[[11305,37024],[-1,-53]],[[11304,36971],[0,-7]],[[11303,36957],[-2,-49]],[[11299,36903],[3,-27]],[[11302,36876],[0,-20]],[[11302,36856],[-1,-27]],[[11299,36783],[-1,-56]],[[11298,36727],[-3,-62]],[[11295,36665],[1,-18]],[[11296,36647],[0,-8]],[[11296,36639],[0,-14]],[[11296,36625],[0,-6]],[[11296,36619],[0,-3]],[[11296,36616],[-1,-31]],[[11295,36585],[0,-39]],[[11295,36546],[0,-4]],[[11295,36542],[-1,-27]],[[11294,36515],[-251,1]],[[11043,36516],[-3,0]],[[11040,36516],[-14,1]],[[11026,36517],[-51,0]],[[10975,36517],[-35,0]],[[10863,36518],[-23,1]],[[10840,36519],[-36,0]],[[10804,36519],[-3,0]],[[10801,36519],[-112,2]],[[10689,36521],[-14,2]],[[10675,36523],[-204,1]],[[10471,36524],[-27,0]],[[10411,36525],[-44,3]],[[10353,36526],[-5,0]],[[10348,36526],[-4,0]],[[10344,36526],[-43,0]],[[10301,36526],[-38,0]],[[10263,36526],[-8,0]],[[10255,36526],[-6,0]],[[10247,36526],[-1,0]],[[10246,36526],[-5,0]],[[10241,36526],[-37,4]],[[10178,36528],[-370,3]],[[9808,36531],[-31,0]],[[9777,36531],[-5,0]],[[9772,36531],[-162,2]],[[9610,36533],[-21,0]],[[9589,36533],[-15,2]],[[9574,36535],[-51,7]],[[9523,36542],[-44,0]],[[9479,36542],[-63,-5]],[[9416,36537],[-45,0]],[[9371,36537],[-6,-3]],[[9365,36534],[-22,-10]],[[9343,36524],[-11,-8]],[[9332,36516],[-10,-21]],[[9322,36495],[-5,-16]],[[9317,36479],[-2,-20]],[[9303,36441],[-13,-17]],[[9290,36424],[-8,-16]],[[9282,36408],[-27,-27]],[[9255,36381],[-13,-8]],[[9242,36373],[-3,-6]],[[9239,36367],[-3,-4]],[[9236,36363],[-14,-4]],[[9222,36359],[-11,-9]],[[9211,36350],[-16,-1]],[[9195,36349],[-13,3]],[[9182,36352],[-3,-1]],[[9179,36351],[-9,-1]],[[9170,36350],[-1,0]],[[9169,36350],[-20,-3]],[[9149,36347],[-15,7]],[[9134,36354],[-3,-4]],[[9131,36350],[-3,-4]],[[9128,36346],[-12,-15]],[[9116,36331],[-19,-3]],[[9097,36328],[-6,-3]],[[9091,36325],[-5,-3]],[[9086,36322],[-22,15]],[[9064,36337],[-18,8]],[[9046,36345],[-9,20]],[[9037,36365],[-24,19]],[[9013,36384],[-13,3]],[[8983,36385],[-14,-16]],[[8969,36369],[-17,-8]],[[8915,36339],[-8,0]],[[8907,36339],[-19,-1]],[[8888,36338],[-9,11]],[[8879,36349],[-4,0]],[[8875,36349],[-4,0]],[[8871,36349],[-7,11]],[[8864,36360],[-12,3]],[[8852,36363],[-42,-7]],[[8802,36353],[-17,-1]],[[8785,36352],[-4,-9]],[[8781,36343],[6,-6]],[[8787,36337],[-2,-7]],[[8785,36330],[-11,-3]],[[8774,36327],[0,-3]],[[8774,36324],[0,-3]],[[8774,36321],[-2,0]],[[8772,36321],[-7,1]],[[8765,36322],[-21,-20]],[[8744,36302],[-9,-10]],[[8735,36292],[0,-9]],[[8735,36283],[-13,-7]],[[8722,36276],[1,-9]],[[8723,36267],[2,-6]],[[8725,36261],[-19,-7]],[[8706,36254],[-10,-16]],[[8696,36238],[-15,-2]],[[8681,36236],[-11,-7]],[[8670,36229],[-17,-2]],[[8653,36227],[-15,-7]],[[8638,36220],[1,-12]],[[8639,36208],[-11,-458]],[[8628,35750],[0,-9]],[[8628,35741],[1,-13]],[[8629,35728],[-5,-156]],[[8624,35572],[0,-7]],[[8624,35565],[0,-4]],[[8624,35561],[0,-8]],[[8624,35553],[0,-6]],[[8624,35547],[-1,-21]],[[8623,35526],[0,-6]],[[8623,35520],[0,-8]],[[8623,35512],[0,-7]],[[8623,35505],[-1,-27]],[[6510,36154],[0,8]],[[6510,36162],[0,22]],[[6510,36184],[1,11]],[[6511,36195],[0,1]],[[6511,36196],[0,1]],[[32675,36305],[-81,-102]],[[32487,36187],[-60,50]],[[32427,36237],[-106,1]],[[32235,36232],[-28,9]],[[32207,36241],[-127,-24]],[[32071,36198],[-70,-3]],[[32001,36195],[-22,1]],[[30944,36337],[-23,47],[-96,-1],[1,-21],[-41,47],[-13,0],[-29,-32],[-40,-24],[-1,-25],[-14,-15],[-31,0],[-15,-10],[-8,-38],[-11,-16],[-15,-7],[-89,0],[-23,-9],[-14,-29],[-1,-52],[5,-33],[-5,-36],[-1,-77],[-5,-22],[-17,-40],[0,-22],[-19,-39],[1,-158]],[[30440,35725],[-31,-4],[8,-22],[22,-27],[32,-18],[4,-23],[21,-36],[4,-53],[15,-34],[26,-43],[32,-13],[14,-22],[23,-10],[28,-32],[66,-34],[7,-9]],[[30711,35345],[-23,-15],[-28,-77],[-11,-55],[-42,-40],[-24,-87],[-28,-90]],[[27554,32093],[-44,-18],[0,87],[85,0],[2,23],[41,-1],[-41,54],[0,4],[-76,99],[0,52],[-30,2],[-1,35],[-13,12],[102,3],[105,-4],[14,-27],[64,-96],[30,56],[29,0],[12,-29],[16,-9],[28,-6],[32,-25],[47,1],[13,20],[27,-12],[92,1],[52,11],[34,11],[14,-127],[-1,-38],[17,6],[58,-16],[50,-4],[44,-27],[55,-4],[62,-26],[54,3],[51,-34],[14,-16],[34,-54],[-2,-16],[36,-12],[25,1],[6,-13]],[[29349,30547],[1,-181]],[[29350,30366],[-6,-12]],[[29344,30354],[-5,-1]],[[29339,30353],[-10,-3]],[[29329,30350],[-5,1]],[[29324,30351],[-5,0]],[[29319,30351],[-13,1]],[[29306,30352],[-4,10]],[[29302,30362],[-2,4]],[[29300,30366],[-11,12]],[[29289,30378],[-21,-3]],[[29268,30375],[-3,-4]],[[29265,30371],[4,-10]],[[29269,30361],[4,-12]],[[29273,30349],[1,-14]],[[29274,30335],[-2,-13]],[[29272,30322],[0,-3]],[[29272,30319],[-14,2]],[[29258,30321],[-5,0]],[[29253,30321],[-11,14]],[[29242,30335],[1,12]],[[29243,30347],[-13,8]],[[29230,30355],[-13,2]],[[29217,30357],[-15,-16]],[[29202,30341],[-10,-4]],[[29192,30337],[-7,-6]],[[29185,30331],[-3,-3]],[[29182,30328],[-5,-15]],[[29177,30313],[-2,-4]],[[29175,30309],[5,-1]],[[29180,30308],[7,-2]],[[29187,30306],[3,-7]],[[29190,30299],[-9,-10]],[[29181,30289],[-3,-3]],[[29178,30286],[2,-3]],[[29180,30283],[8,-11]],[[29188,30272],[-9,-3]],[[29172,30281],[3,5]],[[29175,30286],[-2,1]],[[29173,30287],[-6,4]],[[29167,30291],[-3,7]],[[29164,30298],[-8,-8]],[[29156,30290],[-3,7]],[[29153,30297],[-8,-2]],[[29145,30295],[-3,-6]],[[29142,30289],[-3,-4]],[[29139,30285],[2,-6]],[[29141,30279],[-2,-4]],[[29139,30275],[-6,-12]],[[29133,30263],[1,-9]],[[29134,30254],[3,-5]],[[29137,30249],[3,-7]],[[29140,30242],[0,-8]],[[29140,30234],[-19,-10]],[[29121,30224],[-4,0]],[[29117,30224],[6,5]],[[29123,30229],[-4,7]],[[29119,30236],[-1,2]],[[29120,30246],[3,-4]],[[29123,30242],[5,-5]],[[29128,30237],[5,5]],[[29133,30242],[-9,16]],[[29124,30258],[0,1]],[[29124,30259],[0,12]],[[29124,30271],[-1,5]],[[29123,30276],[9,6]],[[29132,30282],[2,4]],[[29134,30286],[2,4]],[[29136,30290],[1,2]],[[29137,30292],[1,3]],[[29138,30295],[-10,8]],[[29128,30303],[1,3]],[[29129,30306],[1,6]],[[29130,30312],[-7,6]],[[29123,30318],[-3,3]],[[29120,30321],[0,3]],[[29120,30324],[2,8]],[[29122,30332],[-8,1]],[[29114,30333],[-3,11]],[[29111,30344],[-3,0]],[[29108,30344],[-4,0]],[[29104,30344],[-4,0]],[[29100,30344],[-5,0]],[[29095,30344],[-6,-4]],[[29089,30340],[-2,-11]],[[29087,30329],[0,-119],[-2,-29],[-20,-1]],[[29065,30180],[-2,-9]],[[29063,30171],[-12,-17]],[[29051,30154],[-3,-3]],[[29048,30151],[-3,-9]],[[29045,30142],[-1,-17]],[[29044,30125],[-1,-13]],[[29043,30112],[1,-250],[7,-175],[-19,-123],[1,-22],[11,-38],[1,-64],[29,-1],[76,-201],[-105,1],[-54,-225]],[[28991,29014],[10,0]],[[29001,29014],[14,0]],[[29015,29014],[1,0]],[[29016,29014],[29,0]],[[29045,29014],[11,0]],[[29056,29014],[0,-45]],[[29056,28969],[0,-4],[-76,1],[-19,-78],[12,-13],[126,-1],[1,-82],[-3,-2],[-157,2],[-3,-33],[-1,-63],[-121,0],[-12,11],[-41,-37],[-8,4],[-85,1],[1,112],[-65,1],[-59,2],[-53,-2],[2,220],[-75,34],[-15,4],[2,240],[-118,1],[-24,8],[-51,39],[-42,18],[-37,23],[-32,5],[-228,0],[-30,5],[-150,-2],[-80,-18],[-47,-6],[-54,0]],[[31321,29640],[120,32]],[[31441,29672],[79,22]],[[31520,29694],[538,145]],[[32058,29839],[11,4]],[[32069,29843],[47,16]],[[32116,29859],[27,9]],[[32143,29868],[16,6]],[[32159,29874],[19,-2]],[[32178,29872],[44,12]],[[32222,29884],[8,3]],[[32231,29888],[6,2]],[[32237,29890],[226,65]],[[32463,29955],[7,1]],[[32470,29956],[8,2]],[[32478,29958],[4,1]],[[32482,29959],[43,13]],[[32525,29972],[6,2]],[[32531,29974],[3,2]],[[32534,29976],[4,2]],[[32538,29978],[1,0]],[[32539,29978],[4,3]],[[32543,29981],[4,2]],[[32547,29983],[5,2]],[[32552,29985],[6,0]],[[32558,29985],[1,1]],[[32559,29986],[5,9]],[[32564,29995],[2,3]],[[32566,29998],[1,1]],[[32567,29999],[3,2]],[[32570,30001],[2,1]],[[32572,30002],[2,4]],[[32574,30006],[2,2]],[[32576,30008],[2,3]],[[32578,30011],[2,3]],[[32580,30014],[1,1]],[[32581,30015],[2,1]],[[32583,30016],[4,1]],[[32587,30017],[-1,4]],[[32586,30021],[0,1]],[[32586,30022],[0,1]],[[32586,30023],[-2,6]],[[32584,30029],[2,3]],[[32586,30032],[0,1]],[[32586,30033],[1,0]],[[32587,30033],[0,2]],[[32587,30035],[0,2]],[[32587,30037],[1,5]],[[32588,30042],[1,12]],[[32589,30054],[5,5]],[[32594,30059],[7,9]],[[32601,30068],[8,6]],[[32609,30074],[4,4]],[[32613,30078],[7,14]],[[32620,30092],[2,4]],[[32622,30096],[-1,1]],[[32621,30097],[-1,1]],[[32620,30098],[-3,5]],[[32617,30103],[1,0]],[[32618,30103],[2,1]],[[32620,30104],[2,1]],[[32622,30105],[1,1]],[[32623,30106],[9,-1]],[[32632,30105],[5,-7]],[[32637,30098],[1,-1]],[[32638,30097],[6,-8]],[[32644,30089],[14,-1]],[[32658,30088],[11,3]],[[32669,30091],[1,1]],[[32670,30092],[8,16]],[[32678,30108],[0,2]],[[32678,30110],[3,-1]],[[32681,30109],[9,-4]],[[32690,30105],[16,-805]],[[32708,29249],[52,0]],[[32760,29249],[29,1]],[[32789,29250],[10,0]],[[32799,29250],[194,2]],[[32993,29252],[156,4]],[[33149,29256],[30,-43],[9,-25],[10,-121],[13,-39]],[[33211,29028],[30,-57],[11,-56],[0,-56],[7,-23],[38,-62],[19,-73],[21,-50],[23,-67],[23,-30],[22,-36],[10,-36],[20,-21],[15,-28]],[[33450,28433],[-18,-33],[-27,-16],[-14,-27],[-27,-34],[-9,-21],[-5,-38],[-67,-9],[-21,-11],[-66,-59],[-5,-11],[1,-94],[-111,-3],[-24,4],[-9,-44],[0,-180],[28,-6],[2,-106],[-4,-7],[2,-79],[19,-32],[47,-91],[111,2]],[[33253,27538],[36,1]],[[33289,27539],[3,0]],[[33292,27539],[3,0]],[[33295,27539],[6,0]],[[33301,27539],[12,0]],[[33313,27530],[9,0]],[[33322,27530],[0,-5]],[[33322,27525],[5,0]],[[33327,27525],[2,-20]],[[33329,27505],[2,-30]],[[33331,27475],[1,0]],[[33332,27475],[37,-6]],[[33369,27469],[34,-5],[27,-19]],[[33430,27445],[117,-86],[-7,-30],[-29,-101],[-48,-177],[-11,-20],[-10,-57],[-27,-103],[-15,-12],[3,-17],[20,6],[19,-3],[-1,-16],[-36,-9],[-8,4],[-161,-189],[-15,-22]],[[31784,26313],[1,3]],[[31785,26316],[0,41]],[[31785,26357],[0,14]],[[31785,26371],[0,14]],[[31785,26385],[-1,109],[-45,0],[1,67],[-43,0],[0,65],[-27,35],[1,59],[68,-1],[-1,192],[5,13],[29,30],[9,39],[0,95],[-2,313],[-13,0],[-32,-11],[-123,0],[-46,23],[-59,2],[-6,17],[-53,3],[-9,-4],[0,-40]],[[29431,27389],[-1,17],[10,95],[-8,43],[14,122],[7,23],[25,49],[2,12],[-2,72],[20,-3],[21,6],[-59,98],[-22,47],[-1,22],[11,6],[-11,31],[11,37],[0,45],[-87,0],[-1,387],[0,334]],[[29360,28832],[0,70]],[[29360,28902],[-3,7]],[[29357,28909],[-3,4]],[[29354,28913],[-14,19]],[[29340,28932],[-1,13]],[[29339,28945],[0,30],[12,8],[33,0],[50,9],[17,-4],[43,2],[164,-18],[28,1],[49,-14],[38,-1],[115,-10],[23,-9],[26,-24],[84,-57],[22,1],[16,8],[19,-4],[58,-63],[23,-13],[41,-10],[41,-27],[39,-16],[31,-10],[30,-21],[15,-6],[75,1],[28,6],[42,20],[66,2],[-13,37],[-3,166],[117,2],[-3,103],[185,-2],[-1,84],[153,-19],[-2,68],[14,14],[64,-9],[0,129],[96,0],[352,5]],[[33450,28433],[20,-42],[21,-26],[37,0],[0,20],[37,-45],[23,-1],[45,-17],[26,-18],[34,-2],[33,-20],[15,-18],[19,-11],[330,196],[15,6],[129,48],[0,-75],[42,53],[8,6],[183,90],[24,-63],[31,-107]],[[34522,28407],[7,-22]],[[34529,28385],[1,-7]],[[34530,28378],[1,-11]],[[34531,28367],[0,-4]],[[34531,28363],[0,-1]],[[34531,28362],[1,-5]],[[34532,28357],[0,-2]],[[34532,28355],[0,-3]],[[34532,28352],[1,-14]],[[34533,28338],[2,-16]],[[34535,28322],[2,-15]],[[34537,28307],[2,-8]],[[34539,28299],[2,-7]],[[34541,28292],[66,4],[3,-94],[22,0],[-1,17],[21,0],[2,-44],[42,4],[17,-6],[-9,-33],[2,-16],[15,-13],[1,-18],[11,-11],[-9,-23],[-36,-1],[-20,-6],[10,-24],[0,-78],[6,-242],[-143,-3],[-22,-165],[-30,-50],[9,-13],[37,1],[7,-791],[-172,-2],[-2,-5],[0,-113],[-1,-16],[23,-8],[1,-10]],[[33081,21980],[8,10],[-37,325],[2,9],[-74,146],[-7,1],[-107,90],[-22,24],[-10,23],[-15,53],[-11,31],[1,36],[18,77],[13,47],[3,30],[7,14]],[[32850,22896],[56,30],[41,19],[20,-4],[49,-33],[22,-8],[27,-38],[17,13],[33,12],[87,0],[8,-24],[13,-24],[41,-47],[12,-18],[10,-27],[28,-218],[28,0],[0,-23],[22,0],[0,23],[-11,1],[32,40],[41,4],[13,5],[0,128],[11,11],[84,0],[22,6],[0,27],[65,0],[-1,-44],[22,0],[21,-12],[1,51],[34,9],[-1,29],[5,22],[20,11],[4,17],[-15,15],[10,20],[-13,23],[-1,87],[66,8],[49,-6],[1,25],[19,0],[-1,63],[20,33],[-17,12],[6,37],[11,15],[3,37],[-206,2],[-38,-5],[0,48],[23,44],[2,48],[-39,3],[-7,38],[-25,67],[-10,11],[35,35],[10,28],[33,13],[1,73]],[[33275,23739],[69,17],[17,7],[121,54],[44,16],[15,11],[42,61],[33,27]],[[33616,23932],[55,34],[19,20],[41,19],[84,55],[10,2],[157,0],[17,5],[50,60],[8,24],[-1,97]],[[34056,24248],[1,87],[-2,17],[-54,63],[0,16],[-26,0],[1,24],[-8,5],[-46,1],[-10,14],[7,11],[0,33],[-40,0],[10,43],[-95,1],[-176,-1],[-28,72],[-5,30],[0,35]],[[33585,24699],[-3,90],[30,0]],[[33612,24789],[7,0]],[[33619,24789],[8,1]],[[33627,24790],[65,0]],[[33692,24790],[7,2]],[[33699,24792],[7,4]],[[33706,24796],[4,3]],[[33710,24799],[8,7]],[[33718,24806],[16,14]],[[33734,24820],[-3,10]],[[33731,24830],[-3,7]],[[33728,24837],[0,1]],[[33728,24838],[62,7]],[[33790,24845],[-1,118]],[[33789,24963],[22,-3]],[[33811,24960],[0,39],[37,-3],[32,2],[16,-32],[1,-16],[47,0],[0,44],[21,46],[16,1],[37,20],[37,11],[43,20],[32,-4],[141,-1],[13,1],[39,34],[5,13],[37,16],[2,29],[-3,24],[-15,5],[-10,22],[6,11]],[[34718,25870],[-3,-4],[-64,12],[-106,-3],[-126,-2],[-140,-3],[-108,-110],[-64,-33],[-22,8],[-1,42],[-291,-1],[-102,-2],[-4,-9],[17,-44]],[[33704,25721],[-129,-2],[-29,13],[-57,71],[-27,12],[-94,-10],[-36,1],[3,-21],[-21,-9],[-59,-6],[-71,-1],[8,-23],[-10,-4],[-16,-39],[-24,-20],[-37,-4],[-15,-15],[-7,15],[-63,-1],[-21,4],[-140,-1],[-1,44]],[[32858,25725],[5,32],[31,52],[17,53],[80,267],[-66,6],[-32,0],[8,25],[-1,92],[-22,21],[0,76],[-45,6],[-106,-1]],[[32143,23244],[-1,108]],[[32142,23352],[-1,51],[22,2]],[[32163,23405],[0,29]],[[32163,23434],[0,66],[-8,13]],[[32155,23513],[-2,1]],[[32153,23514],[-2,0]],[[32151,23514],[3,4]],[[32154,23518],[30,54],[13,16],[22,14]],[[32219,23602],[3,0]],[[32222,23602],[113,-1]],[[32335,23601],[3,0]],[[32338,23601],[100,1]],[[32495,23603],[52,3]],[[32547,23606],[44,1]],[[32591,23607],[57,0]],[[32648,23607],[2,0]],[[32650,23607],[21,0]],[[32671,23607],[22,0]],[[32693,23607],[2,0]],[[32695,23607],[1,0]],[[32696,23607],[11,-1]],[[32707,23606],[8,0]],[[32715,23606],[12,0]],[[32727,23606],[5,0]],[[32732,23606],[26,0]],[[32758,23606],[9,0]],[[32767,23606],[9,0]],[[32776,23606],[1,0]],[[32777,23606],[12,0]],[[32789,23606],[21,0]],[[32810,23606],[30,0]],[[32840,23606],[2,0]],[[32842,23606],[16,0]],[[32858,23606],[1,0]],[[32859,23606],[28,0]],[[32887,23606],[48,-140],[-15,-2],[0,-18],[-30,-2],[-14,-20],[-3,-20],[-25,-4],[-3,-34],[-16,-6],[-3,-47],[-22,2],[-8,-36],[27,-11],[4,-57],[13,-10],[-7,-39],[-15,-29],[19,-33],[14,-15],[-10,-19],[-25,-32],[11,-27],[17,-74],[6,-37]],[[31967,23059],[62,3],[51,27],[-20,26],[-15,8],[-2,38],[13,5],[2,76],[85,2]],[[29351,21165],[87,-1],[165,1],[12,51],[19,27],[9,37],[41,56],[4,10],[182,0],[-18,-44],[191,-1],[0,68],[21,0],[0,-23],[27,0],[-39,47],[-10,5],[0,34]],[[30042,21434],[63,3],[53,24],[-18,32],[-28,31],[-13,20],[29,0],[0,31],[-19,0],[-4,31],[-8,23],[0,46],[-34,-1],[0,-17],[-23,-5],[13,49],[-12,7],[0,32],[9,15],[34,-2],[-3,30],[10,34],[6,38],[-3,33],[11,11],[18,0],[22,11],[331,0],[14,2]],[[30868,21587],[39,-26],[1,-83],[9,-6],[9,-14],[2,-22]],[[30968,21378],[15,9]],[[31021,21424],[47,-64],[24,-41],[25,-18]],[[31150,21256],[-16,0],[0,-22],[11,-11],[22,0]],[[31168,21189],[0,-11]],[[31160,21167],[-14,0]],[[31128,20985],[-3,-92],[-4,-23],[47,0],[0,-27],[17,11],[32,0],[-7,40],[2,30]],[[31437,20857],[44,-61],[28,-54],[5,-20],[31,-414],[13,-33],[143,-250]],[[31701,20025],[3,-4]],[[31704,20021],[10,-19]],[[31714,20002],[19,-32]],[[31733,19970],[27,-47]],[[31760,19923],[24,-40]],[[31784,19883],[44,-55]],[[31828,19828],[13,-17]],[[31841,19811],[61,-75],[13,-23],[28,-70]],[[31943,19643],[-6,-14]],[[31937,19629],[-6,-21]],[[31931,19608],[-1,-15]],[[31930,19593],[2,-18]],[[31932,19575],[3,-11]],[[31935,19564],[11,-24]],[[31946,19540],[11,-18]],[[31957,19522],[11,-17]],[[31968,19505],[2,-4]],[[31970,19501],[15,-25]],[[31985,19476],[6,-9]],[[31991,19467],[4,-7]],[[31995,19460],[1,-2]],[[31996,19458],[9,-14]],[[32005,19444],[18,-29]],[[32023,19415],[1,-2]],[[32024,19413],[4,-6]],[[32028,19407],[8,-13]],[[32036,19394],[1,-2]],[[32037,19392],[11,-18]],[[32048,19374],[4,-7]],[[32052,19367],[3,-4]],[[32055,19363],[47,-76]],[[32102,19287],[14,-15]],[[31939,19273],[-518,-1]],[[31419,19272],[-99,0]],[[31320,19272],[-316,-1]],[[31004,19271],[-403,0]],[[30601,19271],[-8,0]],[[30593,19271],[-2,0]],[[30591,19271],[-8,0]],[[30583,19271],[-7,0]],[[30576,19271],[-15,0]],[[30561,19271],[-30,0]],[[30531,19271],[-1,0]],[[30530,19271],[-1,0]],[[30529,19271],[-12,0]],[[30517,19271],[-2,0]],[[30515,19271],[-3,0]],[[30512,19271],[-55,0]],[[30457,19271],[-37,0]],[[30420,19271],[-50,0]],[[30370,19271],[-87,0]],[[30283,19271],[-4,0]],[[30279,19271],[-1,0]],[[30278,19271],[-65,0]],[[30213,19271],[-19,-1]],[[30194,19270],[-67,2]],[[30127,19272],[-7,0]],[[30120,19272],[-79,0]],[[30041,19272],[-2,0]],[[30039,19272],[-1,0]],[[30038,19272],[-2,0]],[[30036,19272],[-8,0]],[[30028,19272],[-117,-1]],[[29911,19271],[-2,0]],[[29909,19271],[-7,0]],[[29902,19271],[-321,1]],[[29581,19272],[-131,0]],[[29450,19272],[-83,0]],[[29367,19272],[-10,0]],[[29383,34970],[0,-271]],[[29383,34699],[0,-202]],[[29383,34497],[0,-102]],[[29383,34395],[1,-218]],[[29384,34177],[0,-17]],[[29384,34160],[7,-359]],[[29391,33801],[1,-25]],[[29392,33776],[0,-10]],[[29392,33766],[0,-38]],[[29392,33728],[-1,-20]],[[29391,33708],[0,-29]],[[29391,33679],[-3,-27]],[[29388,33652],[0,-70]],[[29388,33582],[1,-31]],[[29389,33551],[0,-5]],[[29389,33546],[0,-111]],[[29389,33435],[1,-175]],[[29390,33260],[3,-207]],[[29393,33053],[0,-73]],[[29393,32980],[2,-159]],[[29395,32821],[1,-72]],[[29396,32749],[1,-24]],[[29397,32725],[1,-11]],[[29398,32714],[0,-14]],[[29398,32700],[0,-6]],[[29398,32694],[-1,-11]],[[29397,32683],[1,-21]],[[29398,32662],[0,-4]],[[29398,32658],[-1,-61]],[[29397,32597],[-1,-30]],[[29396,32567],[1,-18]],[[29397,32549],[1,-5]],[[29398,32544],[0,-6]],[[29398,32538],[0,-3]],[[29398,32535],[0,-2]],[[29398,32533],[1,-14]],[[29399,32519],[0,-1]],[[29399,32518],[0,-1]],[[29399,32517],[0,-10]],[[29399,32507],[0,-61]],[[29399,32446],[0,-2]],[[29399,32444],[0,-2]],[[29399,32442],[0,-1]],[[29399,32441],[0,-15]],[[29399,32426],[0,-1]],[[29399,32425],[-1,-38]],[[29398,32387],[1,-21]],[[29399,32366],[0,-26]],[[29399,32340],[0,-15]],[[29399,32325],[1,-73]],[[29400,32252],[-6,-75]],[[29394,32177],[-2,-14]],[[29392,32163],[-6,-70]],[[29386,32093],[0,-4]],[[29386,32089],[-2,-13]],[[29384,34160],[28,-4],[65,1],[268,-5],[11,1],[246,2],[6,7],[1,-97],[159,2],[21,-3],[43,62],[53,59],[20,17],[52,-51],[206,-126],[80,-24],[15,-23],[23,1],[62,-30],[33,-11],[88,-7],[38,3],[12,7],[48,-3],[17,-8],[20,3],[20,26],[32,12],[5,18],[15,5],[13,21],[28,28],[22,8],[-17,29],[13,20],[20,-10],[15,-20],[64,7],[42,2]],[[31619,33699],[64,45],[20,2],[26,-10],[7,17],[19,1],[35,-29],[17,-2],[19,10],[14,-2],[3,-20],[-11,-15],[7,-20],[21,-20],[29,-9],[19,18],[20,0],[26,-22],[5,-16],[33,-13],[41,-36],[31,-41],[18,-33],[7,-22],[34,-30],[2,-38],[17,-28],[4,-108],[40,-16],[42,-25],[68,-6],[23,5],[31,13],[113,4],[14,3],[147,73],[24,1],[87,-26],[102,-24],[40,7],[44,0],[28,9],[57,0]],[[33006,33296],[-1,-86],[11,-33],[40,-100],[37,-104],[23,25],[32,-3],[7,-99],[50,-1],[1,-50]],[[33206,32845],[1,-6]],[[33207,32839],[0,-4]],[[33207,32835],[0,-12]],[[33207,32823],[1,-90]],[[33208,32733],[-2,-20]],[[33206,32713],[-3,-26],[15,-106],[46,-316],[23,-90],[6,-60],[61,-215],[3,-47],[30,-106],[5,-40],[-215,-18],[20,-16]],[[33197,31673],[2,-172]],[[33199,31501],[-240,-3]],[[32959,31498],[-284,-6]],[[32675,31492],[-182,-5]],[[32493,31487],[-122,-2]],[[32371,31485],[-69,-2]],[[32302,31483],[-153,-1]],[[32149,31482],[0,-25]],[[32149,31457],[0,-21]],[[32149,31436],[2,-67]],[[32151,31369],[0,-26]],[[32151,31343],[3,-125]],[[32154,31218],[0,-2]],[[32154,31216],[2,-121]],[[32156,31095],[3,-132]],[[32159,30963],[6,-259]],[[32165,30704],[15,-40]],[[32180,30664],[13,-21]],[[32193,30643],[50,-75]],[[32243,30568],[24,-36]],[[32267,30532],[10,-16]],[[32277,30516],[1,-3]],[[32278,30513],[12,-21]],[[32290,30492],[8,-12]],[[32298,30480],[3,-5]],[[32301,30475],[5,-8]],[[32306,30467],[16,-25]],[[32322,30442],[8,-19]],[[32330,30423],[8,-18]],[[32338,30405],[5,-16]],[[32343,30389],[1,-11]],[[32344,30378],[1,-21]],[[32345,30357],[-1,-32]],[[32344,30325],[1,-48]],[[32345,30277],[1,-10]],[[32346,30267],[1,-11]],[[32347,30256],[8,-13]],[[32355,30243],[5,-7]],[[32360,30236],[7,-12]],[[32367,30224],[7,-15]],[[32374,30209],[2,-16]],[[32376,30193],[1,-27]],[[32377,30166],[0,-10]],[[32377,30156],[1,-19]],[[32378,30137],[2,-20]],[[32380,30117],[5,-16]],[[32385,30101],[13,-18]],[[32398,30083],[23,-13]],[[32421,30070],[3,-1]],[[32424,30069],[17,-10]],[[32441,30059],[36,-11]],[[32477,30048],[12,-2]],[[32489,30046],[21,-3]],[[32510,30043],[17,3]],[[32527,30046],[18,10]],[[32545,30056],[9,5]],[[32554,30061],[23,15]],[[32577,30076],[11,9]],[[32588,30085],[7,5]],[[32595,30090],[13,6]],[[32608,30096],[12,2]],[[29339,28945],[-6,0]],[[29333,28945],[-22,0]],[[29311,28945],[-6,0]],[[29305,28945],[-10,-6]],[[29295,28939],[-1,6]],[[29294,28945],[-15,0]],[[29279,28945],[-6,0]],[[29273,28945],[0,58]],[[29273,29003],[-44,-4],[-7,14]],[[29222,29013],[-1,0]],[[29221,29013],[-14,0]],[[29207,29013],[-21,0]],[[29186,29013],[-4,0]],[[29182,29013],[-4,0]],[[29178,29013],[-2,0]],[[29176,29013],[-12,0]],[[29164,29013],[0,-24],[-56,-2],[0,-17],[-52,-1]],[[34522,28407],[34,0]],[[34556,28407],[4,-16]],[[34560,28391],[4,-4]],[[34564,28387],[12,-10]],[[34576,28377],[7,-15]],[[34583,28362],[23,21]],[[34606,28383],[13,-14]],[[34619,28369],[7,-8]],[[34626,28361],[23,17]],[[34649,28378],[2,12]],[[34651,28390],[1,3]],[[34652,28393],[2,8]],[[34654,28401],[2,10]],[[34656,28411],[1,3]],[[34657,28414],[1,8]],[[34658,28422],[0,8]],[[34658,28430],[0,6]],[[34658,28436],[-3,10]],[[34655,28446],[-12,17]],[[34643,28463],[-38,37]],[[34605,28500],[15,10]],[[34620,28510],[10,2]],[[34667,28511],[0,29]],[[34667,28540],[0,4]],[[34667,28544],[0,5]],[[34667,28549],[0,1]],[[34667,28550],[0,43]],[[34667,28593],[15,0]],[[34682,28593],[10,0]],[[34692,28593],[15,0]],[[34707,28593],[4,-7]],[[34711,28586],[2,-3]],[[34713,28583],[1,-3]],[[34714,28580],[12,1]],[[34726,28581],[7,0]],[[34733,28581],[7,1]],[[34740,28582],[0,16]],[[34740,28598],[22,0]],[[34762,28598],[0,13]],[[34762,28611],[15,-32]],[[34777,28579],[12,5]],[[34789,28584],[1,1]],[[34790,28585],[7,-15]],[[34797,28570],[12,-3]],[[34809,28568],[8,-16]],[[34817,28552],[1,-3]],[[34818,28549],[7,3]],[[34825,28552],[4,2]],[[34829,28554],[4,-10]],[[34833,28544],[10,5]],[[34843,28549],[-2,11]],[[34841,28560],[-2,4]],[[34839,28564],[8,4]],[[34847,28568],[-8,16]],[[34839,28584],[10,4]],[[34849,28588],[1,-2]],[[34850,28586],[1,-1]],[[34851,28585],[0,-1]],[[34851,28584],[1,-1]],[[34852,28583],[0,-1]],[[34852,28582],[1,-1]],[[34853,28581],[1,-3]],[[34854,28578],[10,4]],[[34864,28582],[14,-29]],[[34878,28553],[2,2]],[[34880,28555],[8,4]],[[34888,28559],[-1,2]],[[34887,28561],[-3,5]],[[34884,28566],[39,0]],[[34923,28566],[1,0]],[[34924,28566],[2,-1]],[[34926,28565],[1,0]],[[34927,28565],[4,0]],[[34931,28565],[6,0]],[[34937,28565],[0,-6]],[[34937,28559],[6,3]],[[34943,28562],[1,0]],[[34944,28562],[6,3]],[[34950,28565],[2,1]],[[34952,28566],[4,1]],[[34956,28567],[1,0]],[[34957,28567],[35,16]],[[34992,28583],[21,10]],[[35013,28593],[21,10],[31,-69],[18,-31],[24,-22],[8,2]],[[36890,25428],[-26,5],[-357,0]],[[36496,25443],[-164,2],[-9,-2],[-105,2],[-25,20],[-61,-9],[-118,-123],[-89,-72],[-9,-2],[-1,-90],[24,-58],[20,-92],[-37,1],[-17,14],[-48,1],[-1,-24],[-20,-20],[-55,2],[-18,14],[-55,-2],[-1,-120],[-5,-10],[-37,-16],[-168,2],[-22,-6],[-27,-26],[-32,-13],[-160,1]],[[29652,12371],[217,22],[4,3]],[[29873,12396],[22,-35],[2,-97],[1,-111],[43,-2],[1,-40],[34,1],[10,-5],[273,4],[89,-1],[61,4],[3,71]],[[30412,12185],[54,-58],[13,-28],[38,-109],[57,-82],[9,0],[-1,52],[5,5],[80,-2],[1,-45],[42,1],[1,-44],[42,2],[1,42],[10,1],[16,-44]],[[30780,11876],[219,1],[18,10],[75,5],[4,-104],[-1,-90],[165,5],[57,-2],[123,0]],[[31434,11701],[8,-548]],[[31442,11153],[0,-92]],[[31442,11061],[-5,0]],[[31437,11061],[-61,0]],[[31376,11061],[-98,-1]],[[31278,11060],[-5,0]],[[31271,11060],[3,-100]],[[31274,10960],[2,-98]],[[31276,10862],[0,-29]],[[31276,10833],[0,-11]],[[31276,10822],[0,-23]],[[31276,10799],[0,-12]],[[31276,10787],[2,-37]],[[31278,10750],[0,-2]],[[31278,10748],[2,-35]],[[31280,10713],[-42,0],[-2,-14],[-19,-12],[-21,0],[2,-38],[21,0],[1,-43],[-192,0]],[[31028,10606],[-6,34],[-19,57],[-6,37],[0,51],[-208,-4],[-243,0]],[[29208,13134],[43,-44],[9,-13],[12,-43],[-26,14],[-17,0],[-5,-31],[31,-56],[40,-35],[28,-49],[9,-33],[-1,-57],[-14,-52],[-16,-33],[-24,-87],[4,-35],[23,1],[26,-54],[2,-47]],[[37089,22430],[-76,0],[0,22],[-21,0],[-1,55],[-9,15],[-57,-2],[-97,223],[-89,-12],[-117,288],[-109,310],[-72,181],[-34,106],[-215,-1],[0,-24],[-51,0],[8,-14],[-32,-2],[-12,17],[-42,0],[-2,-49],[-27,48],[-59,0],[0,-87],[4,-8],[-101,7],[-52,12],[-65,38],[-55,40],[-81,9]],[[25472,22526],[39,-3]],[[25511,22523],[9,2]],[[25520,22525],[3,0]],[[25523,22525],[25,0]],[[25548,22525],[26,0]],[[25574,22525],[41,0]],[[25615,22525],[3,0]],[[25618,22525],[6,0]],[[25624,22525],[14,0]],[[25638,22525],[12,0]],[[25650,22525],[2,0]],[[25652,22525],[8,0]],[[25695,22526],[1,-2]],[[25696,22524],[3,3],[107,0]],[[25806,22527],[4,0]],[[25810,22527],[24,0]],[[25834,22527],[8,0]],[[25842,22527],[5,0]],[[25847,22527],[7,0]],[[25854,22527],[46,0]],[[25900,22527],[65,0]],[[25965,22527],[36,0]],[[26001,22527],[55,0]],[[26056,22527],[39,1]],[[26095,22528],[12,0]],[[26107,22528],[95,-1]],[[25993,21326],[-79,1],[-1,73],[1,201],[24,22],[19,0],[-1,51],[-43,-9],[-2,94],[-86,1],[-22,6],[-34,-5],[-57,-3],[2,-182],[-131,1],[-42,-13],[-34,-32],[-41,4]],[[25350,21459],[-8,26],[-11,8],[-21,37],[-9,41],[-15,3]],[[39275,7738],[3,13]],[[39290,7794],[2,8]],[[39292,7802],[0,2]],[[39292,7804],[0,1]],[[39292,7805],[10,41]],[[39319,7917],[3,11]],[[39322,7928],[3,15]],[[39325,7943],[-2,57]],[[39323,8000],[-1,29]],[[39316,8162],[-1,46]],[[39315,8208],[-11,-1]],[[39304,8207],[9,24]],[[39313,8231],[73,0]],[[39399,8312],[-55,-1]],[[39349,8323],[7,18]],[[39356,8341],[14,22]],[[39324,8364],[-4,2]],[[39297,8381],[-4,0]],[[39293,8381],[7,23]],[[39300,8404],[3,12]],[[39303,8416],[4,18]],[[39307,8434],[10,39]],[[39317,8473],[2,8]],[[39320,8484],[52,2],[-1,12],[-35,-2],[12,38],[-1,30],[-8,-1],[7,46],[10,0],[-1,33]],[[39378,8642],[16,-27],[31,-6],[19,19],[9,27],[23,10]],[[39478,8665],[-7,52],[-48,-1],[-37,-42],[-2,41],[-8,2]],[[39375,8714],[13,60]],[[39388,8774],[2,12],[-5,155]],[[39385,8941],[1,0]],[[39386,8941],[6,0]],[[39392,8941],[8,0]],[[39400,8941],[3,0]],[[39403,8941],[3,0]],[[39406,8941],[3,0]],[[39416,8942],[44,2]],[[39460,8939],[18,1]],[[39478,8940],[34,1]],[[39512,8941],[3,4]],[[39515,8945],[16,0]],[[39531,8945],[4,1]],[[39535,8946],[1,0]],[[39536,8946],[8,0]],[[39429,7588],[-11,10]],[[39418,7598],[-1,1]],[[39417,7599],[-36,32]],[[39380,7640],[54,4]],[[39434,7644],[1,0]],[[39435,7644],[3,1]],[[39438,7645],[2,1]],[[39440,7646],[4,2]],[[39444,7648],[-8,5]],[[39404,7669],[-129,66]],[[39275,7735],[0,3]],[[29209,15025],[4,27],[-8,5],[-11,43],[9,3],[56,-1],[80,12],[1,362]],[[29349,17368],[554,-6]],[[29903,17362],[482,-4]],[[30385,17358],[0,22]],[[30385,17380],[94,-1]],[[30479,17379],[62,0]],[[30541,17379],[1,0]],[[30542,17379],[122,0]],[[30664,17379],[391,1]],[[31055,17380],[39,0]],[[31094,17380],[15,0]],[[31109,17380],[52,0]],[[31165,17380],[164,1]],[[31329,17381],[93,1]],[[31422,17382],[31,0]],[[31453,17382],[448,1]],[[31901,17383],[35,0]],[[31923,13510],[-22,0],[-41,30],[-24,-3],[-21,-9],[-27,-4],[-26,-15],[-16,-4],[-65,2],[-43,17],[-22,1],[-35,14],[-47,11],[-86,-4],[-65,-6],[-18,-22],[-103,0],[-20,-2],[-320,-76],[-92,-34],[-28,-14],[-99,-66]],[[30701,13404],[-28,-2],[-57,-12],[-65,-24],[-25,-2],[-33,-15],[-11,8],[-71,-84],[-117,-88],[-31,-27]],[[30263,13158],[-33,-30]],[[30230,13128],[-31,-28]],[[30199,13100],[-6,-8]],[[30193,13092],[-51,-65]],[[30142,13027],[-39,-49]],[[30103,12978],[2,-18]],[[30097,12961],[-53,0],[2,216],[10,0],[-1,57],[21,11],[-23,12],[-2,20],[-11,2],[-3,38],[0,84],[-88,0],[-85,2],[-85,-2],[2,133],[-71,-38],[-14,0],[0,23],[-43,0],[0,23],[-32,0],[0,-23],[11,-22],[-22,0],[0,91],[-88,0],[2,91],[-43,-1],[-1,-91],[-43,0],[3,200],[-127,-2]],[[33401,33270],[-36,-16],[-38,-5],[-50,137],[-11,39],[-16,23],[1,30],[-5,38],[-10,20],[-77,-37],[6,-21],[-32,-15],[6,-18],[-40,-7],[-10,-14],[11,-46],[-31,-13],[-14,-13],[-50,-24],[1,-32]],[[35571,19246],[32,1]],[[35603,19247],[17,-1]],[[35620,19246],[27,1]],[[35647,19247],[27,0]],[[35674,19247],[397,5]],[[36071,19252],[5,-522]],[[36076,18730],[139,1]],[[36215,18731],[374,-1]],[[36589,18730],[0,-1]],[[36589,18729],[0,-357]],[[36589,18372],[0,-12]],[[36589,18360],[2,-266]],[[36591,18094],[3,-44]],[[36594,18050],[2,-389]],[[36596,17661],[2,-349]],[[36598,17312],[1,-153]],[[36599,17159],[0,-15]],[[36599,17144],[0,-49]],[[36594,17095],[3,-305]],[[36597,16790],[0,-1]],[[36597,16789],[0,-19]],[[36597,16770],[0,-3]],[[36597,16767],[1,-216]],[[32858,25725],[-32,-22],[-41,0],[-33,5],[-38,-11],[-14,-16],[-22,0],[0,-22],[-22,0],[0,-23],[-11,-22],[32,0],[-3,-45],[-18,3],[-1,-48],[-11,-11],[12,-12],[-83,-81],[-3,-8]],[[32570,25412],[-29,-31],[-18,-9],[-26,-2],[-36,4],[-79,-14],[-34,10],[-19,-6],[-17,-20],[-2,-21],[-27,0],[-3,-23],[-121,-1],[-109,-1],[0,-23],[-15,0],[-3,-25],[-39,-81]],[[31993,25169],[-1,-7]],[[31992,25162],[0,-2]],[[31992,25160],[0,-7]],[[31992,25153],[0,-2]],[[31992,25151],[1,-1]],[[31993,25150],[0,-1]],[[31993,25149],[1,-15]],[[31994,25134],[11,-43],[1,-90],[48,2],[-6,-9],[3,-82],[3,-21],[19,-26]],[[32073,24865],[-17,0]],[[32056,24865],[-4,0]],[[32052,24865],[-89,-1],[5,-29],[-21,-1],[-42,-7],[-115,-1],[0,36],[-129,1],[-1,82],[-40,-10],[-52,-8],[-19,5],[-20,-10],[-25,9],[-36,-31],[-22,-2]],[[30711,35345],[81,3],[126,1],[107,0],[10,4],[1,28],[36,30],[1,16],[28,23],[30,56],[58,43],[-11,12],[-9,33],[19,-1],[5,13],[30,38],[9,19],[42,41],[23,17],[45,14],[13,33]],[[31355,35768],[37,-11]],[[31392,35757],[17,38]],[[31409,35795],[1,1]],[[31410,35796],[12,8]],[[31422,35804],[17,2]],[[31439,35806],[38,-12]],[[31525,35782],[25,-10]],[[31550,35772],[40,-16]],[[31605,35760],[17,-27],[24,-15],[24,-24],[37,-28],[31,-17],[-1,-27]],[[31737,35622],[-5,-90],[-43,-49],[-49,-31],[65,-99],[13,-14],[86,-161]],[[31785,35178],[5,-14],[-8,-32],[-16,0],[1,-45],[-21,0],[1,-24],[-43,-1],[0,-22],[-22,0],[0,-16],[21,-31],[4,-44],[17,-48],[25,-94],[5,-37],[15,-34],[2,-60],[-5,-31],[-25,-24]],[[38145,7339],[-7,226]],[[38138,7565],[-2,57]],[[38136,7622],[-3,94],[2,35]],[[38135,7751],[-2,0]],[[38133,7751],[1,92],[5,1]],[[38139,7844],[83,1]],[[38222,7845],[2,-40]],[[38224,7805],[0,-13]],[[38224,7792],[1,-26]],[[38225,7766],[-1,-11]],[[38224,7755],[-1,-9]],[[38223,7740],[48,7],[122,0]],[[38393,7747],[3,-119]],[[38396,7628],[2,-88],[0,-45]],[[38398,7495],[-1,-45],[9,-191],[3,-87],[-93,-4],[-108,-141],[-62,-3]],[[38146,7024],[-3,47]],[[38143,7071],[-24,-1]],[[38858,9200],[-2,92]],[[38856,9292],[84,1]],[[38940,9293],[9,1]],[[38949,9294],[8,0]],[[38957,9294],[3,0]],[[38960,9294],[23,1]],[[38983,9295],[10,0]],[[38993,9295],[13,1]],[[39006,9296],[19,1]],[[39025,9297],[6,0]],[[39031,9297],[10,1]],[[39041,9298],[1,0]],[[39042,9298],[21,0]],[[39063,9298],[5,0]],[[39068,9298],[36,1]],[[39104,9299],[6,0]],[[39110,9299],[12,2]],[[39122,9301],[74,1]],[[39196,9302],[26,1]],[[39222,9303],[20,0]],[[39242,9303],[25,1]],[[39267,9304],[13,2]],[[39280,9306],[95,0],[8,-296]],[[39383,9010],[1,-23]],[[39384,8987],[1,-46]],[[39385,8941],[-3,0]],[[39382,8941],[-11,-1]],[[39371,8940],[-7,0]],[[39364,8940],[-11,-1]],[[39353,8939],[-17,0]],[[39336,8939],[-1,0]],[[39335,8939],[-3,0]],[[39332,8939],[-36,-1]],[[39296,8938],[-4,-1]],[[39211,8935],[-23,-1]],[[38990,8928],[-34,-1]],[[38955,8928],[-23,-2]],[[38865,8925],[-2,59],[-81,-3],[-2,60],[12,16],[21,7],[49,1],[-4,135]],[[26506,17782],[45,23],[7,65],[-7,21],[0,51]],[[26551,17971],[1,74],[64,-1]],[[26616,18044],[0,90],[200,-1],[111,-4],[14,2],[98,0],[15,62],[-4,30],[-14,21],[32,5],[0,13],[52,0],[3,56],[35,-7],[-16,40],[-25,27],[-61,28],[2,28],[18,17],[25,6],[9,9],[-11,44]],[[27099,18510],[31,5],[25,11],[13,15],[44,-3],[36,-12],[24,-31],[26,-13],[17,1],[57,35],[7,-2],[26,77],[-1,179],[-11,17],[12,18],[-1,106],[11,10],[86,118],[4,4],[271,160],[22,20],[30,46]],[[27828,19271],[45,1]],[[27873,19272],[67,1]],[[27940,19273],[29,0]],[[27969,19273],[104,1]],[[28073,19274],[30,-1]],[[28103,19273],[11,-1]],[[28114,19272],[41,1]],[[28155,19273],[77,-1]],[[28232,19272],[637,-1]],[[28869,19271],[4,0]],[[28873,19271],[62,0]],[[28935,19271],[411,0]],[[29346,19271],[11,1]],[[29346,16562],[-201,1]],[[29145,16563],[-75,1]],[[29070,16564],[-21,0]],[[29049,16564],[-126,1]],[[28923,16565],[-7,0]],[[28916,16565],[-18,0]],[[28898,16565],[-42,0]],[[28856,16565],[-547,4]],[[28309,16569],[1,254]],[[28310,16823],[0,30]],[[28310,16853],[0,5]],[[28310,16858],[1,210]],[[28311,17069],[0,1]],[[28311,17070],[1,3]],[[28312,17073],[0,55]],[[28312,17128],[-1,4]],[[28311,17132],[3,398]],[[28314,17530],[1,49]],[[28315,17579],[1,85]],[[28316,17664],[-83,1]],[[28233,17665],[-1,0]],[[28232,17665],[-414,1]],[[27798,17666],[-12,0]],[[27786,17666],[-115,1]],[[27671,17667],[-90,1]],[[27581,17668],[-14,-1]],[[27567,17667],[-19,-1]],[[27548,17666],[-98,-1]],[[27450,17665],[-3,0]],[[27447,17665],[-34,0]],[[27413,17665],[-6,0]],[[27407,17665],[-2,0]],[[27405,17665],[-42,0]],[[27363,17665],[-43,-1]],[[27320,17664],[-21,0]],[[27299,17664],[-8,0]],[[27291,17664],[-2,15]],[[27289,17679],[-6,0]],[[27283,17679],[-2,0]],[[27281,17679],[-32,0]],[[27249,17679],[-45,-2]],[[27204,17677],[-46,0]],[[27158,17677],[-14,0]],[[27144,17677],[-13,0]],[[27131,17677],[-7,0]],[[27124,17677],[-5,0]],[[27119,17677],[-6,0]],[[27113,17677],[-33,0]],[[27080,17677],[-76,1]],[[27004,17678],[-12,2]],[[26992,17680],[-9,1]],[[26982,17681],[-43,0]],[[26939,17681],[-32,1]],[[26907,17682],[-3,-1]],[[26904,17681],[-44,-2]],[[26860,17679],[-7,0]],[[26853,17679],[-6,1]],[[26847,17680],[-1,0]],[[26846,17680],[-58,1]],[[26788,17681],[-45,1]],[[26743,17682],[-41,0]],[[26702,17682],[-2,0]],[[26700,17682],[-17,0]],[[26683,17682],[-8,0]],[[26675,17682],[-7,0]],[[26668,17682],[-60,1]],[[26608,17683],[-103,0]],[[38825,13312],[184,-5]],[[39009,13307],[27,-1]],[[39036,13306],[39,-2]],[[39075,13304],[0,-27],[-17,1],[-1,-39],[5,-3],[36,11],[3,51],[92,-2],[94,-4]],[[39287,13292],[113,-4]],[[39400,13288],[0,5]],[[39400,13293],[0,1]],[[39400,13294],[0,21]],[[39400,13315],[0,15]],[[39400,13330],[47,2],[42,-1],[-2,-42],[3,-93],[-43,2],[-2,-46]],[[39445,13152],[-9,-227],[22,-1],[-8,-30],[-12,-8],[-4,-31],[44,0],[-4,-116],[8,-104]],[[39342,12636],[7,-31],[-11,-32],[-1,-31],[-81,-2],[-1,-112],[-83,0],[-89,-2]],[[39083,12412],[-133,0]],[[38950,12412],[-14,39],[-53,90],[-33,52],[-156,227],[-48,33],[3,4],[-235,163],[-78,91],[-84,191],[-2,27],[345,-11],[0,2]],[[28332,21928],[0,181],[-1,4],[144,259],[53,147]],[[28528,22519],[90,0]],[[28618,22519],[57,-2]],[[28675,22517],[148,0]],[[28823,22517],[61,0]],[[28884,22517],[26,0]],[[28910,22517],[2,1]],[[28912,22518],[1,0]],[[29352,20650],[-49,-28],[-16,-1],[-58,8],[-84,-9],[-17,2],[-123,71],[-24,-15],[-25,-47],[-46,-23],[-31,31],[-28,5],[-30,12],[-6,11],[-43,4],[-3,12],[-36,4],[-20,-13],[-13,28],[-14,-6],[-16,6],[-22,26],[0,25],[-25,-2],[-5,13],[-20,-15],[-31,-34],[5,-18],[-21,-5],[-9,-20],[-24,8],[-45,8],[-103,99],[-146,195]],[[28140,20982],[-1,90]],[[28139,21072],[0,361],[-1,80],[44,18],[-1,59],[25,0],[5,23],[46,0],[-6,43],[17,24],[6,19],[-36,41],[-3,8],[97,0],[0,180]],[[39411,14727],[82,6],[75,-3],[11,-3],[-2,-59],[23,-2],[21,-22],[130,-2],[109,-4]],[[39794,12635],[-1,47],[-15,0],[-6,16],[4,30],[8,20],[11,2],[1,23],[88,-4],[-24,53],[10,356],[6,96],[-86,2]],[[39790,13276],[-2,27],[-18,51],[-1,14],[-63,2],[3,94],[109,-5],[6,14],[2,41],[47,-1],[9,-6],[4,133],[-21,1],[3,110],[5,59],[3,138],[3,48]],[[39879,13996],[3,0]],[[39882,13996],[3,0]],[[39885,13996],[30,0]],[[39915,13996],[4,41],[16,33],[-51,-5],[-23,1],[0,21],[-128,6],[-17,-1],[-30,-88]],[[39686,14004],[-2,0]],[[39684,14004],[-2,0]],[[39681,14004],[-4,-136],[-7,-6],[-29,22]],[[39641,13884],[-32,26]],[[39609,13910],[-2,1]],[[39607,13911],[-8,5]],[[39599,13916],[0,1]],[[39599,13917],[1,45],[42,-2],[1,46],[-83,2],[-5,-57],[-84,65]],[[39475,14101],[-1,0],[12,372],[-3,47],[-9,35],[-63,172]],[[35625,22026],[500,1],[34,-9],[15,-8],[71,-54],[41,-12],[85,0],[2,81],[44,0],[-1,43],[43,0],[2,-26],[19,0],[8,26],[84,2],[0,23],[59,2],[1,-34],[17,0],[5,-31],[-21,-1],[4,-65],[10,-19],[23,-1],[0,40],[27,0],[1,45],[22,0],[1,-44],[-6,-40],[52,0],[1,39],[40,0],[0,-41],[45,-1],[43,-60],[6,19],[30,16],[32,0],[32,17],[17,-11],[48,18],[3,-12],[90,1],[-3,10],[66,-1]],[[37476,21302],[-134,2],[9,-41],[-53,-1],[-409,6],[0,-73],[10,0],[0,-25],[-10,-10],[-3,-258],[-127,0],[-2,-130],[-87,1],[0,-51],[-31,0],[-12,6],[-2,-91],[-205,5],[23,-13],[0,-42],[-25,-45],[-1,-53],[22,-3],[-1,-109],[-175,1],[0,-15]],[[38612,8833],[12,-2],[26,-18],[50,3]],[[38716,8416],[1,-48]],[[38717,8368],[10,0]],[[38727,8368],[31,1]],[[38758,8369],[16,0]],[[38774,8369],[20,1]],[[38799,8370],[1,-18]],[[38800,8352],[1,-51]],[[38801,8301],[0,-1]],[[38801,8300],[-6,0]],[[38795,8300],[-94,-3],[-67,1],[-10,-4],[-159,-1]],[[38465,8293],[-7,180],[-86,-2],[-25,3],[-13,10],[-6,17],[-13,332]],[[27298,15653],[84,0],[2,109],[-2,4],[152,1],[63,0]],[[27597,15767],[193,-2],[0,-91],[167,0],[1,12],[96,-136],[11,-14],[16,6],[43,29],[24,6],[208,-18],[45,-12],[146,-58],[17,-8]],[[31440,11701],[71,1]],[[31511,11702],[20,0]],[[31531,11702],[413,8]],[[31944,11710],[2,4]],[[31946,11714],[-3,193]],[[31943,11907],[-2,116]],[[31941,12023],[-2,175]],[[31939,12198],[-1,73]],[[31937,12301],[0,1]],[[31937,12302],[0,6]],[[31937,12308],[-2,143]],[[31935,12451],[-2,132]],[[31933,12583],[-1,139]],[[31932,12722],[-1,86]],[[31542,8515],[2,41],[-20,54],[-2,26],[-18,22],[-33,27],[23,15],[111,305],[29,23],[148,33],[-7,14],[-145,111],[-404,304],[53,81],[8,31],[3,283]],[[31290,9885],[0,17]],[[31290,9902],[2,154],[-1,35]],[[31291,10091],[-62,19],[-42,7],[-60,-3],[-19,2],[-30,12],[-16,14],[-16,23],[-11,43],[-7,398]],[[31962,35585],[-60,6],[-126,19],[-39,12]],[[31355,35768],[-31,15],[-6,12],[13,39],[40,38],[11,15],[7,30],[-2,70],[-9,-1],[-66,108],[-28,23],[-19,27],[-30,32],[-7,19],[10,12],[-6,41],[9,6],[-6,23],[0,103],[-23,-1],[-14,8],[-99,4],[-33,6],[-15,-12],[-44,1]],[[39308,8484],[12,0]],[[39313,7893],[-145,-4],[1,-37]],[[39169,7852],[-52,-1],[-33,-6],[-1,35],[-9,-1],[-2,46]],[[39072,7925],[-7,198],[-22,-1],[-1,42],[-22,11],[0,29],[-20,9],[-25,52],[-10,292]],[[38965,8557],[28,25],[64,3],[38,-12],[19,-26],[15,-28],[29,37],[28,11],[118,5],[-20,-23],[2,-66],[22,1]],[[27567,22515],[-41,-68]],[[27510,22416],[-9,-26]],[[27501,22390],[-28,-86]],[[27473,22304],[-61,-142]],[[27412,22162],[-11,-22]],[[27401,22140],[-9,-8]],[[27377,22122],[-82,-41],[-30,-28],[3,-53]],[[27268,22000],[1,-115],[10,0]],[[27279,21885],[10,-159],[-20,0],[0,-66],[-19,0]],[[27250,21660],[-1,0]],[[27249,21660],[-60,0],[-13,3],[-76,0],[-33,14],[-81,5],[-9,3],[-12,22],[-75,71],[-28,22],[-58,32],[-81,28],[-54,2],[-26,4],[-48,-1],[-17,-8],[0,-14]],[[38757,10114],[-3,183],[84,0],[-1,90],[-3,133]],[[39174,10391],[4,-155],[-11,14],[-32,0],[-2,-37],[3,-49],[-23,-2],[3,-20],[-21,-1],[1,-44]],[[39096,10097],[-53,-2],[0,-34],[-34,0],[1,-34],[-40,0],[2,-89],[-127,-1]],[[38845,9937],[-101,0],[-6,34],[14,34],[5,109]],[[27597,15767],[4,40],[-6,28],[25,43],[1,86],[-14,11]],[[27607,15975],[-4,4]],[[27603,15979],[-11,12]],[[27592,15991],[-31,46]],[[27561,16037],[-106,157]],[[27455,16194],[-39,49]],[[27416,16243],[-1,0]],[[27415,16243],[-21,31]],[[27394,16274],[-10,16]],[[27384,16290],[-14,32]],[[27370,16322],[-10,27]],[[27360,16349],[-5,21]],[[27355,16370],[-25,142]],[[27330,16512],[-4,19]],[[27326,16531],[-5,15]],[[27321,16546],[-7,18]],[[27314,16564],[-13,36]],[[27301,16600],[-17,44]],[[27284,16644],[-9,25]],[[27275,16669],[-4,9]],[[27271,16678],[-5,27]],[[27266,16705],[-1,32]],[[27265,16737],[11,66]],[[27276,16803],[5,44]],[[27281,16847],[0,65]],[[27281,16912],[1,4]],[[27282,16916],[0,26]],[[27282,16942],[-166,0],[-37,182],[-141,0],[0,32],[22,27],[12,42],[18,27],[-6,21],[18,19],[43,3],[36,-1],[22,-14],[10,9],[0,76],[-6,22],[16,0],[1,34],[-16,11],[-8,23],[-57,0],[-52,-4],[-74,4],[0,9],[-28,-1],[-15,-9],[-15,92],[-8,0],[-1,123],[-4,11]],[[30722,12480],[44,2]],[[30766,12482],[0,22]],[[30766,12504],[44,1],[0,-19],[22,8],[1,35],[82,-1],[-1,135],[-39,0],[-1,37],[11,11],[14,33],[17,17],[0,15],[-16,22],[-72,-1],[-1,68],[-21,0],[-1,21]],[[30818,12886],[79,1],[13,-13],[0,61]],[[30910,12935],[42,1],[-1,41],[-80,-3],[-1,101],[17,-8],[-1,90],[-42,0],[-2,89],[-145,-2]],[[30412,12185],[-5,21],[2,157],[26,2],[23,15],[21,32],[8,35],[5,55],[28,40],[9,25],[111,3],[0,-51],[-22,5],[1,-42],[103,-2]],[[29873,12396],[67,40],[21,21],[75,121],[52,57],[38,67],[23,87],[-2,38]],[[30147,12827],[-1,21]],[[30146,12848],[-25,8]],[[30121,12856],[-7,2]],[[30107,12880],[-9,76]],[[30098,12956],[-1,5]],[[32887,23606],[-12,35]],[[32875,23641],[-16,51],[-4,40],[86,2]],[[32941,23734],[73,6],[185,-14],[29,2],[47,11]],[[38704,8726],[169,8],[-4,90],[38,-7],[37,10],[138,7],[-3,96]],[[38965,8557],[-159,-6],[-1,23],[-181,-10]],[[29609,12399],[-27,-4],[-10,-22]],[[38822,7645],[128,4],[-1,37],[43,5],[0,65]],[[38992,7756],[-1,18]],[[38991,7774],[22,-10]],[[39013,7764],[36,-14],[38,-26],[22,-28],[24,7],[46,1],[-10,42],[0,31]],[[39169,7777],[0,75]],[[38911,7411],[4,11],[-1,43],[-43,-2],[-1,11]],[[38870,7474],[-2,81],[-43,-2],[-3,92]],[[38056,7622],[2,-60],[23,14],[13,-9],[44,-2]],[[38146,7024],[2,-72]],[[38148,6952],[0,-7]],[[38148,6945],[1,-29]],[[38149,6916],[0,-4]],[[38149,6912],[4,-98]],[[38153,6814],[0,-3]],[[38153,6811],[11,-12]],[[38164,6799],[2,-2]],[[38166,6797],[3,-13]],[[38169,6784],[1,-13]],[[38172,6705],[2,-53]],[[38174,6652],[5,-20]],[[38179,6632],[11,-18]],[[38190,6614],[15,-16]],[[38205,6598],[-20,-4],[-67,-64],[2,-148],[-8,-9],[-35,-1],[-3,-45]],[[38074,6327],[-168,-2]],[[36589,18730],[273,-1]],[[36862,18729],[258,0]],[[37120,18729],[259,-1]],[[37379,18728],[1,0]],[[37380,18728],[1,0]],[[37381,18728],[12,1]],[[37393,18729],[5,1]],[[37398,18730],[238,-2],[347,-4],[164,-1]],[[38147,18723],[42,-1]],[[38189,18722],[142,-1]],[[38331,18721],[1,0]],[[38332,18721],[99,0]],[[38431,18721],[7,0]],[[38438,18721],[26,0]],[[38464,18721],[9,-2]],[[38985,16903],[-62,133],[-39,79],[-34,1],[-23,7],[-225,2],[-1,24],[-21,18],[-31,1],[-47,-6],[-20,-10],[-43,-1],[-36,-26],[-32,-11],[-135,-1],[-20,-8]],[[37922,17097],[-33,0],[-32,-13],[-134,-38],[-90,0],[-2,-493]],[[37631,16553],[-339,-1]],[[37292,16552],[-82,-1]],[[37210,16551],[-92,0]],[[37118,16551],[-8,0]],[[39022,13478],[12,4]],[[39034,13482],[9,1]],[[39043,13483],[-6,-56],[5,-8]],[[39042,13419],[63,1],[-2,-48],[91,0],[10,33],[0,73],[65,-1],[6,-16],[-5,-63],[21,0],[0,-23],[43,1],[0,99],[31,-1],[4,88],[14,26],[35,16],[16,-16],[-1,-17],[17,-10],[-9,-51],[-20,-39]],[[39387,13435],[1,-3]],[[39388,13432],[1,-1]],[[39389,13431],[19,-5],[84,-4],[1,46],[43,-1],[6,181],[-88,2]],[[39790,13276],[-60,5],[-23,-13],[-6,-33],[-85,2],[2,45],[-43,2],[-3,-58],[-24,0],[-19,-9],[0,-68],[-84,3]],[[39009,13307],[4,113],[-2,29],[11,29]],[[39182,11372],[0,95],[-5,34],[5,32],[80,0],[2,2],[-3,184],[197,1]],[[39458,11720],[23,0]],[[39481,11720],[37,0]],[[39522,11721],[83,1],[142,0],[42,-23],[30,-2],[4,29],[1,43],[15,0]],[[39760,11082],[-14,-1]],[[39644,11094],[0,1]],[[39644,11095],[-2,3]],[[39642,11098],[4,7]],[[39646,11105],[0,3]],[[39646,11108],[0,10]],[[39646,11118],[-4,5]],[[39642,11123],[-42,2]],[[39600,11125],[-25,0]],[[39575,11125],[-15,0]],[[39560,11125],[-4,0]],[[39556,11125],[-2,0]],[[39554,11125],[-3,0]],[[39551,11125],[-3,0]],[[39548,11125],[-16,-1]],[[39532,11124],[-25,0]],[[39507,11124],[-13,0]],[[39494,11124],[-5,0]],[[39487,11124],[-130,0]],[[39357,11124],[-17,0]],[[39340,11124],[-8,0]],[[39332,11124],[-3,0]],[[39329,11124],[-41,0]],[[39288,11124],[-6,0]],[[39282,11124],[-10,0]],[[39272,11124],[-1,0]],[[39271,11124],[-2,0]],[[39269,11124],[-1,0]],[[39268,11124],[-8,0]],[[39260,11124],[-16,0]],[[39244,11124],[-16,0]],[[39228,11124],[-26,0]],[[39202,11124],[-18,0]],[[39184,11124],[-2,0]],[[39182,11124],[-3,0]],[[39179,11124],[-1,0]],[[39178,11124],[-3,0]],[[39175,11124],[-2,0]],[[39173,11124],[-4,0]],[[39169,11124],[-5,0]],[[39164,11124],[-2,0]],[[39162,11124],[-5,0]],[[39157,11124],[-5,0]],[[39152,11124],[-2,0]],[[39150,11124],[-45,1]],[[39105,11125],[-6,0]],[[39099,11125],[-2,0]],[[39097,11125],[-1,0]],[[39096,11125],[0,19]],[[39096,11144],[0,14]],[[39095,11175],[0,20]],[[39095,11195],[0,40]],[[39094,11289],[0,35]],[[39094,11324],[0,27]],[[38840,11354],[83,124],[1,148],[70,338],[9,29],[-2,92],[-5,0],[-2,182],[-46,145],[2,0]],[[39568,12633],[-8,-83],[-34,-41],[-7,-14],[-1,-133],[-2,-135],[3,-137],[-43,-1],[1,-186],[38,0],[4,-11],[1,-34]],[[39520,11858],[0,-11]],[[39520,11847],[0,-1]],[[39520,11846],[0,-33]],[[39520,11813],[-42,0],[3,-93]],[[39096,11125],[0,-1]],[[39096,11124],[-6,0]],[[39090,11124],[-45,16]],[[39045,11140],[-28,10]],[[39017,11150],[-4,2]],[[39013,11152],[-2,0]],[[39011,11152],[-4,2]],[[39007,11154],[-39,13]],[[38968,11167],[-39,14]],[[38929,11181],[-79,28]],[[38850,11209],[-8,4],[1,63],[-2,33]],[[28050,24144],[-1,-92],[-43,-74],[-4,-39]],[[28002,23939],[-16,-9]],[[27986,23930],[-12,-10]],[[27974,23920],[-6,-10]],[[27968,23910],[-5,-14]],[[27963,23896],[-1,-8]],[[27962,23888],[-2,-227]],[[27960,23661],[-2,-21]],[[27958,23640],[-7,-35]],[[27951,23605],[-3,-16]],[[27948,23589],[-8,-43],[-4,-58]],[[27936,23488],[0,-1]],[[27936,23487],[-2,-20]],[[27934,23467],[-63,-5],[-4,-143],[9,-54],[2,-33],[13,-55],[-13,-78],[-9,-24],[-73,-58],[-32,-37],[-41,-36],[-50,-73],[-52,-45],[-25,-32],[-51,-100],[-109,-1],[-43,1],[6,-15],[0,-34],[-13,-38],[6,-2],[-2,-90]],[[26107,22528],[38,26]],[[26145,22554],[-7,16]],[[26138,22570],[-1,40]],[[26137,22610],[0,98]],[[26137,22708],[1,3]],[[26138,22711],[1,19]],[[26139,22730],[0,53]],[[26139,22783],[0,6]],[[26139,22789],[0,9]],[[26139,22798],[1,93],[-11,23],[-29,20],[-3,13],[-2,108],[1,114],[-8,22],[0,68],[5,23],[33,42],[13,37],[1,65],[-2,76]],[[26138,23502],[-2,55],[-55,56]],[[25921,21207],[-14,-13]],[[25825,21065],[-24,0],[0,11],[-62,0],[-20,-13],[-3,22],[-14,-8],[-136,2],[0,-23],[-109,0],[-11,23],[-11,1]],[[25387,20988],[-2,-39],[-32,1],[-12,-13],[-70,2],[-8,-20],[-29,-118],[-29,-52],[-21,-27],[-12,-24],[3,-34]],[[25175,20664],[-7,0]],[[35505,15024],[1261,-6]],[[36766,15018],[147,-1]],[[36913,15017],[36,0]],[[36949,15017],[6,0]],[[36955,15017],[9,0]],[[36964,15017],[47,1]],[[37011,15018],[57,0]],[[37068,15018],[44,0]],[[37112,15018],[263,0]],[[37375,15018],[224,0]],[[37599,15018],[27,0]],[[37626,15018],[203,-2]],[[37829,15016],[1,0]],[[37830,15016],[62,1]],[[37892,15017],[209,3]],[[38101,15020],[39,1]],[[38140,15021],[52,0]],[[38192,15021],[6,0]],[[38198,15021],[454,-4]],[[38652,15017],[150,-3]],[[38802,15014],[3,0]],[[38805,15014],[13,0]],[[38824,15013],[55,-1]],[[38879,15012],[83,0]],[[38962,15012],[28,-1]],[[38990,15011],[171,-1]],[[39161,15010],[120,0]],[[39281,15010],[4,0]],[[39285,15010],[48,-80],[22,-55],[56,-148]],[[38850,11209],[-8,1]],[[38842,11210],[-240,85]],[[38602,11295],[-1,-1]],[[39268,11124],[4,-136],[-1,-25],[2,-170]],[[39273,10793],[3,-55],[11,-52],[1,-27],[-8,-14],[5,-18],[-22,-51],[-128,-178]],[[38934,10521],[-1,76],[-1,183],[-4,1]],[[38928,10781],[8,18],[-1,27],[-87,1],[-1,54],[8,32],[-8,29],[-1,21],[-199,3],[-28,-10],[-14,-20],[-5,-25]],[[39630,11068],[-19,-85],[-44,-183]],[[39567,10800],[-2,-9]],[[39565,10791],[-3,-14]],[[39562,10777],[-17,-69]],[[39545,10708],[-16,-66]],[[39529,10642],[-6,-26]],[[39523,10616],[-7,-29]],[[39516,10587],[-6,-24]],[[39510,10563],[-6,-26]],[[39504,10537],[-2,-8]],[[39502,10529],[-2,0]],[[39320,10114],[-14,-25],[-21,-55],[-104,-3],[-3,66],[-82,0]],[[26332,19949],[-40,-8],[-8,23],[-33,24],[-1,93],[-14,-5],[-34,4],[-20,-8],[-1,-24],[-91,-1],[0,17],[-21,0],[0,28]],[[26069,20092],[-1,34]],[[26068,20171],[0,102]],[[26068,20277],[-21,22]],[[26047,20299],[-8,7]],[[26038,20309],[-12,12]],[[26026,20321],[-217,229],[0,12]],[[25809,20562],[-2,193],[12,1],[5,44],[70,2],[81,-1],[19,5],[3,55],[-4,8],[-37,33],[12,80]],[[27299,21180],[30,3],[39,-22],[15,-1],[61,18],[13,-1]],[[27457,21177],[47,-24],[25,-5],[0,78],[1,31],[94,86],[124,0],[12,86],[106,-2],[58,12]],[[27924,21439],[2,1]],[[27927,21433],[0,-66]],[[27927,21367],[0,-78]],[[27927,21252],[-1,-31]],[[27926,21221],[-7,-59]],[[27919,21162],[-8,-67]],[[27911,21095],[-10,-79],[-9,-35]],[[27892,20981],[-78,-171],[-5,-20],[6,-126],[109,0]],[[27881,20171],[-50,-2],[-66,1],[-145,5],[-79,1],[-6,2],[-64,1]],[[26080,19605],[-10,53],[-2,44]],[[26002,19812],[-5,21]],[[25918,20002],[0,45],[14,0],[0,33],[86,0],[0,12],[51,0]],[[32605,35374],[-1,30],[-20,-2],[-54,-24],[-8,7],[-12,207],[-469,-6],[-79,-1]],[[34367,30274],[-3,1]],[[34364,30275],[-12,-1]],[[34352,30274],[-4,0]],[[34348,30274],[-7,0]],[[34341,30274],[-1,0]],[[34340,30274],[-1,0]],[[34339,30274],[-2,0]],[[34337,30274],[-14,0]],[[34323,30274],[-42,-14]],[[34281,30260],[-58,-19]],[[34223,30241],[-8,-2]],[[34215,30239],[-18,-6]],[[34197,30233],[-76,-22]],[[34121,30211],[1,-2]],[[34122,30209],[0,-4]],[[34122,30205],[2,-5]],[[34124,30200],[0,-15]],[[34124,30185],[0,-5]],[[34124,30180],[-19,-2]],[[34105,30178],[-10,-2]],[[34095,30176],[-12,-1]],[[34083,30175],[3,-45]],[[34086,30130],[0,-3]],[[34086,30127],[1,-13]],[[34087,30114],[1,-2]],[[34088,30112],[0,-1]],[[34088,30111],[0,-7]],[[34088,30104],[2,-24]],[[34090,30080],[0,-1]],[[34090,30079],[0,-4]],[[34090,30075],[0,-11]],[[34090,30064],[4,-62]],[[34094,30002],[4,-97]],[[34098,29905],[2,-83]],[[34101,29810],[0,-3]],[[34101,29807],[-1,-6]],[[34100,29801],[0,-8]],[[34100,29793],[1,-16]],[[34101,29777],[0,-1]],[[34101,29776],[2,-71]],[[34103,29705],[1,-48]],[[34104,29657],[1,-34]],[[34105,29623],[0,-1]],[[34105,29622],[7,-282]],[[34112,29340],[1,-17]],[[34113,29323],[0,-16]],[[34113,29307],[1,-28]],[[34114,29279],[-1,0]],[[34113,29279],[-7,0]],[[34106,29279],[-233,-7]],[[33873,29272],[-22,-3]],[[33851,29269],[-44,0]],[[33807,29269],[-5,-2]],[[33802,29267],[-20,0]],[[33782,29267],[-195,-4]],[[33587,29263],[-92,-1]],[[33495,29262],[-5,0]],[[33490,29262],[-21,-1]],[[33469,29261],[-65,-1]],[[33404,29260],[-236,-4]],[[33168,29256],[-5,0]],[[33163,29256],[-14,0]],[[39475,10043],[15,10],[42,2],[12,31],[-21,30]],[[39602,9675],[-176,-3]],[[39426,9672],[-13,71],[-1,20]],[[39412,9763],[-1,5]],[[39411,9768],[0,3]],[[39411,9771],[-1,57],[-10,6],[-3,66],[38,45]],[[38342,9859],[85,-23]],[[38512,10092],[84,-2]],[[38596,10090],[0,12]],[[38596,10102],[0,10]],[[38596,10112],[0,2]],[[38596,10114],[161,0]],[[38845,9937],[3,-91]],[[38848,9846],[0,-1]],[[38848,9845],[-12,0],[11,-44],[2,-76],[-2,-10]],[[38847,9715],[-79,23],[-1,-3]],[[38767,9735],[-2,-9],[6,-178],[22,-31],[1,-17]],[[38794,9500],[3,-122],[44,2],[14,-45],[1,-43]],[[38856,9292],[-167,-7],[3,-91]],[[38692,9194],[-20,-1],[-19,-11],[-17,-1],[-19,9],[-27,-2],[-19,-9],[-48,12],[-2,46],[-38,1],[-25,7],[-24,-5]],[[38434,9240],[-1,34],[-51,0],[-30,7],[-40,1],[-4,37],[-4,147],[-4,21]],[[38300,9487],[-31,75],[-9,34],[-4,44],[0,64],[11,27],[57,72],[4,17],[14,0],[0,39]],[[29887,26124],[158,-1],[13,-14],[5,-24],[13,-7],[116,-1],[75,78],[3,26],[19,21],[15,-9],[8,12],[20,-15],[17,3],[17,-9],[28,-34],[36,-19],[26,-2],[42,-14],[11,6],[36,-33],[48,-25],[37,-3],[45,18],[23,4],[2,-19],[29,11],[35,-11],[-25,-44],[19,5],[13,-32],[54,-11],[21,14],[17,2],[11,51],[40,17],[44,-10],[24,-14],[5,-17],[190,0],[0,94],[75,-48],[49,-4],[42,-20],[96,-15]],[[31446,24831],[0,-8]],[[31446,24823],[-1,-18]],[[31445,24805],[0,-120]],[[31445,24685],[0,-2]],[[31445,24683],[0,-49]],[[31445,24634],[0,-21]],[[31445,24613],[0,-12]],[[31445,24601],[0,-31]],[[31445,24570],[0,-10]],[[31445,24560],[0,-173]],[[31445,24238],[0,-75]],[[31445,24163],[0,-24]],[[31445,24139],[1,-230]],[[31446,23909],[0,-79]],[[31446,23830],[0,-19]],[[31446,23811],[0,-124]],[[31446,23687],[0,-83]],[[31446,23604],[0,-3]],[[27911,21095],[56,-23],[172,0]],[[27828,19271],[25,37],[106,169],[162,267],[4,10],[142,237],[-25,1],[-21,11],[-24,49],[-25,91],[-40,86],[-53,-4],[-28,-36],[-32,-16],[-37,-1],[-8,-23],[-60,-2],[-33,-9]],[[38312,8833],[-4,113],[10,35],[38,52],[12,24],[70,0],[-3,102],[-7,29],[8,38],[-2,14]],[[33249,25230],[2,0]],[[33251,25230],[15,0]],[[33266,25230],[2,0]],[[33268,25230],[10,0]],[[33616,25235],[0,10],[-20,43],[27,48],[34,42],[42,102],[14,27],[-37,5],[-41,-2],[-4,65],[67,1],[-1,27],[14,17],[0,68],[-7,33]],[[33789,24963],[-108,14],[-27,1],[-74,-9],[-182,0],[-43,-9],[-24,-11],[-28,-19],[-34,-30]],[[33269,24900],[-1,100],[10,34]],[[33278,25036],[0,42],[-40,2],[-1,44],[7,23],[-12,37],[12,16],[5,30]],[[33164,24426],[32,0]],[[33196,24426],[11,0]],[[33207,24426],[2,0]],[[33209,24426],[1,0]],[[33210,24426],[5,0]],[[33215,24426],[1,0]],[[33216,24426],[11,0]],[[33227,24426],[2,0]],[[33229,24426],[-1,90],[22,1],[-1,180],[-55,-1],[0,92],[27,4],[49,-2],[-1,110]],[[33616,23932],[8,63],[0,34],[-7,18],[-61,59],[-8,55],[-35,66],[-89,1],[-107,18],[-139,-1],[-29,-4]],[[33149,24241],[-28,-3]],[[33121,24238],[0,3]],[[33121,24241],[-1,49],[43,0],[1,136]],[[32105,23603],[144,188],[-9,49],[1,45],[15,44],[0,115],[-4,120],[4,24],[17,23],[2,92],[-6,15],[-31,46],[-9,42],[-1,101],[93,0]],[[32358,24564],[0,1]],[[32358,24565],[35,-26],[52,-23],[43,-32],[4,-221],[8,-18]],[[32500,24245],[27,-5]],[[32527,24240],[7,-1]],[[32538,24238],[18,0]],[[32556,24238],[23,0]],[[32579,24238],[3,0]],[[32582,24238],[24,2]],[[32606,24240],[9,0]],[[32615,24240],[14,0]],[[32629,24240],[13,0]],[[32642,24240],[47,0]],[[32689,24240],[46,1]],[[32735,24241],[35,-1]],[[32770,24240],[17,0]],[[32787,24240],[3,0]],[[32790,24240],[4,-1]],[[32794,24239],[4,12]],[[32798,24251],[16,69]],[[32814,24320],[0,3]],[[32814,24323],[1,9]],[[32815,24332],[1,0]],[[32816,24332],[12,0]],[[32828,24332],[7,0]],[[32835,24332],[15,0]],[[32850,24332],[2,0]],[[32852,24332],[1,0]],[[32853,24332],[3,0]],[[32856,24332],[11,0]],[[32867,24332],[15,0]],[[32882,24332],[0,46],[74,0]],[[32956,24378],[5,0]],[[32961,24378],[8,-34]],[[32969,24344],[5,-33]],[[32974,24311],[1,-2]],[[32975,24309],[7,-31]],[[32982,24278],[7,-29]],[[32989,24249],[1,-5]],[[32990,24244],[41,0],[-13,-27]],[[33018,24217],[-5,-19],[16,-3],[27,8],[0,32],[65,3]],[[32219,23602],[-112,1]],[[38393,7747],[43,1],[40,-4]],[[38476,7744],[23,-7],[25,4],[40,22],[30,4],[44,-2],[15,1],[22,6],[16,0],[30,-11],[24,-2],[30,12],[2,-83],[50,1],[-6,-11],[1,-33]],[[38676,6784],[-1,31],[-52,-1],[-1,23],[-42,2],[-1,19],[26,8],[23,0],[15,25],[-8,15],[38,1],[-2,91],[-22,0],[-11,26],[45,-1],[9,13],[-22,25],[-5,120],[-42,-1],[0,7],[-43,5],[0,21],[-22,9],[-3,90],[-4,23],[24,1],[-4,116]],[[38571,7452],[-4,90],[-2,93],[-169,-7]],[[37631,16553],[-1,-252],[7,-23],[340,-1],[197,1],[387,-2],[246,-3],[32,-14],[3,27],[-21,20],[-40,64],[-9,36],[-3,53],[0,148],[17,-2],[-5,33],[-50,157],[104,-2],[-1,-136],[22,0],[0,11],[21,0],[4,-26],[92,38],[12,17],[2,21],[-8,28],[-16,12],[-32,0],[27,24],[73,26],[-17,32],[-29,63]],[[27581,22515],[13,0]],[[27594,22515],[31,0]],[[27625,22515],[9,-1]],[[27634,22514],[95,1]],[[27729,22515],[8,0]],[[27737,22515],[18,0]],[[27755,22515],[2,0]],[[27757,22515],[24,0]],[[27781,22515],[1,0]],[[27782,22515],[9,0]],[[27791,22515],[219,1]],[[28010,22516],[84,0]],[[28094,22516],[41,0]],[[28135,22516],[141,0]],[[28276,22516],[29,0]],[[28305,22516],[170,2]],[[28475,22518],[53,1]],[[27926,21440],[-3,28]],[[27923,21468],[0,1]],[[27923,21469],[0,2]],[[27923,21471],[-5,56],[-19,45],[-80,97],[-15,25],[-8,24],[-14,74]],[[27782,21792],[-381,1]],[[27401,21793],[0,4]],[[27401,21809],[0,53]],[[27401,21862],[1,22]],[[27402,21884],[-123,1]],[[27092,21251],[44,0]],[[27142,21251],[41,1],[0,40],[43,0],[0,51]],[[27247,21581],[-2,32],[5,47]],[[38795,8300],[0,-20]],[[38795,8280],[1,-45]],[[38796,8235],[2,-74]],[[38798,8161],[8,0]],[[38806,8161],[0,-16]],[[38806,8145],[0,-1]],[[38806,8144],[1,-20]],[[38807,8124],[1,-25]],[[38808,8099],[2,-46]],[[38810,8053],[1,-14]],[[38811,8039],[0,-3]],[[38832,8037],[0,-4]],[[38832,8033],[1,-24]],[[38833,8009],[-16,-1],[6,-23],[-10,-23],[4,-32]],[[38817,7930],[17,4]],[[38834,7934],[16,4]],[[38850,7938],[7,1]],[[38857,7939],[0,-24]],[[38857,7915],[2,-55],[41,-32]],[[38902,7828],[1,-10],[53,-32],[35,-12]],[[38476,7744],[0,2]],[[38476,7746],[-2,175],[-4,194],[85,0],[-23,24],[-65,57],[-2,97]],[[27099,18510],[-62,16],[-29,0],[-24,-14],[-27,84],[-1,61],[-92,0],[5,239],[-139,-5],[-15,-2],[-54,-24],[-21,-4],[-27,4],[-60,19],[-106,-2],[-27,2]],[[37872,8832],[23,0]],[[38074,6327],[4,-2],[-133,-158],[-14,-24],[-115,-138],[-77,-91]],[[37739,5914],[-11,-16],[-12,-34],[-46,-61],[-6,-25],[-117,-1],[0,-23],[-22,0],[1,-68],[42,1],[1,-45],[10,0],[0,-46],[162,1],[0,-90],[97,0],[0,22],[10,22],[22,1],[0,54],[21,0],[0,37],[-21,0],[-1,44],[15,32],[-2,20],[-13,39],[0,47],[-77,0],[89,66]],[[37969,6006],[4,36],[9,20],[29,28],[62,78],[14,12],[34,10],[81,17],[24,15],[25,38],[6,30],[-1,87]],[[38256,6377],[19,-1]],[[38275,6376],[-1,-21]],[[38274,6355],[19,-5]],[[38293,6350],[20,-10]],[[38313,6340],[8,-17]],[[38321,6323],[14,-12]],[[38335,6311],[11,-10]],[[38346,6301],[32,-20]],[[38378,6281],[17,0]],[[38395,6281],[6,0]],[[38401,6281],[10,0]],[[38411,6281],[5,0]],[[38416,6281],[11,-8]],[[38427,6273],[10,-12]],[[38437,6261],[5,-10]],[[38442,6251],[1,-1]],[[38443,6250],[1,-2]],[[38444,6248],[1,-2]],[[38445,6246],[1,-1]],[[38446,6245],[0,-1]],[[38446,6244],[5,-8]],[[38451,6236],[2,-9]],[[32117,24865],[130,2],[12,-1],[184,2],[114,2],[170,2],[42,1],[122,1]],[[32886,24763],[-15,-35],[0,-57],[-4,-19],[-52,-44],[2,-261],[-2,-15]],[[32358,24565],[-43,39],[-35,38],[-39,26],[-57,50],[-47,31],[-7,14],[22,27],[0,32],[-34,-1],[-1,44]],[[39426,9672],[-71,-2],[-78,-23],[-2,49],[-25,-15],[-11,-17],[-14,-2],[-29,-21],[-34,-5],[-17,-9],[-52,21],[-65,16]],[[39028,9664],[-3,1]],[[39025,9665],[-2,1]],[[39023,9666],[-176,49]],[[25208,22518],[-25,0]],[[25175,20664],[13,-39],[13,-24],[20,-87],[12,-22],[140,-2]],[[25373,20490],[5,0]],[[25378,20490],[3,0]],[[25381,20490],[23,0]],[[25404,20490],[1,0]],[[25405,20490],[7,0]],[[25412,20490],[3,0]],[[25415,20490],[1,0]],[[25416,20490],[21,-1]],[[25437,20489],[5,0]],[[25442,20489],[4,-1]],[[25446,20488],[3,-1]],[[25449,20487],[3,-2]],[[25459,20479],[17,-13]],[[25476,20466],[26,0]],[[25502,20466],[21,-1]],[[25523,20465],[9,-1]],[[25532,20464],[60,0]],[[25592,20464],[12,0]],[[25604,20464],[13,0]],[[25617,20464],[8,0]],[[25625,20464],[8,0]],[[25633,20464],[21,0]],[[25654,20464],[1,0]],[[25655,20464],[10,-1]],[[25665,20463],[5,0]],[[25670,20463],[7,0]],[[25677,20463],[10,0]],[[25687,20463],[14,53],[45,71],[17,13],[36,-38],[10,0]],[[37798,9975],[1,17]],[[37799,9992],[9,0]],[[37808,9992],[4,10],[36,-3],[365,-100],[43,-16],[86,-24]],[[37853,8832],[-14,540],[0,110]],[[37839,9482],[-1,26]],[[37838,9508],[-6,289]],[[37832,9797],[-34,172]],[[38256,6377],[-1,55]],[[38255,6432],[-3,0]],[[38252,6432],[-27,7]],[[38225,6439],[-14,2]],[[38211,6441],[-5,1]],[[38206,6442],[-1,35]],[[38205,6477],[19,27]],[[38224,6504],[12,15]],[[38236,6519],[10,22],[31,36],[18,26],[45,116],[17,55],[-24,26],[-5,19],[-18,1],[-39,27],[-13,1],[-17,15],[-14,3],[-41,19],[-6,28],[-31,-1]],[[33249,25230],[-29,0]],[[33220,25230],[-15,-1]],[[33205,25229],[-1,0]],[[33204,25229],[-14,0]],[[33190,25229],[-12,0]],[[33178,25229],[0,5]],[[33178,25234],[0,3]],[[33178,25237],[0,36]],[[33178,25273],[0,21]],[[33178,25294],[-2,62]],[[33176,25356],[0,8]],[[33176,25364],[0,2]],[[33176,25366],[-1,36]],[[33175,25402],[0,7]],[[33175,25409],[-12,0]],[[33163,25409],[-1,0]],[[33162,25409],[-24,-1]],[[33122,25408],[-36,0]],[[33086,25408],[-59,-1]],[[33027,25407],[-2,0]],[[33024,25407],[-23,0]],[[33001,25407],[0,7]],[[33001,25414],[-18,0]],[[32982,25414],[-1,0]],[[32981,25414],[-2,0]],[[32979,25414],[-3,0]],[[32976,25414],[-13,0]],[[32963,25414],[-2,0]],[[32961,25414],[-12,0]],[[32949,25414],[-10,-1]],[[32939,25413],[-13,0]],[[32926,25413],[-1,0]],[[32925,25413],[-10,0]],[[32915,25413],[-42,0]],[[32873,25413],[-8,0]],[[32865,25413],[-2,0]],[[32863,25413],[-1,0]],[[32862,25413],[-2,0]],[[32860,25413],[-11,0]],[[32849,25413],[-6,0]],[[32843,25413],[-26,-1]],[[32817,25412],[-98,0]],[[32073,24865],[44,0]],[[32929,25054],[-75,-1],[-21,24],[-8,47],[-38,40],[4,59],[-29,8],[-16,0],[2,25],[-27,22]],[[32765,25300],[-23,0],[0,17],[20,-1],[-5,20],[3,31],[-7,22],[-11,11],[-22,0]]],"transform":{"scale":[0.0001900917139206183,0.00016184022100552522],"translate":[-87.63484046511081,24.527437]},"objects":{"cd":{"type":"GeometryCollection","geometries":[{"arcs":[[[0,1,2,3,4,5,6,7,8,9,10,11,12,13,14,15,16,17,18,19,20,21,22,23,24,25,26,27,28,29,30,31,32,33,34,35,36,37,38,39,40,41,42,43,44,45,46,47,48,49,50,51,52,53,54,55,56,57,58,59,60,61,62,63,64,65,66,67,68,69,70,71,72,73,74,75,76,77,78,79,80,81,82,83,84,85,86,87,88]],[[89,90,91,92,93,94,95,96,97,98,99,100,101,102,103,104,105]],[[106]],[[107]]],"type":"MultiPolygon","properties":{"d":"19"}},{"arcs":[[108,109,110,111,112,113,114,115,116,117,118,119,120,121,122,123,124,125,126,127,128,129,130,131,132,133,134,135,136,137,138,139,140,141,142,143,144,145,146,147,148,149,150,151,152,153,154,155,156,157,158,159,160,161,162,163,164,165,166,167,168,169,170,171,172,173,174,175,176,177,178,179,180,181,182,183,184,185,186,187,188,189,190,191,192,193,194,-45,-44,-43,-42,-41,-40,-39,-38,-37,-36,-35,-34,-33,-32,-31,-30,-29,-28,-27,-26,-25,-24,-23,-22,-21,-20,-19,-18,-17,-16,-15,-14,-13,-12,-11,-10,-9,-8,-7,-6,-5,-4,-3,-2,195,196,197,198,199,200,201,202,203,204,205,206,207,208,209,210,211,212,213,214,215,216,217,218,219,220,221,222,223,224,225,226,227,228,229,230,231,232,233,234,235,236,237,238,239,240,241,242,243,244,245,246,247,248,249,250,251,252,253,254,255,256,257,258,259,260,261,262,263,264,265,266,267,268,269,270,271,272,273,274,275,276,277,278,279,280,281,282,283]],"type":"Polygon","properties":{"d":"22"}},{"arcs":[[-217,-216,-215,-214,-213,-212,-211,-210,-209,-208,-207,-206,-205,-204,284,285,286,287,288,289,290,291,292,293,294,295,296,297,298,299,300,301,302,303,304,305,306,307,308,309,310,311,312,313,314,315,316,317,318,319,320,321,322,323,324,325,326,327,328,329,330,331,332,333,334,335,336,337,338,339,340,341,342,343,344,345,346,347,348,349,350,351,352,353,354,355,356,357,358,359,360,361,362,363,364,365,366,367,368,369,370,371,372,373,374,375,376,377,378,379,380,381,382,383,384,385,386,387,388,389,390,391,392,393,394,395,396,397,398,399,400,401,402,403,404,405,406,407,408,409,410,411,412,413,414,415,416,417,418,419,420,421,422,423,424,425,426,427,428,429,430,431,432,433,434,435,436,437,438,439,440,441,442,443,444,445,446,447,448,449,450,451,452,453,454,455,456,457,458,459,460,461,462,463,464,465,466,467,468,469,470,471,472,473,474,475,476,477,478,479,480,481,482,483,484,485,486,487,488,489,490,491,492,493,494,495,496,497,498,499,500,501,502,503,504,505,506,507,508,509,510,511,512,513,514,515,516,517,518,519,520,521,522,523,524,525,526,527,528,529,530,531,532,533,534,535,536,537,538,539,540,541,542,543,544,545,546,547,548,549,550,551,552,553,554,555,556,557,558,559,560,561,562,563,564,565,566,567,568,569,570,571,572,573,574,575,576,577,578,579,580,581,582,583,584,585,586,587,588,589,590,591,592,593,594,595,596,597,598,599,600,601,602,603,604,605,606,607,608,609,610,611,612,613,614,615,616,617,618,619,620,621,622,623,624,625,626,627,628,629,630,631,632,633,634,635,636,637,638,639,640,641,642,643,644,645,646,647,648,649,650,651,652,-247,-246,-245,-244,-243,-242,-241,-240,-239,-238,-237,-236,-235,-234,-233,-232,-231,-230,-229,-228,-227,-226,-225,-224,-223,-222,-221,-220,-219,-218]],"type":"Polygon","properties":{"d":"9"}},{"arcs":[[653,654,655,656,657,658,659,660,661,662,663,664,665,666,667,668,669,670,671,672,673,674,675,676,677,678,679,680,681,682,683,684,685,686,687,688,689,690,691,692,693,694,695,696,697,698,699,700,701,702,703,704,705,706,707,708,709,710,711,712,713,714,715,716,717,718,719,720,721,722,723,724,725,726,727,728,729,730,731,732,733,734,735,736,737,738,739,740,741,742,743,744,745,746,747,748,749,750,751,752,753,754,755,756,757,758,759,760,761,762,763,764,765,766,767,768,769,770,771,772,773,774,775,776,777,778,779,780,781,782,783,784,785,786,787,788,789,790,791,792,793,794,795,796,797,798,799,800,801,802,803,804,805,806,807,808,809,810,811,812,813,814,815,816,817,818,819,820,821,822,823,824,825,826,827,828,829,830,831,832,833,834,835,836,837,838,839,840,841,842,843,844,845,846,847,848,849,850,851,852,853,-494,-493,-492,-491,-490,-489,-488,-487,-486,-485,-484,-483,-482,-481,-480,-479,-478,-477,-476,-475,-474,-473,-472,-471,-470,-469,-468,-467,-466,-465,-464,-463,-462,-461,-460,-459,-458,-457,-456,-455,-454,-453,-452,-451,-450,-449,-448,-447,-446,-445,-444,-443,-442,-441,-440,-439,-438,-437,-436,-435,-434,-433,-432,-431,-430,-429,-428,-427,-426,-425,-424,-423,-422,-421,-420,-419,-418,-417,-416,-415,-414,-413,-412,-411,-410,-409,-408,-407,-406,-405,-404,-403,-402,-401,-400,-399,-398,-397,-396,-395,-394,-393,-392,-391,-390,-389,-388,-387,-386,-385,-384,-383,-382,-381,-380,-379,-378,-377,-376,-375,-374,-373,-372,-371,-370,-369,-368,-367,-366,-365,-364,-363,-362,-361,-360,-359,-358,-357,-356,-355,-354,-353,-352]],"type":"Polygon","properties":{"d":"18"}},{"arcs":[[[854,855,856,857,858,859,860,861,862,863,864,865,866,867,868,869,870,871,872,873,874,875,876,877,878,879,880,881,882,883,884,885,886,887,888,889,890,891,892,893,894,895,896,897,898,899,900,901,902,903,904,905,906,907,908,909,910,911,912,913,914,915,916,917,918,919,920,921,922,923,924,925,926,927,928,929,930,931,932,933,934,935,936,937,938,939,940,941,942,943,944,945,946,947,948,949,950,951,952,953,954,955,956,957,958,959,960,961,962,963,964,965,966,967,968,969,970,971,972,973,974,975,976,977,978,979,980,981,982,983,984,985,986,987,988,989,990,991,992,993,994,995,996,997,998,999,1000,1001,1002,1003,1004,1005,1006,1007,1008,1009,1010,1011,1012,1013,1014,1015,1016,1017,1018,1019,1020,1021,1022,1023,1024,1025,1026,1027,1028,1029,1030,1031,1032,1033,1034,1035,1036,1037,1038,1039,1040,1041,1042,1043,1044,1045,1046,1047,1048,1049,1050,1051,1052,1053,1054,1055,1056,1057,1058,1059,1060,1061,1062,1063,1064,1065,1066,1067,1068,1069,1070,1071,1072,1073,1074,1075,1076,1077,1078,1079,1080,1081,1082,1083,1084,1085,1086,1087,1088,1089,1090,1091,1092,1093,1094,1095,1096,1097,1098,1099,1100,1101,1102,1103,1104,1105,1106,1107,1108,1109,1110,1111,1112,1113,1114,1115,1116,1117,1118,1119,1120,1121,1122,1123,1124,1125,1126,1127,1128,1129,1130,1131,1132,1133,1134,1135,1136,1137,1138,1139,1140,1141,1142,1143,1144,1145,1146,1147,1148,1149,1150,1151,1152,1153,1154,1155,1156,1157,1158,1159,1160,1161,1162,1163,1164,1165,1166,1167,1168,1169,1170,1171,1172,1173,1174,1175,1176,1177,1178,1179,1180,1181,1182,1183,1184,1185,1186,1187,1188,1189,1190,1191,1192,1193,1194,1195,1196,1197,1198,1199,1200,1201,1202,1203,1204,1205,1206,1207,1208,1209,1210,1211,1212,1213,1214,1215,1216,1217,1218,1219,1220,1221,1222,1223,1224,1225,1226,1227,1228,1229,1230,1231,1232,1233,1234,1235,1236,1237,1238,1239,1240,1241,1242,1243,1244,1245,1246,1247,1248,1249,1250,1251,1252,1253,1254,1255,1256,1257,1258,1259,1260,1261,1262,1263,1264,1265,1266,1267,1268,1269,1270,1271,1272,1273,1274,1275,1276,1277,1278,1279,1280,1281,1282,1283,1284,1285,1286,1287,1288,1289,1290,1291,1292,1293,1294,1295,1296,1297,1298,1299,1300,1301,1302,1303,1304,1305,1306,1307,1308,1309,1310,1311,1312,1313,1314,1315,1316,1317,1318,1319,1320,1321,1322,1323,1324,1325,1326,1327,1328,1329,1330,1331,1332,1333,1334,1335,1336,1337,1338,1339,1340,1341,1342,1343,1344,1345,1346,1347,1348,1349,1350,1351,1352,1353,1354,1355,1356,1357,1358,1359,1360,1361,1362,1363,1364,1365,1366,1367,1368,1369,1370,1371,1372,1373,1374,1375,1376,1377,1378,1379,1380,1381,1382,1383,1384,1385,1386,1387,1388,1389,1390,1391,1392,1393,1394,1395,1396,1397,1398,1399,1400,1401,1402,1403,1404,1405,1406,1407,1408,1409,1410,1411,1412,1413,1414,1415,1416,1417,1418,1419,1420,1421,1422,1423,1424,1425,1426,1427,1428,1429,1430,1431,1432,1433,1434,1435,1436,1437,1438,1439,1440,1441,1442,1443,1444,1445,1446,1447,1448,1449,1450,1451,1452,1453,1454,1455,1456,1457,1458,1459,1460,1461,1462,1463,1464,1465,1466,1467,1468,1469,1470,1471,1472,1473,1474,1475,1476,1477,1478,1479,1480,1481,1482,1483,1484,1485,1486,1487,1488,1489,1490,1491,1492,1493,1494,1495,1496,1497,1498,1499,1500,1501,1502,1503,1504,1505,1506,1507,1508,1509,1510,1511,1512,1513,1514,1515,1516,1517,1518,1519,1520,1521,1522,1523,1524,1525,1526,1527,1528,1529,1530,1531,1532,1533,1534,1535,1536,1537,1538,1539,1540,1541,1542,1543,1544,1545,1546,1547,1548,1549,1550,1551,1552,1553,1554,-736,-735,-734,-733,-732,-731,-730,-729,-728,-727,-726,-725,-724,-723,-722,-721,-720,-719,-718,-717,-716,-715,-714,-713,-712,1555,1556,1557,1558,1559,1560,1561,1562,1563,1564,1565,1566,1567,1568,1569,1570,1571,1572,1573,1574,1575]],[[1576]]],"type":"MultiPolygon","properties":{"d":"15"}},{"arcs":[[[1577,1578,1579,1580,1581,1582,1583,1584,1585,1586,1587,1588,1589,1590,1591,1592,1593,1594,1595,1596,1597,1598,1599,1600,1601,1602,1603,1604,1605,1606,1607,1608,1609,1610,1611,1612,1613,1614,1615,1616,1617,1618,1619,1620,1621,1622,1623,1624,1625,1626,1627,1628,1629,1630,1631,1632,1633,1634,1635,1636,1637,1638,1639,1640,1641,1642,1643,1644,1645,1646,1647,1648,1649,1650,1651,1652,1653,1654,1655,1656,1657,1658,1659,1660,1661,1662,1663,1664,1665,1666,1667,1668,1669,1670,1671,1672,1673,1674,1675,1676,1677,1678,1679,1680,1681,1682,1683,1684,1685,1686,1687,1688,1689,1690,1691,1692,1693,1694,1695,1696,1697,1698,1699,1700,1701,1702,1703,1704,1705,1706,1707,1708,1709,1710,1711,1712,1713,1714,1715,1716,1717,1718,1719,1720,1721,1722,1723,1724,1725,1726,1727,1728,1729,1730,1731,1732,1733,1734,1735,1736,1737,1738,1739,1740,1741,1742,1743,1744,1745,1746,1747,1748,1749,1750,1751,1752,1753,1754,1755,1756,1757,1758,1759,1760,1761,1762,1763,1764,1765,1766,1767,1768,1769,1770,1771,1772,1773,1774,1775,1776,1777,1778,1779,1780,1781,1782,1783,1784,1785,1786,1787,1788,1789,-193,-192,-191,-190,-189,-188,-187,-186,-185,-184,-183,-182,-181,1790,1791,1792,1793,1794,1795,1796,1797,1798,1799,1800,1801,1802,1803,1804,1805,1806,1807,1808,1809,1810,1811,1812,1813,1814,1815,1816,1817,1818,1819,1820,1821,1822,1823,1824,1825,1826,1827,1828,1829,1830,1831,1832,1833]],[[1834]],[[1835]],[[1836]],[[1837]],[[1838]],[[1839]],[[1840]],[[1841]],[[1842]],[[1843]],[[1844]],[[1845]],[[1846]],[[1847]],[[1848]],[[1849]],[[1850]]],"type":"MultiPolygon","properties":{"d":"28"}},{"arcs":[[1851,1852,1853,1854,1855,1856,1857,1858,1859,1860,1861,1862,1863,1864,1865,1866,1867,1868,1869,1870,1871,1872,1873,1874,1875,1876,1877,1878,1879,1880,1881,1882,1883,1884,1885,1886,1887,1888,1889,1890,1891,1892,1893,1894,1895,1896,1897,1898,1899,1900,1901,1902,1903,1904,1905,1906,1907,1908,-914,-913,-912,-911,-910,-909,-908,-907,-906,-905,-904,-903,-902,-901,-900,-899,-898,-897,-896,-895,-894,-893,-892,-891,-890,-889,-888,-887,-886,-885,-884,-883,-882,-881,-880,-879,-878,-877,-876,-875,-874,-873,-872,-871,-870,-869,-868,-867,-866,-865,-864,-863,-862,-861,-860,-859,-858,-857,-856,-855,-1576]],"type":"Polygon","properties":{"d":"12"}},{"arcs":[[[-1573,-1572,-1571,-1570,-1569,-1568,-1567,-1566,-1565,-1564,-1563,-1562,-1561,-1560,-1559,-1558,-1557,-1556,-711,-710,-709,-708,-707,-706,-705,-704,-703,-702,-701,-700,-699,-698,-697,-696,-695,-694,-693,-692,-691,-690,-689,-688,-687,-686,-685,-684,-683,-682,-681,-680,-679,-678,-677,-676,-675,-674,-673,-672,-671,-670,-669,-668,-667,-666,-665,-664,-663,-662,-661,-660,-659,1909,1910,1911,1912,1913,1914,1915,1916,1917,1918,1919,1920,1921,1922,1923,1924,1925,1926,1927,1928,1929,1930,1931,1932,1933,1934,1935,1936,1937,1938,1939,1940,1941,1942,1943,1944,1945,1946,1947,1948,1949,1950,-1877,-1876,-1875,-1874,-1873,-1872,-1871,-1870,-1869,-1868,-1867,-1866,-1865,-1864,-1863,-1862,-1861,-1860,-1859,-1858,-1857,-1856,-1855,-1854,-1853,-1852,-1575,-1574]],[[1951]],[[1952]]],"type":"MultiPolygon","properties":{"d":"14"}},{"arcs":[[-86,-85,-84,-83,-82,-81,-80,-79,-78,-77,-76,-75,-74,-73,-72,-71,-70,-69,-68,-67,-66,-65,-64,-63,-62,-61,-60,-59,-58,-57,-56,-55,1953,1954,1955,1956,-105,-104,-103,-102,-101,-100,-99,-98,-97,-96,-95,-94,-93,-92,-91,-90,1957,1958,1959,1960,1961,1962,1963,1964,1965,1966,1967,1968,1969,1970,1971,1972,1973,1974,1975,1976,1977,1978,1979,1980,1981,1982,1983,1984,1985,1986,1987,1988,1989,1990,1991,1992,1993,1994,1995,1996,1997,1998,1999,2000,2001,2002,2003,2004,2005,2006,2007,2008,2009,2010,2011,2012,2013,2014,2015,2016,2017,2018,2019,2020,2021,2022,2023,2024,-294,-293,-292,-291,-290,-289,-288,-287,-286,-285,-203,-202,-201,-200,-199,-198,-197,-196,-1,-89,-88,-87]],"type":"Polygon","properties":{"d":"17"}},{"arcs":[[2025,2026,2027,2028,2029,2030,2031,2032,2033,2034,2035,2036,2037,2038,2039,2040,2041,2042,2043,2044,2045,2046,2047,2048,2049,2050,2051,2052,2053,2054,2055,2056,2057,2058,2059,2060,2061,2062,2063,2064,2065,2066,2067,2068,2069,2070,2071,2072,2073,2074,2075,2076,2077,2078,2079,2080,2081,2082,2083,2084,2085,2086,2087,2088,2089,2090,2091,2092,2093,2094,2095,2096,2097,2098,2099,2100,2101,2102,2103,2104,2105,2106,2107,2108,2109,2110,2111,2112,2113,2114,2115,2116,2117,2118,2119,2120,2121,2122,2123,2124,2125,2126,2127,2128,2129,2130,2131,2132,2133,2134,2135,2136,2137,2138,2139,2140,2141,2142,2143,2144,2145,2146,2147,2148,2149,2150,2151,2152,2153,2154,2155,2156,2157,2158,2159,2160,2161,2162,2163,2164,2165,2166,2167,2168,2169,2170,2171,2172,2173,2174,2175]],"type":"Polygon","properties":{"d":"24"}},{"arcs":[[-1806,-1805,-1804,-1803,-1802,-1801,-1800,-1799,-1798,-1797,-1796,-1795,-1794,-1793,-1792,-1791,-180,-179,-178,-177,-176,-175,-174,-173,-172,-171,-170,-169,-168,-167,-166,-165,-164,-163,2176,-2039,-2038,-2037,-2036,-2035,-2034,-2033,-2032,-2031,-2030,-2029,-2028,-2027,-2026,-2176,-2175,-2174,-2173,-2172,-2171,-2170,-2169,-2168,-2167,-2166,-2165,-2164,-2163,-2162,-2161,-2160,-2159,-2158,-2157,-2156,-2155,-2154,-2153,-2152,-2151,-2150,-2149,-2148,-2147,-2146,-2145,-2144,-2143,-2142,-2141,-2140,-2139,-2138,-2137,-2136,-2135,-2134,-2133,-2132,-2131,-2130,-2129,-2128,-2127,-2126,-2125,-2124,-2123,-2122,-2121,-2120,-2119,-2118,-2117,-2116,-2115,-2114,-2113,-2112,-2111,-2110,2177,2178,2179,2180,2181,2182,2183,2184,2185,2186,2187,2188,2189,2190,2191,2192,2193,2194,2195,2196,2197,2198,2199,2200,2201,2202,2203,2204,2205,2206,2207,2208,2209,2210,2211,2212,2213,2214,2215,2216,2217,2218,2219,2220,2221,-1808,-1807]],"type":"Polygon","properties":{"d":"26"}},{"arcs":[[-2071,-2070,-2069,-2068,-2067,-2066,-2065,-2064,-2063,-2062,-2061,-2060,-2059,-2058,-2057,-2056,-2055,-2054,-2053,-2052,-2051,-2050,-2049,-2048,-2047,-2046,-2045,-2044,-2043,-2042,-2041,-2040,-2177,-162,-161,-160,-159,-158,2222,2223,2224,2225,2226,2227,2228,2229,2230,2231,2232,2233,2234,2235,2236,2237,2238,2239,2240,2241,2242,2243,2244,2245,2246,2247,2248,2249,2250,2251,2252,2253,2254,2255,2256,2257,2258,2259,2260,2261,2262,2263,2264,2265,2266,2267,2268,2269,2270,2271,2272,2273,2274,2275,2276,2277,2278,2279,2280,2281,2282,2283,2284,2285,2286,2287,2288,2289,2290,2291,2292,2293,2294,2295,2296,2297,2298,2299,2300,2301,2302,2303,2304,2305,2306,2307,2308,2309,2310,2311,2312,2313,2314,2315,2316,2317,2318,2319,2320,-140,-139,-138,-137,-136,-135,-134,-133,-132,-131,-130,-129,-128,-127,-126,-125,-124,-123,-122,-121,-120,-119,-118,-117,-116,-115,-114,-113,-112,-111,-110,-109,-284,2321,2322,2323,2324,2325,2326,2327,2328,2329,2330,2331,2332,2333,2334,2335,2336,2337,2338,2339,2340,2341,2342,2343,2344,2345,2346,2347,2348,2349,2350,-2105,-2104,-2103,-2102,-2101,-2100,-2099,-2098,-2097,-2096,-2095,-2094,-2093,-2092,-2091,-2090,-2089,-2088,-2087,-2086,-2085,-2084,-2083,-2082,-2081,-2080,-2079,-2078,-2077,-2076,-2075,-2074,-2073,-2072]],"type":"Polygon","properties":{"d":"25"}},{"arcs":[[[2351,2352,2353,2354,2355,2356,2357,2358,2359,2360,2361,2362,2363,2364,2365,2366,2367,2368,2369,2370,2371,2372,2373,2374,2375,2376,2377,2378,2379,2380,2381,2382,2383,2384,2385,2386,2387,2388,2389,2390,2391,-1328,-1327,-1326,-1325,-1324,-1323,-1322,-1321,-1320,-1319,-1318,-1317,-1316,-1315,-1314,-1313,-1312,-1311,-1310,-1309,-1308,-1307,-1306,-1305,-1304,-1303,-1302,-1301,-1300,-1299,-1298,-1297,-1296,-1295,-1294,-1293,-1292,-1291,-1290,-1289,-1288,-1287,-1286,-1285,-1284,-1283,-1282,-1281,-1280,-1279,-1278,-1277,-1276,-1275,-1274,-1273,-1272,-1271,-1270,-1269,-1268,-1267,-1266,-1265,-1264,-1263,-1262,-1261,-1260,-1259,-1258,-1257,-1256,-1255,-1254,-1253,-1252,-1251,-1250,-1249,-1248,-1247,-1246,-1245,-1244,-1243,-1242,-1241,-1240,-1239,-1238,-1237,-1236,-1235,-1234,-1233,-1232,-1231,-1230,-1229,-1228,-1227,-1226,-1225,-1224,-1223,-1222,-1221,-1220,-1219,-1218,-1217,-1216,-1215,-1214,-1213,-1212,-1211,-1210,-1209,-1208,-1207,-1206,-1205,-1204,-1203,-1202,-1201,-1200,-1199,-1198,-1197,-1196,-1195,-1194,-1193,-1192,-1191,-1190,-1189,-1188,-1187,-1186,-1185,-1184,-1183,-1182,-1181,-1180,-1179,-1178,-1177,-1176,-1175,-1174,-1173,-1172,-1171,-1170,-1169,-1168,-1167,-1166,-1165,-1164,-1163,-1162,-1161,-1160,-1159,-1158,-1157,-1156,-1155,-1154,-1153,-1152,-1151,-1150,-1149,-1148,-1147,-1146,-1145,-1144,-1143,-1142,-1141,-1140,-1139,-1138,-1137,-1136,-1135,-1134,-1133,-1132,-1131,-1130,-1129,-1128,-1127,-1126,-1125,-1124,-1123,-1122,-1121,-1120,-1119,-1118,-1117,-1116,-1115,-1114,-1113,-1112,-1111,-1110,-1109,-1108,-1107,-1106,-1105,-1104,-1103,-1102,-1101,-1100,-1099,-1098,-1097,-1096,-1095,-1094,-1093,-1092,-1091,-1090,-1089,-1088,-1087,-1086,-1085,-1084,-1083,-1082,-1081,-1080,-1079,-1078,-1077,-1076,-1075,-1074,-1073,-1072,-1071,-1070,-1069,-1068,-1067,-1066,-1065,-1064,-1063,-1062,-1061,-1060,-1059,-1058,-1057,-1056,-1055,-1054,-1053,-1052,-1051,-1050,-1049,-1048,-1047,-1046,-1045,-1044,-1043,-1042,-1041,-1040,-1039,-1038,-1037,-1036,-1035,-1034,-1033,-1032,-1031,-1030,-1029,-1028,-1027,-1026,-1025,-1024,-1023,-1022,-1021,-1020,-1019,-1018,-1017,-1016,-1015,-1014,-1013,-1012,-1011,-1010,-1009,-1008,-1007,-1006,-1005,-1004,-1003,-1002,-1001,-1000,-999,-998,-997,-996,-995,-994,-993,-992,-991,-990,-989,-988,-987,-986,-985,-984,-983,-982,-981,-980,-979,-978,-977,-976,-975,-974,-973,-972,-971,-970,-969,-968,-967,-966,-965,-964,-963,-962,-961,-960,-959,-958,-957,-956,-955,-954,-953,-952,-951,-950,-949,-948,-947,-946,-945,-944,-943,-942,-941,-940,-939,-938,-937,-936,-935,-934,-933,-932,-931,-930,-929,-928,-927,-926,-925,-924,-923,-922,-921,-920,-919,-918,-917,2392,2393,2394,2395,2396,2397,2398,2399,2400,2401,2402,2403,2404,2405,2406,2407,2408,2409,2410,2411,2412,2413,2414,2415,2416,2417,2418,2419,2420,2421,2422,2423,2424,2425,2426,2427,2428,2429,2430,2431,2432,2433,2434,2435,2436,2437,2438,2439,2440,2441,2442,2443,2444,2445,2446,2447,2448,2449,2450,2451,2452,2453,2454,2455,2456,2457,2458,2459,2460,2461,2462,2463,2464,2465,2466,2467,2468,2469,2470,2471,2472,2473,2474,2475,2476,2477,2478,2479,2480,2481,2482,2483,2484,2485,2486,2487,2488,2489,2490,2491,2492,2493,2494,2495,2496,2497,2498,2499,2500,2501,2502,2503,2504,2505,2506,2507,2508,2509,2510,2511,2512,2513,2514,2515,2516,2517,2518,2519,2520,2521,2522,2523,2524,2525,2526,2527,2528,2529,2530,2531,2532,2533,2534,2535,2536,2537,2538,2539,2540,2541,2542,2543,2544,2545,2546,2547,2548,2549,2550,2551,2552,2553,2554,2555,2556,2557,2558,2559,2560,2561,2562,2563,2564,2565,2566,2567,2568,2569,2570,2571,2572,2573,2574,2575,2576,2577,2578,2579,2580,2581,2582,2583,2584,2585,2586,2587,2588,2589,2590,2591,2592,2593,2594,2595,2596,2597,2598,2599,2600,2601,2602,2603,2604,2605,2606,2607,2608,2609,2610,2611,2612,2613,2614,2615,2616,2617,2618,2619,2620,2621,2622,2623,2624,2625,2626,2627,2628,2629,2630,2631,2632,2633,2634,2635,2636,2637,2638,2639,2640,2641,2642,2643,2644,2645,2646,2647,2648,2649,2650,2651,2652,2653,2654,2655,2656,2657,2658,2659,2660,2661,2662,2663,2664,2665,2666,2667,2668,2669,2670,2671,2672,2673,2674,2675,2676,2677,2678,2679,2680,2681,2682,2683,2684,2685,2686,2687,2688,2689,2690,2691,2692,2693,2694,2695,2696,2697,2698,2699,2700,2701,2702,2703,2704,2705,2706,2707,2708,2709,2710,2711,2712,2713,2714,2715,2716,2717,2718,2719,2720,2721,2722,2723,2724,2725,2726,2727,2728,2729,2730,2731,2732,2733,2734,2735,2736,2737,2738,2739,2740,2741,2742,2743,2744,2745,2746,2747,2748,2749,2750,2751,2752,2753,2754,2755,2756,2757,2758,2759,2760,2761,2762,2763,2764,2765,2766,2767,2768,2769,2770,2771,2772,2773,2774,2775,2776,2777,2778,2779,2780,2781,2782,2783,2784,2785,2786,2787,2788,2789,2790,2791,2792,2793,2794,2795,2796,2797,2798,2799,2800,2801,2802,2803,2804,2805,2806,2807,2808,2809,2810,2811,2812,2813,2814,2815,2816,2817,2818,2819,2820,2821,2822,2823,2824,2825,2826,2827,2828,2829,2830,2831,2832,2833,2834,2835,2836,2837,2838,2839,2840,2841,2842,2843,2844,2845,2846,2847,2848,2849,2850,2851,2852,2853,2854,2855,2856,2857,2858,2859,2860,2861,2862,2863,2864,2865,2866,2867,2868,2869,2870,2871,2872,2873,2874,2875,2876,2877,2878,2879,2880,2881,2882,2883,2884,2885,2886,2887,2888,2889,2890,2891,2892,2893,2894,2895,2896,2897,2898,2899,2900,2901,2902,2903,2904,2905,2906,2907,2908,2909,2910,2911,2912,2913,2914,2915,2916,2917,2918,2919,2920,2921,2922,2923,2924,2925,2926,2927,2928,2929,2930,2931,2932,2933,2934,2935,2936,2937,2938,2939,2940,2941,2942,2943,2944,2945,2946,2947,2948,2949,2950,2951,2952,2953,2954,2955,2956,2957,2958,2959,2960,2961,2962,2963,2964,2965,2966,2967,2968,2969,2970,2971,2972,2973,2974,2975,2976,2977,2978,2979,2980,2981,2982,2983,2984,2985,2986,2987,2988,2989,2990,2991,2992,2993,2994,2995,2996,2997,2998,2999,3000,3001,3002,3003,3004,3005,3006,3007,3008,3009,3010,3011,3012,3013,3014,3015,3016,3017,3018,3019,3020,3021,3022,3023,3024,3025,3026,3027,3028,3029,3030,3031,3032,3033,3034,3035,3036,3037,3038,3039,3040,3041,3042,3043,3044,3045,3046,3047,3048,3049,3050,3051,3052,3053,3054,3055,3056,3057,3058,3059,3060,3061,3062,3063,3064,3065,3066,3067,3068,3069,3070,3071,3072,3073,3074,3075,3076,3077,3078,3079,3080,3081,3082,3083,3084,3085,3086,3087,3088,3089,3090,3091,3092]],[[3093]],[[3094]],[[3095]]],"type":"MultiPolygon","properties":{"d":"3"}},{"arcs":[[-1834,-1833,-1832,-1831,-1830,-1829,-1828,-1827,-1826,-1825,-1824,-1823,-1822,-1821,-1820,-1819,-1818,-1817,-1816,-1815,-1814,-1813,-1812,-1811,-1810,-1809,-2222,-2221,-2220,-2219,-2218,-2217,-2216,-2215,-2214,-2213,-2212,-2211,-2210,-2209,-2208,-2207,-2206,-2205,-2204,-2203,-2202,-2201,-2200,-2199,-2198,-2197,-2196,-2195,-2194,-2193,-2192,-2191,-2190,-2189,-2188,-2187,-2186,-2185,-2184,-2183,-2182,-2181,-2180,-2179,-2178,-2109,-2108,-2107,-2106,-2351,-2350,-2349,-2348,-2347,-2346,-2345,-2344,-2343,-2342,-2341,-2340,-2339,3096,3097,3098,3099,3100,3101,-1622,-1621,-1620,-1619,-1618,-1617,-1616,-1615,-1614,-1613,-1612,-1611,-1610,-1609,-1608,-1607,-1606,-1605,-1604,-1603,-1602,-1601,-1600,-1599,-1598,-1597,-1596,-1595,-1594,-1593,-1592,-1591,-1590,-1589,-1588,-1587,-1586,-1585,-1584,-1583,-1582,-1581,-1580,-1579,-1578]],"type":"Polygon","properties":{"d":"27"}},{"arcs":[[-256,-255,-254,-253,-252,-251,-250,-249,-248,-653,-652,-651,-650,-649,-648,-647,-646,-645,-644,-643,-642,-641,-640,-639,-638,-637,-636,-635,-634,-633,-632,-631,-630,-629,-628,-627,-626,-625,-624,-623,-622,-621,-620,-619,-618,-617,-616,-615,-614,3102,3103,3104,3105,3106,3107,3108,3109,3110,3111,3112,3113,3114,3115,3116,3117,3118,3119,3120,3121,3122,3123,3124,3125,3126,3127,3128,3129,3130,3131,3132,3133,3134,3135,3136,3137,3138,3139,3140,3141,3142,-274,-273,-272,-271,-270,-269,-268,-267,-266,-265,-264,-263,-262,-261,-260,-259,-258,-257]],"type":"Polygon","properties":{"d":"21"}},{"arcs":[[[3143,3144,3145,3146,3147,3148,3149,3150,3151,3152,3153,3154,3155,3156,3157,3158,3159,3160,3161,3162,3163,3164,3165,3166,3167,3168,3169,3170,3171,3172,3173,3174,3175,3176,3177,3178,3179,3180,3181,3182,3183,3184,3185,3186,3187,3188,3189,3190,3191,3192,3193,3194,3195,3196,3197,3198,3199,3200,3201,3202,3203,3204,3205,3206,3207,3208,3209,3210,3211,3212,3213,3214,3215,3216,3217,3218,3219,3220,3221,3222,3223,3224,3225,3226,3227,3228,3229,3230,3231,3232,3233,3234,3235,3236,3237,3238,3239,3240,3241,3242,3243,3244,3245,3246,3247,3248,3249,3250,3251,3252,3253,3254,3255,3256,3257,3258,3259,3260,3261,3262,3263,3264,3265,3266,3267,3268,3269,3270,3271,3272,3273,3274,3275,3276,3277,3278,3279,3280,3281,3282,3283,3284,3285,3286,3287,3288,3289,3290,3291,3292,3293,3294,3295,3296,3297,3298,3299,3300,3301,3302,3303,3304,3305,-2714,-2713,-2712,-2711,-2710,-2709,-2708,-2707,-2706,-2705,-2704,-2703,-2702,-2701,-2700,-2699,-2698,-2697,-2696,-2695,-2694,-2693,-2692,-2691,-2690,-2689,-2688,-2687,-2686,-2685,-2684,-2683,-2682,-2681,-2680,-2679,-2678,-2677,-2676,-2675,-2674,-2673,-2672,-2671,-2670,-2669,-2668,-2667,-2666,-2665,-2664,-2663,-2662,-2661,-2660,-2659,-2658,-2657,-2656,-2655,-2654,-2653,-2652,-2651,-2650,-2649,-2648,-2647,-2646,-2645,-2644,-2643,-2642,-2641,-2640,-2639,-2638,-2637,-2636,-2635,-2634,-2633,-2632,-2631,-2630,-2629,-2628,-2627,-2626,-2625,-2624,-2623,-2622,-2621,-2620,-2619,-2618,-2617,-2616,-2615,-2614,-2613,-2612,-2611,-2610,-2609,-2608,-2607,-2606,-2605,-2604,-2603,-2602,-2601,-2600,-2599,-2598,-2597,-2596,-2595,-2594,-2593,-2592,-2591,-2590,-2589,-2588,-2587,-2586,-2585,-2584,-2583,-2582,-2581,-2580,-2579,-2578,-2577,-2576,-2575,-2574,-2573,-2572,-2571,-2570,-2569,-2568,-2567,-2566,-2565,-2564,-2563,-2562,-2561,-2560,-2559,-2558,-2557,-2556,-2555,-2554,-2553,-2552,-2551,-2550,-2549,-2548,-2547,-2546,-2545,-2544,-2543,-2542,-2541,-2540,-2539,-2538,-2537,-2536,-2535,-2534,-2533,-2532,-2531,-2530,-2529,-2528,-2527,-2526,-2525,-2524,-2523,-2522,-2521,-2520,-2519,-2518,-2517,-2516,-2515,-2514,-2513,-2512,-2511,-2510,-2509,-2508,-2507,-2506,-2505,-2504,-2503,-2502,-2501,-2500,-2499,-2498,-2497,-2496,-2495,-2494,-2493,-2492,-2491,-2490,-2489,-2488,-2487,-2486,-2485,-2484,-2483,-2482,-2481,-2480,-2479,-2478,-2477,-2476,-2475,-2474,-2473,-2472,-2471,-2470,-2469,-2468,-2467,-2466,-2465,-2464,-2463,-2462,-2461,-2460,-2459,-2458,-2457,-2456,-2455,-2454,-2453,-2452,-2451,-2450,-2449,-2448,-2447,-2446,-2445,-2444,-2443,-2442,-2441,-2440,-2439,-2438,-2437,-2436,-2435,-2434,-2433,-2432,-2431,-2430,-2429,-2428,-2427,-2426,-2425,-2424,-2423,-2422,-2421,-2420,-2419,-2418,-2417,-2416,-2415,-2414,-2413,-2412,-2411,-2410,-2409,-2408,-2407,-2406,-2405,-2404,-2403,-2402,-2401,-2400,-2399,-2398,-2397,-2396,-2395,3306,3307,3308,3309,3310,3311,3312,3313,3314,3315,3316,3317,3318,3319,3320,3321,3322,3323,3324,3325,3326,3327,3328,3329,3330,3331,3332,3333,3334,3335,3336,3337,3338,3339,3340,3341,3342,3343,3344,3345,3346]],[[3347]],[[3348]],[[3349]]],"type":"MultiPolygon","properties":{"d":"2"}},{"arcs":[[3350,3351,3352,3353,3354,3355,3356,3357,3358,3359,3360,3361,3362,3363,3364,3365,3366,3367,3368,3369,3370,3371,3372,3373,3374,3375,3376,3377,3378,3379,3380,3381,3382,3383,3384,3385,3386,3387,3388,3389,3390,3391,3392,3393,3394,3395,3396,3397,3398,3399,3400,3401,3402,3403,3404,3405,3406,3407,3408,3409,3410,3411,3412,3413,3414,3415,3416,3417,3418,3419,3420,3421,3422,3423,3424,3425,3426,3427,3428,3429,3430,3431,3432,3433,3434,3435,3436,3437,3438,3439,3440,3441,3442,3443,3444,3445,3446,3447,3448,3449,3450,3451,3452,3453,3454,3455,3456,3457,3458,3459,3460,3461,3462,3463,3464,3465,3466,3467,3468,3469,3470,3471,3472,3473,3474,3475,3476,3477,3478,3479,3480,3481,3482]],"type":"Polygon","properties":{"d":"5"}},{"arcs":[[3483,3484,3485,3486,3487,3488,3489,3490,3491,3492,3493,3494,3495,3496,3497,3498,3499,3500,3501,3502,3503,3504,3505,3506,3507,3508,3509,3510,3511,3512,3513,3514,3515,3516,3517,3518,3519,3520,3521,3522,3523,3524,3525,3526,3527,3528,3529,3530,3531,3532,3533,3534,3535,3536,3537,-2966,-2965,-2964,-2963,-2962,-2961,-2960,-2959,-2958,-2957,-2956,-2955,-2954,-2953,-2952,-2951,-2950,-2949,-2948,-2947,-2946,-2945,-2944,-2943,-2942,-2941,-2940,-2939,-2938,-2937,-2936,-2935,-2934,-2933,-2932,-2931,-2930,-2929,-2928,-2927,-2926,-2925,-2924,-2923,-2922,-2921,-2920,-2919,-2918,-2917,-2916,-2915,-2914,-2913,-2912,-2911,-2910,-2909,-2908,-2907,-2906,-2905,-2904,-2903,3538,3539,3540,3541,3542,3543,3544,3545,3546,3547,3548,3549,3550,3551,3552,3553,3554,3555,3556,3557,3558,3559,3560,3561,3562,3563,3564,3565,3566,3567,3568,3569,3570,3571,3572,3573,3574,3575,3576,3577,3578,3579,3580,3581,3582,3583,3584,3585,3586,3587,3588,3589,3590,3591,3592,3593,3594,3595,3596,3597,3598,3599,3600,3601,3602,3603,3604,3605,3606,3607,3608,3609,3610,3611,3612,3613,3614,3615,3616,3617,3618,3619,3620,3621,3622,3623,3624,3625,3626,3627,3628,3629,3630,3631,3632,3633,3634,3635,3636,3637,3638,3639,3640,3641,3642,3643,3644,3645,3646,3647,3648,3649,3650,3651,3652,3653,3654,3655,3656,3657,3658,3659,3660,3661,3662,3663,3664,3665,3666,3667,3668,3669,3670,3671,3672,3673,3674,3675,3676,3677,3678,3679,3680,3681,3682,3683,3684,3685,3686,3687,3688,3689,3690,3691,3692,3693,3694,3695,3696,3697,3698,3699,3700,3701,3702,3703,3704,3705,3706,3707,3708,3709,3710,3711,3712,3713,3714,3715,3716,3717,3718,3719,3720,3721,3722,3723,3724,3725,3726,3727,3728,3729,3730,3731,3732,3733,3734,3735,3736,3737,3738,3739,3740,3741,3742,3743,3744,3745,3746,3747,3748,3749,3750,3751,3752,3753,3754,3755,3756,3757,3758,3759,3760,3761,3762,3763,3764,3765,3766,3767,3768,3769,3770,3771,3772,3773,3774,3775,3776,3777,3778,3779,3780,3781,3782,3783,3784,3785,3786,3787,3788,3789,3790,3791,3792,3793,3794,3795,3796,3797,3798,3799,3800,3801,3802,3803,3804,3805,3806,3807,3808,3809,3810,3811,3812,3813,3814,3815,3816,3817,3818,3819,3820,3821,3822,3823,3824,3825,3826,3827,3828,3829,3830,3831,3832,3833,3834,3835,3836,3837,3838,3839,3840,3841,3842,3843,3844,3845,3846,3847,3848,3849,3850,3851,3852,3853,3854,3855,3856,3857,3858,3859,3860,3861,3862,3863,3864,3865,3866,3867,3868,3869,3870,3871,3872,3873,3874,3875,3876,3877,3878,3879,3880,3881,3882,3883,3884,3885,3886,3887,3888,3889,3890,3891,3892,3893,3894,3895,3896,3897,3898,3899,3900,3901,3902,3903,3904,3905,3906,3907,3908,3909,3910,3911,3912,3913,3914,3915,3916,3917,3918,3919,3920,3921,3922,3923,3924,3925,3926,3927,-3367,-3366,-3365,-3364,-3363,-3362,-3361,-3360,-3359,-3358,-3357,-3356,-3355,-3354,-3353,-3352,-3351,-3483,-3482,-3481,-3480,-3479,-3478,-3477,-3476,-3475,-3474,-3473,-3472,-3471,-3470,-3469,-3468,-3467,-3466,-3465,-3464,-3463,-3462,-3461,-3460,-3459,-3458,-3457,-3456,-3455,-3454,-3453,-3452,-3451,-3450,-3449,-3448,-3447,-3446,-3445,-3444,-3443,-3442,-3441,-3440,-3439,-3438,-3437,-3436,-3435,-3434,-3433,-3432,-3431,-3430,-3429,-3428,-3427,-3426,-3425,-3424,-3423,-3422,-3421,-3420,-3419,-3418,-3417,-3416,-3415,-3414,-3413,-3412,-3411,-3410,-3409,-3408,-3407,-3406,-3405,-3404,-3403,-3402,-3401,-3400,-3399,-3398,-3397,-3396,-3395,-3394,-3393,-3392,-3391,-3390,-3389,-3388,-3387,-3386,-3385,-3384,-3383,-3382,-3381,-3380,-3379,3928,3929,3930,3931,3932,3933,3934,3935,3936,3937,3938,3939,3940,3941,3942,3943,3944,3945,3946,3947,3948,3949,3950,3951,3952,3953,3954,3955,3956,3957,3958,3959,3960,3961,3962,3963,3964,3965,3966]],"type":"Polygon","properties":{"d":"4"}},{"arcs":[[-2378,-2377,-2376,-2375,-2374,-2373,-2372,-2371,-2370,-2369,-2368,-2367,-2366,-2365,-2364,-2363,-2362,-2361,-2360,-2359,-2358,-2357,-2356,-2355,-2354,-2353,-2352,-3093,-3092,-3091,-3090,-3089,-3088,-3087,-3086,-3085,-3084,-3083,-3082,-3081,-3080,-3079,-3078,-3077,-3076,-3075,-3074,-3073,-3072,-3071,-3070,-3069,-3068,-3067,-3066,-3065,-3064,-3063,-3062,-3061,-3060,-3059,-3058,-3057,-3056,-3055,-3054,-3053,-3052,-3051,-3050,-3049,-3048,-3047,-3046,-3045,-3044,-3043,-3042,-3041,-3040,-3039,-3038,-3037,-3036,-3035,-3034,-3033,-3032,-3031,-3030,-3029,-3028,-3027,-3026,-3025,-3024,-3023,-3022,-3021,-3020,-3019,-3018,-3017,-3016,-3015,-3014,-3013,-3012,-3011,-3010,-3009,-3008,-3007,-3006,-3005,-3004,-3003,-3002,-3001,-3000,-2999,-2998,-2997,-2996,-2995,-2994,-2993,-2992,-2991,-2990,-2989,-2988,-2987,-2986,-2985,-2984,-2983,-2982,-2981,-2980,-2979,-2978,-2977,-2976,-2975,-2974,-2973,-2972,-2971,-2970,-2969,-2968,-2967,-3538,-3537,-3536,-3535,-3534,-3533,-3532,-3531,-3530,-3529,-3528,-3527,-3526,-3525,-3524,-3523,-3522,-3521,-3520,-3519,-3518,-3517,-3516,-3515,-3514,-3513,-3512,-3511,-3510,-3509,-3508,-3507,-3506,-3505,-3504,-3503,-3502,-3501,-3500,-3499,-3498,-3497,-3496,-3495,-3494,-3493,-3492,-3491,-3490,-3489,-3488,-3487,-3486,-3485,-3484,-3967,-3966,-3965,-3964,-3963,-3962,-3961,-3960,-3959,-3958,-3957,-3956,-3955,-3954,-3953,-3952,-3951,-3950,-3949,-3948,-3947,-3946,-3945,-3944,-3943,-3942,-3941,-3940,-3939,-3938,-3937,-3936,-3935,-3934,-3933,-3932,-3931,-3930,-3929,-3378,-3377,-3376,-3375,-3374,-3373,-3372,3967,3968,3969,3970,3971,3972,3973,3974,3975,3976,3977,3978,3979,3980,3981,3982,3983,3984,3985,3986,3987,3988,3989,3990,3991,3992,3993,3994,3995,3996,3997,3998,3999,4000,4001,4002,4003,4004,4005,4006,4007,4008,4009,4010,4011,4012,4013,4014,4015,4016,4017,4018,4019,4020,4021,4022,4023,4024,4025,4026,4027,4028,4029,4030,4031,4032,4033,4034,4035,4036,4037,4038,4039,4040,4041,4042,4043,4044,4045,4046,4047,4048,4049,4050,4051,4052,4053,4054,4055,4056,4057,4058,4059,4060,4061,4062,4063,4064,4065,4066,4067,4068,4069,4070,4071,4072,4073,4074,4075,4076,4077,4078,4079,4080,4081,4082,4083,4084,4085,4086,4087,4088,4089,4090,4091,4092,4093,4094,4095,4096,4097,4098,4099,4100,4101,4102,4103,4104,4105,4106,4107,4108,4109,4110,4111,4112,4113,4114,4115,4116,4117,4118,4119,4120,4121,4122,4123,4124,4125,4126,4127,4128,4129,4130,4131,4132,4133,4134,4135,4136,4137,4138,4139,4140,4141,4142,4143,4144,4145,4146,4147,4148,4149,4150,4151,4152,4153,4154,4155,4156,4157,4158,4159,4160,4161,4162,4163,4164,4165,4166,4167,4168,4169,4170,4171,4172,4173,4174,4175,4176,4177,4178,4179,4180,4181,4182,4183,4184,4185,4186,4187,4188,4189,4190,4191,4192,4193,4194,4195,4196,4197,4198,4199,4200,4201,4202,4203,4204,4205,4206,4207,4208,4209,4210,4211,4212,4213,4214,4215,4216,4217,4218,4219,4220,4221,4222,4223,4224,4225,4226,4227,4228,4229,4230,4231,4232,4233,4234,4235,4236,4237,4238,4239,4240,4241,4242,4243,4244,4245,4246,4247,-2379]],"type":"Polygon","properties":{"d":"6"}},{"arcs":[[4248,4249,4250,4251,4252,4253,4254,4255,4256,4257,4258,4259,4260,4261,4262,4263,4264,4265,4266,4267,4268,4269,4270,4271,4272,4273,4274,4275,4276,4277,4278,4279,4280,4281,4282,4283,4284,4285,4286,4287,4288,4289,4290,4291,4292,4293,4294,4295,4296,4297,4298,4299,4300,4301,4302,4303,4304,4305,4306,4307,4308,4309,4310,4311,4312,4313,4314,4315,4316,4317,4318,4319,4320,4321,4322,4323,4324,4325,4326,4327,4328,4329,4330,4331,4332,4333,4334,4335,4336,4337,4338,4339,4340,4341,4342,4343,4344,4345,4346,4347,4348,4349,4350,4351,4352,4353,4354,4355,4356,4357,4358,4359,4360,4361,4362,4363,4364,4365,4366,4367,4368,4369,4370,4371,4372,4373,4374,4375,4376,4377,4378,4379,4380,4381,4382,4383,4384,4385,4386,4387,4388,4389,4390,4391,4392,4393,4394,4395,4396,4397,4398,4399,4400,4401,4402,4403,4404,4405,4406,4407,4408,4409,4410,4411,4412,4413,4414,4415,4416,4417,4418,4419,4420,4421,4422,4423,4424,4425,4426,4427,4428,4429,4430,4431,4432,4433,4434,4435,4436,4437,4438,4439,4440,4441,4442,4443,4444,4445,4446,4447,4448,4449,4450,4451,4452,4453,4454,4455,4456,4457,4458,4459,4460,4461,4462,4463,4464,4465,4466,4467,4468,4469,4470,4471,4472,4473,4474,4475,4476,4477,4478,4479,4480,4481,4482,4483,4484,4485,4486,4487,4488,4489,4490,4491,4492,4493,4494,4495,4496,4497,4498,4499,4500,4501,4502,4503,4504,4505,4506,4507,4508,4509,4510,4511,4512,4513,4514,4515,4516,4517,4518,4519,4520,4521,4522,4523,4524,4525,4526,4527,4528,4529,4530,4531,4532,4533,4534,4535,4536,4537,4538,4539,4540,4541,4542,4543,4544,4545,4546,4547,4548,4549,4550,4551,4552,4553,4554,4555,4556,4557,4558,4559,4560,4561,4562,4563,4564,4565,4566,4567,4568,4569,4570,4571,4572,4573,4574,4575,4576,4577,4578,4579,4580,4581,4582,4583,4584,4585,4586,4587,4588,4589,4590,4591,4592,4593,4594,4595,4596,4597,4598,4599,4600,4601,4602,4603,4604,4605,4606,4607,4608,4609,4610,4611,4612,4613,4614,4615,4616,4617,4618,4619,4620,4621,4622,4623,4624,4625,4626,4627,4628,4629,4630,4631,4632,4633,4634,4635,4636,4637,4638,4639,4640,4641,4642,4643,4644,4645,4646,4647,4648,4649,4650,4651,4652,4653,4654,4655,4656,4657,4658,4659,4660,4661,4662,4663,4664,4665,4666,4667,4668,4669,4670,4671,4672,4673,4674,4675,4676,4677,4678,4679,4680,4681,4682,4683,4684,4685,4686,4687,4688,4689,4690,4691,4692,4693,4694,4695,4696,-3334,4697,4698,4699,4700]],"type":"Polygon","properties":{"d":"1"}},{"arcs":[[-283,-282,-281,-280,-279,-278,-277,-276,-275,-3143,-3142,-3141,-3140,-3139,-3138,-3137,-3136,-3135,-3134,-3133,-3132,-3131,-3130,-3129,-3128,-3127,-3126,-3125,-3124,-3123,-3122,-3121,-3120,-3119,-3118,-3117,-3116,-3115,-3114,-3113,-3112,-3111,-3110,-3109,4701,4702,-2330,-2329,-2328,-2327,-2326,-2325,-2324,-2323,-2322]],"type":"Polygon","properties":{"d":"23"}},{"arcs":[[[-2021,-2020,-2019,-2018,-2017,-2016,-2015,-2014,-2013,-2012,-2011,-2010,-2009,-2008,-2007,-2006,-2005,-2004,-2003,-2002,-2001,-2000,-1999,-1998,-1997,-1996,-1995,-1994,-1993,-1992,-1991,-1990,-1989,-1988,-1987,-1986,-1985,-1984,-1983,-1982,-1981,-1980,-1979,-1978,-1977,-1976,-1975,-1974,-1973,-1972,-1971,-1970,-1969,-1968,-1967,-1966,-1965,-1964,-1963,-1962,-1961,4703,4704,4705,-1944,-1943,-1942,-1941,-1940,-1939,-1938,-1937,-1936,-1935,-1934,-1933,-1932,-1931,-1930,-1929,-1928,-1927,-1926,-1925,-1924,-1923,-1922,-1921,-1920,-1919,-1918,-1917,-1916,-1915,-1914,-1913,-1912,-1911,-1910,-658,-657,-656,-655,-654,-351,-350,-349,-348,-347,-346,-345,-344,-343,-342,-341,-340,-339,-338,-337,-336,-335,-334,-333,-332,-331,-330,-329,-328,-327,-326,-325,-324,-323,-322,-321,-320,-319,-318,-317,-316,-315,-314,-313,-312,-311,-310,-309,-308,-307,-306,-305,-304,-303,-302,-301,-300,-299,-298,-297,-296,-295,-2025,-2024,-2023,-2022]],[[4706,4707,4708,4709,4710,4711,4712,4713,4714,4715,4716,4717,4718,4719,4720,4721,4722,4723,4724,4725,4726,4727,4728,4729,4730,4731,4732,4733,4734,4735,4736,4737,4738,4739,4740,4741,4742,4743,4744,4745,4746,4747,4748,4749,4750,4751,4752,4753,4754,4755,4756,4757,4758,4759,4760]]],"type":"MultiPolygon","properties":{"d":"16"}},{"arcs":[[[-4731,-4730,-4729,-4728,-4727,-4726,-4725,-4724,-4723,-4722,-4721,-4720,-4719,-4718,-4717,-4716,-4715,-4714,-4713,-4712,-4711,-4710,-4709,-4708,-4707,4761,4762,4763,4764,4765,4766,4767,4768,-1900,-1899,-1898,-1897,-1896,-1895,-1894,-1893,-1892,-1891,-1890,-1889,-1888,-1887,-1886,-1885,-1884,-1883,-1882,-1881,-1880,-1879,-1878,-1951,-1950,-1949,4769,4770,4771,4772,4773,4774,4775,-4757,-4756,-4755,-4754,-4753,-4752,-4751,-4750,-4749,-4748,-4747,-4746,-4745,-4744,-4743,-4742,-4741,-4740,-4739,-4738,-4737,-4736,-4735,-4734,-4733,-4732]],[[4776,4777]]],"type":"MultiPolygon","properties":{"d":"13"}},{"arcs":[[-612,-611,-610,-609,-608,-607,-606,-605,-604,-603,-602,-601,-600,-599,-598,-597,-596,-595,-594,-593,-592,-591,-590,-589,-588,-587,-586,-585,-584,-583,-582,-581,-580,-579,-578,-577,-576,-575,-574,-573,-572,-571,-570,-569,-568,-567,-566,-565,-564,-563,-562,-561,-560,-559,-558,-557,-556,-555,-554,-553,-552,-551,-550,-549,-548,-547,-546,-545,-544,4778,4779,4780,4781,4782,4783,4784,4785,4786,4787,4788,4789,4790,4791,4792,4793,4794,4795,4796,4797,4798,4799,4800,4801,4802,4803,4804,4805,4806,4807,4808,4809,4810,4811,4812,4813,4814,4815,4816,4817,4818,4819,4820,4821,4822]],"type":"Polygon","properties":{"d":"8"}},{"arcs":[[-2243,-2242,-2241,-2240,-2239,-2238,-2237,-2236,-2235,-2234,-2233,-2232,-2231,-2230,-2229,-2228,-2227,-2226,-2225,-2224,-2223,-157,-156,-155,-154,-153,-152,-151,-150,-149,-148,-147,-146,-145,-144,-143,-142,-141,-2321,-2320,-2319,-2318,-2317,-2316,-2315,-2314,-2313,-2312,-2311,-2310,-2309,-2308,-2307,-2306,-2305,-2304,-2303,-2302,-2301,-2300,-2299,-2298,-2297,-2296,-2295,-2294,-2293,-2292,-2291,-2290,-2289,-2288,-2287,-2286,-2285,-2284,-2283,-2282,-2281,-2280,-2279,-2278,-2277,-2276,-2275,-2274,-2273,-2272,-2271,-2270,-2269,-2268,-2267,-2266,-2265,-2264,-2263,-2262,-2261,-2260,-2259,-2258,-2257,-2256,-2255,-2254,-2253,-2252,-2251,-2250,-2249,-2248,-2247,-2246,-2245,-2244]],"type":"Polygon","properties":{"d":"20"}},{"arcs":[[4823,4824,4825,4826,4827,4828,4829,4830,4831,4832,4833,4834,4835,4836,4837,4838,4839,4840,4841,4842,4843,4844,4845,4846,4847,4848,4849,4850,4851,4852,4853,4854,4855,4856,4857,4858,4859,4860,4861,4862,4863,4864,4865,4866,4867,4868,4869,4870,4871,4872,4873,4874,-531,-530,-529,-528,-527,-526,-525,-524,-523,-522,-521,-520,-519,-518,-517,-516,-515,-514,-513,-512,-511,-510,-509,-508,-507,-506,-505,-504,-503,-502,-501,-500,-499,-498,-497,-496,-495,-854,-853,-852,-851,-850,-849,-848,-847,-846,-845,-844,-843,-842,-841,-840,-839,-838,-837,-836,-835,-834,-833,-832,-831,-830,-829,-828,-827,-826,-825,-824,-823,-822,-821,-820,-819,-818,-817,-816,-815,-814,-813,-812,-811,-810,-809,-808,-807,-806,-805,-804,-803,-802,-801,-800,-799,-798,-797,-796,-795,-794,-793,-792,-791,-790,-789,-788,-787,-786,-785,-784,-783,-782,-781,-780,-779,-778,-777,-776,-775,-774,-773,-772,-771,-770,-769,-768,-767,-766,-765,-764,-763,-762,-761,-760,-759,-758,-757,-756,-755,-754,-753,-752,-751,-750,-749,-748,-747,-746,-745,-744,-743,-742,-741,-740,-739,-738,-737,-1555,-1554,-1553,-1552,-1551,-1550,-1549,-1548,-1547,-1546,-1545,-1544,-1543,-1542,-1541,-1540,-1539,-1538,-1537,-1536,-1535,-1534,-1533,-1532,-1531,-1530,-1529,-1528,-1527,-1526,-1525,-1524,-1523,-1522,-1521,-1520,-1519,-1518,-1517,-1516,-1515,-1514,-1513,-1512,-1511,-1510,-1509,-1508,-1507,-1506,-1505,-1504,-1503,-1502,-1501,-1500,-1499,-1498,-1497,-1496,-1495,-1494,-1493,-1492,-1491,-1490,-1489,-1488,-1487,-1486,-1485,-1484,-1483,-1482,-1481,-1480,-1479,-1478,-1477,-1476,-1475,-1474,-1473,-1472,-1471,-1470,-1469,-1468,-1467,-1466,-1465,-1464,-1463,-1462,-1461,-1460,-1459,-1458,-1457,-1456,-1455,-1454,-1453,-1452,-1451,-1450,-1449,-1448,-1447,-1446,-1445,-1444,-1443,-1442,-1441,-1440,-1439,-1438,-1437,-1436,-1435,-1434,-1433,-1432,-1431,-1430,-1429,-1428,-1427,-1426,-1425,-1424,-1423,-1422,-1421,-1420,-1419,-1418,-1417,-1416,-1415,-1414,-1413,-1412,-1411,-1410,-1409,-1408,-1407,-1406,-1405,-1404,-1403,-1402,-1401,-1400,-1399,-1398,-1397,-1396,-1395,-1394,-1393,-1392,-1391,-1390,-1389,-1388,-1387,-1386,-1385,-1384,-1383,-1382,-1381,-1380,-1379,-1378,-1377,-1376,-1375,-1374,-1373,-1372,-1371,-1370,-1369,-1368,-1367,-1366,-1365,-1364,-1363,-1362,-1361,-1360,-1359,-1358,-1357,-1356,-1355,-1354,-1353,-1352,-1351,-1350,-1349,-1348,-1347,-1346,-1345,-1344,-1343,-1342,-1341,-1340,-1339,-1338,-1337,-1336,-1335,-1334,-1333,-1332,-1331,-1330,-1329,-2392,-2391,-2390,-2389,-2388,-2387,-2386,-2385,-2384,-2383,-2382,-2381,-2380,-4248,-4247,-4246,-4245,-4244,-4243,-4242,-4241,-4240,-4239,-4238,-4237,-4236,-4235,-4234,-4233,-4232,-4231,-4230,-4229,-4228,-4227,-4226,-4225,-4224,-4223,-4222,-4221,-4220,-4219,-4218,-4217,-4216,-4215,-4214,-4213,-4212,-4211,-4210,-4209,-4208,-4207,-4206,-4205,-4204,-4203,-4202,-4201,-4200,-4199,-4198,-4197,-4196,-4195,-4194,-4193,-4192,-4191,-4190,-4189,-4188,4875,4876,4877,4878,4879,4880,4881,4882,4883,4884,4885,4886,4887,4888,4889,4890,4891,4892,4893,4894,4895,4896,4897,4898,4899,4900,4901,4902,4903,4904,4905,4906,4907,4908,4909,4910,4911,4912,4913,4914,4915,4916,4917,4918,4919,4920,4921,4922,4923,4924,4925,4926,4927,4928,4929,4930,4931,4932,4933,4934,4935,4936,4937,4938,4939,4940,4941,4942,4943,4944,4945,4946,4947,4948,4949,4950,4951,4952,4953,4954,4955,4956,4957,4958,4959,4960,4961,4962,4963,4964,4965,4966,4967,4968,4969,4970,4971]],"type":"Polygon","properties":{"d":"11"}},{"arcs":[[-4970,-4969,-4968,-4967,-4966,-4965,-4964,4972,4973,4974,4975,4976,4977,4978,4979,4980,4981,4982,4983,4984,4985,4986,4987,4988,4989,4990,4991,4992,4993,4994,4995,4996,4997,4998,4999,5000,5001,5002,5003,5004,5005,5006,5007,5008,5009,5010,5011,5012,5013,5014,5015,5016,5017,5018,5019,5020,5021,5022,5023,5024,5025,5026,5027,5028,5029,5030,5031,5032,5033,5034,5035,5036,5037,5038,5039,5040,5041,5042,5043,5044,5045,5046,5047,5048,5049,5050,5051,5052,5053,5054,5055,5056,5057,-4794,-4793,-4792,-4791,-4790,-4789,-4788,-4787,-4786,-4785,-4784,-4783,-4782,-4781,-4780,-4779,-543,-542,-541,-540,-539,-538,-537,-536,-535,-534,-533,-532,-4875,-4874,-4873,-4872,-4871,-4870,-4869,-4868,-4867,-4866,-4865,-4864,-4863,-4862,-4861,-4860,-4859,-4858,-4857,-4856,-4855,-4854,-4853,-4852,-4851,-4850,-4849,-4848,-4847,-4846,-4845,-4844,-4843,-4842,-4841,-4840,-4839,-4838,-4837,-4836,-4835,-4834,-4833,-4832,-4831,-4830,-4829,-4828,-4827,-4826,-4825,-4824,-4972,-4971]],"type":"Polygon","properties":{"d":"10"}},{"arcs":[[-4816,-4815,-4814,-4813,-4812,-4811,-4810,-4809,-4808,-4807,-4806,-4805,-4804,-4803,-4802,-4801,-4800,-4799,-4798,-4797,-4796,-4795,-5058,-5057,-5056,-5055,-5054,-5053,-5052,-5051,-5050,-5049,-5048,-5047,-5046,-5045,-5044,-5043,-5042,-5041,-5040,-5039,-5038,-5037,-5036,-5035,-5034,-5033,-5032,-5031,-5030,-5029,-5028,-5027,-5026,-5025,-5024,-5023,-5022,-5021,-5020,-5019,-5018,-5017,-5016,-5015,-5014,-5013,-5012,-5011,-5010,-5009,-5008,-5007,-5006,-5005,-5004,-5003,-5002,-5001,-5000,-4999,-4998,-4997,-4996,-4995,-4994,-4993,-4992,-4991,-4990,-4989,-4988,-4987,-4986,-4985,-4984,-4983,-4982,-4981,-4980,-4979,-4978,-4977,-4976,-4975,-4974,-4973,-4963,-4962,-4961,-4960,-4959,-4958,-4957,-4956,-4955,-4954,-4953,-4952,-4951,-4950,-4949,-4948,-4947,-4946,-4945,-4944,-4943,-4942,-4941,-4940,-4939,-4938,-4937,-4936,-4935,-4934,-4933,-4932,-4931,-4930,-4929,-4928,-4927,-4926,-4925,-4924,-4923,-4922,-4921,-4920,-4919,-4918,-4917,-4916,-4915,-4914,-4913,-4912,-4911,-4910,-4909,-4908,-4907,-4906,-4905,-4904,-4903,-4902,-4901,-4900,-4899,-4898,-4897,-4896,-4895,-4894,-4893,-4892,-4891,-4890,-4889,-4888,-4887,-4886,-4885,-4884,-4883,-4882,-4881,-4880,-4879,-4878,-4877,-4876,-4187,-4186,-4185,-4184,-4183,-4182,-4181,-4180,-4179,-4178,-4177,-4176,-4175,-4174,-4173,-4172,-4171,-4170,-4169,-4168,-4167,-4166,-4165,-4164,-4163,-4162,-4161,-4160,-4159,-4158,-4157,-4156,-4155,-4154,-4153,-4152,-4151,-4150,-4149,-4148,-4147,-4146,-4145,-4144,-4143,-4142,-4141,-4140,-4139,-4138,-4137,-4136,-4135,-4134,-4133,-4132,-4131,-4130,-4129,-4128,-4127,-4126,-4125,-4124,-4123,-4122,-4121,-4120,-4119,-4118,-4117,-4116,-4115,-4114,-4113,-4112,-4111,-4110,-4109,-4108,-4107,-4106,-4105,-4104,-4103,-4102,-4101,-4100,-4099,-4098,-4097,-4096,-4095,-4094,-4093,-4092,-4091,-4090,-4089,-4088,-4087,-4086,-4085,-4084,-4083,-4082,-4081,-4080,-4079,-4078,-4077,-4076,-4075,-4074,-4073,-4072,-4071,-4070,-4069,-4068,-4067,-4066,-4065,-4064,-4063,-4062,-4061,-4060,-4059,-4058,-4057,-4056,-4055,-4054,-4053,-4052,-4051,-4050,-4049,-4048,-4047,-4046,-4045,-4044,-4043,-4042,-4041,-4040,-4039,-4038,-4037,-4036,-4035,-4034,-4033,-4032,-4031,-4030,-4029,-4028,-4027,-4026,-4025,-4024,-4023,-4022,-4021,-4020,-4019,-4018,-4017,-4016,-4015,-4014,-4013,-4012,-4011,-4010,-4009,-4008,-4007,-4006,-4005,-4004,-4003,-4002,-4001,-4000,-3999,-3998,-3997,-3996,-3995,-3994,-3993,-3992,-3991,-3990,-3989,-3988,-3987,-3986,-3985,-3984,-3983,-3982,-3981,-3980,-3979,-3978,-3977,-3976,-3975,-3974,-3973,-3972,5058,5059,-4817]],"type":"Polygon","properties":{"d":"7"}}]},"county":{"type":"GeometryCollection","geometries":[{"arcs":[[5060,5061,5062,-32,-31,-30,-29,-28,-27,-26,-25,-24,-23,-22,-21,-20,-19,-18,-17,5063,5064,172,173,174,175,176,177,178,179,180,181,182,183,184,185,186,187,188,189,190,191,192,193,194,45,46,5065,5066,5067,5068,5069,5070,5071,5072,5073,5074,5075,5076,5077,5078,5079,5080,5081,5082,5083,5084,5085,5086,5087,5088,5089,5090]],"type":"Polygon","properties":{"d":"021"}},{"arcs":[[584,585,586,587,588,589,590,591,592,593,594,595,596,597,598,599,600,601,602,603,604,605,606,607,608,609,610,611,612,613,614,615,616,617,618,619,620,621,622,623,624,625,626,627,628,5091,5092,5093,5094,5095,5096,5097,5098,5099,5100,5101,5102,5103,5104,5105,5106,5107,5108,5109,5110,5111,5112,5113,5114,5115,5116,580,581,582,583]],"type":"Polygon","properties":{"d":"061"}},{"arcs":[[5117,5118,5119,5120,5121,5122,5123,5124,5125,5126,5127,5128,5129,5130,5131,5132,-485,-484,-483,-482,-481,-480,-479,-478,-477,-476,-475,-474,-473,-472,-471,-470,-469,-468,-467,-466,-465,-464,-463,-462,-461,-460,-459,-458,-457,-456,-455,-454,-453,-452,-451,-450,-449,-448,-447,-446,-445,-444,-443,-442,-441,-440,-439,-438,-437,-436,-435,-434,-433,-432,-431,-430,-429,-428,-427,-426,-425,-424,-423,-422,-421,-420,-419,-418,-417,-416,-415,-414,-413,-412,-411,-410,-409,-408,5133,5134,5135,5136,5137,5138,5139,5140,5141,5142,5143,5144,5145,5146,5147,5148,5149,5150,5151,5152,5153,5154,5155,5156,5157,5158,5159,5160,5161,5162,5163,5164,5165,5166,5167,5168,5169,5170,5171,5172,5173,5174,5175,5176,5177,5178,5179,5180,5181,5182,5183,5184,5185,5186,5187,5188,5189,5190,5191,5192,5193,5194,5195,5196,5197,5198,5199,5200,5201,5202,5203,5204,5205,5206,5207,5208,5209,5210,5211,5212,5213,5214,5215,5216,5217,5218,5219,5220,5221,5222,5223,5224,5225,5226,5227,5228,5229,5230,5231,5232,5233,5234,5235,5236,5237,5238,5239,5240,5241,5242,5243,5244,5245,5246,5247,5248,5249,5250,5251,5252,5253,5254,5255,5256,5257,5258,5259,5260,5261,5262,5263,5264,5265,5266,5267,5268,5269,5270,5271,5272,5273,5274,5275,5276,5277,5278,5279,5280,5281,5282,5283,5284,5285,5286,5287,5288,5289,5290,5291,5292,5293,5294,5295,5296,5297,5298,5299,5300,5301,5302,5303,5304,5305,5306,5307,5308,5309,5310,5311,5312,5313,5314,5315,5316,5317,5318,5319,5320,5321,5322,5323,5324,5325,5326,5327,5328,5329,5330,5331,5332,5333,5334,5335,5336,5337,5338,5339,5340,5341,5342,5343,5344,5345,-406,-405,-404,-403,-402,-401,-400,-399,-398,-397,-396,-395,-394,-393,-392,-391,-390,-389,-388,-387,-386,-385,-384,-383,-382,-381,-380,-379,-378,-377,-376,-375,-374,-373,-372,-371,-370,-369,-368,-367,-366,-365,-364,-363,-362,-361,5346,5347,5348,5349,5350,5351,5352,5353,5354,5355,5356,5357,5358,5359,5360,5361,5362,5363,5364,5365,5366,5367,5368,5369,5370,5371,5372,5373,5374,5375,5376,5377,5378,5379,5380,5381,5382,5383,5384,5385,5386,5387,5388,5389,5390,5391,5392,5393,5394,5395,5396,5397,5398,5399,5400,5401,5402,5403,5404,5405,5406,5407,5408,5409,5410,5411,5412,5413,5414,5415,5416,5417,5418,5419,5420,5421,5422,5423,5424,5425,5426,5427,5428,5429,5430,5431,5432,5433,5434,5435,5436,5437,5438,5439,5440,5441,5442,5443,5444,5445,5446,5447,5448,5449,5450,5451,5452,5453,5454,5455,5456,5457,5458,5459,5460,5461,5462,5463,5464,5465,5466,5467,5468,5469,5470,5471,5472,5473,5474,5475,5476,5477,5478,5479,5480,5481,5482,5483,5484,5485,5486,5487,5488,5489,5490,5491,5492,5493,5494,5495,5496,5497,5498,5499,5500,5501,5502,5503,5504,5505,5506,5507,5508,5509,5510,5511,5512,5513,5514,5515,5516,5517,5518,5519,5520,5521,5522,5523,5524,5525,5526,5527,5528,5529,5530,5531,5532,5533,5534,5535,5536,5537,5538,5539,5540,5541,5542,5543,5544,5545,5546,5547,5548,5549,5550,5551,5552,5553,5554,5555,5556,5557,5558,5559,5560,5561,5562,5563,5564,5565,5566,5567,5568,5569,5570,5571,5572,5573,5574,5575,5576,5577,5578,5579,5580,5581,5582,5583,5584,5585,5586,5587,5588,5589,5590,5591,5592,5593,5594,5595,5596,5597,5598,5599,5600,5601,5602,5603,5604,5605,5606,5607,5608,5609,5610,5611,5612,5613,5614,5615,5616,5617,5618,5619,5620,5621,5622,5623,5624,5625,5626,5627,5628,5629,5630,5631,5632,5633,5634,5635,5636,5637,5638,5639,5640,5641,5642,5643,5644,5645,5646,5647,5648,5649,5650,5651,5652,5653,5654,5655,5656,5657,5658,5659,5660,5661,5662,5663,5664,5665,5666,5667,5668,5669,5670,5671,5672,5673,5674,5675,5676,5677,5678,5679,5680,5681,5682,5683,5684,5685,5686,5687,5688,5689,5690,5691,5692,5693,5694,5695,5696,5697,5698,5699,5700,5701,5702,5703,5704,5705,5706,5707,5708,5709,5710,5711,5712,5713,-322,-321,-320,-319,-318,-317,5714,5715,5716,5717,5718,5719,5720,5721,5722,5723,5724,5725,5726,5727,5728,5729,5730,5731,5732,5733,5734,5735,5736,5737,5738,5739,5740,5741,5742,5743,5744,5745,5746,5747,5748,5749,5750,5751,-1918,-1917,-1916,-1915,-1914,-1913,-1912,-1911,-1910,658,659,660,661,662,663,664,665,666,667,668,669,670,671,672,673,674,675,676,677,678,679,680,681,682,683,684,685,686,687,688,689,690,691,692,693,694,695,696,697,698,699,700,701,702,703,704,705,706,707,708,709,710,711,712,713,714,715,716,717,718,719,720,721,722,723,724,725,726,727,728,729,730,731,732,733,734,735,736,737,738,739,740,741,742,743,744,745,746,747,748,749,750,751,752,753,754,755,756,757,758,759,760,761,762,763,764,765,766,767,768,769,770,771,772,773,774,775,776,777,778,779,780,781,782,783,784,785,786,787,788,789,790,791,792,793,794,795,796,797,798,799,800,801,802,803,804,805,806,807,808,809,810,811,812,813,814,815,816,817,818,819,820,821,822,823,824,825,826,827,828,829,830,831,832,833,834,835,836,837,838,839,840,5752,5753,5754,5755,5756,5757,5758,5759,5760,5761,5762,5763,5764,5765,5766,5767,5768,5769,5770,5771,5772,5773,5774,5775,5776,5777,5778,5779,5780,5781,5782,5783,5784,5785,5786,5787,5788,5789,5790,5791,5792,5793,5794,5795,5796,5797,5798,5799,5800]],"type":"Polygon","properties":{"d":"105"}},{"arcs":[[[1918,1919,1920,1921,1922,1923,1924,1925,1926,1927,1928,1929,1930,1931,1932,1933,1934,1935,1936,1937,1938,1939,1940,1941,1942,5801,4705,1944,1945,1946,1947,1948,1949,1950,1877,1878,1879,1880,1881,1882,1883,1884,1885,1886,1887,1888,5802,5803,5804,5805,5806,5807,5808,5809,5810,5811,5812,5813,5814,5815,5816,5817,5818,5819,5820,5821,5822,5823,5824,5825,5826,5827,5828,5829,5830,5831,5832,5833,5834,5835,5836,5837,5838,5839,5840,5841,5842,5843,871,872,873,874,875,876,877,878,879,880,881,5844,5845,5846,5847,5848,5849,5850,5851,5852,5853,5854,5855,5856,5857,5858,5859,-724,-723,-722,-721,-720,-719,-718,-717,-716,-715,-714,-713,-712,-711,-710,-709,-708,-707,-706,-705,-704,-703,-702,-701,-700,-699,-698,-697,-696,-695,-694,-693,-692,-691,-690,-689,-688,-687,-686,-685,-684,-683,-682,-681,-680,-679,-678,-677,-676,-675,-674,-673,-672,-671,-670,-669,-668,-667,-666,-665,-664,-663,-662,-661,-660,-659,1909,1910,1911,1912,1913,1914,1915,1916,1917]],[[1951]],[[1952]]],"type":"MultiPolygon","properties":{"d":"057"}},{"arcs":[[[5860,5861,5862,5863,5864,5865,5866,5867,5868,5869,5870,5871,5872,5873,5874,5875,5876,915,916,917,918,919,920,921,922,923,924,925,926,927,928,929,930,931,932,933,934,935,936,937,938,939,940,941,942,943,944,945,946,947,948,949,950,951,952,953,954,955,956,957,958,959,960,961,962,963,964,965,966,967,968,969,970,971,972,973,974,975,976,977,978,979,980,981,982,983,984,985,986,987,988,989,990,991,992,993,994,995,996,997,998,999,1000,1001,1002,1003,1004,1005,1006,1007,1008,1009,1010,1011,1012,1013,1014,1015,1016,1017,1018,1019,1020,1021,1022,1023,1024,1025,1026,1027,1028,1029,1030,1031,1032,1033,1034,1035,1036,1037,1038,1039,1040,1041,1042,1043,1044,1045,1046,1047,1048,1049,1050,1051,1052,1053,1054,1055,1056,1057,1058,1059,1060,1061,1062,1063,1064,1065,1066,1067,1068,1069,1070,1071,1072,1073,1074,1075,1076,1077,1078,1079,1080,1081,1082,1083,1084,1085,1086,1087,1088,1089,1090,1091,1092,1093,1094,1095,1096,1097,1098,1099,1100,1101,1102,1103,1104,1105,1106,1107,1108,1109,1110,1111,1112,1113,1114,1115,1116,1117,1118,1119,1120,1121,1122,1123,1124,1125,1126,1127,1128,1129,1130,1131,1132,1133,1134,1135,1136,1137,1138,1139,1140,1141,1142,1143,1144,1145,1146,1147,1148,1149,1150,1151,1152,1153,1154,1155,1156,1157,1158,1159,1160,1161,1162,1163,1164,1165,1166,1167,1168,1169,1170,1171,1172,1173,1174,1175,1176,1177,1178,1179,1180,1181,1182,1183,1184,1185,1186,1187,1188,1189,1190,1191,1192,1193,1194,1195,1196,1197,1198,1199,1200,1201,1202,1203,1204,1205,1206,1207,1208,1209,1210,1211,1212,1213,1214,1215,1216,1217,1218,1219,1220,1221,1222,1223,1224,1225,1226,1227,1228,1229,1230,1231,1232,1233,1234,1235,1236,1237,1238,1239,1240,1241,1242,1243,1244,1245,1246,1247,1248,1249,1250,1251,1252,1253,1254,1255,1256,1257,1258,1259,1260,1261,1262,1263,1264,1265,1266,1267,1268,1269,1270,1271,1272,1273,1274,1275,1276,1277,1278,1279,1280,1281,1282,1283,1284,1285,1286,1287,1288,1289,1290,1291,1292,1293,1294,1295,1296,1297,1298,1299,1300,1301,1302,1303,1304,1305,1306,1307,1308,1309,1310,1311,1312,1313,1314,1315,1316,1317,1318,1319,1320,1321,1322,1323,1324,1325,1326,1327,1328,1329,1330,1331,1332,1333,1334,1335,1336,1337,1338,1339,1340,1341,1342,1343,1344,1345,1346,1347,1348,1349,1350,1351,1352,1353,1354,1355,1356,1357,1358,1359,1360,1361,1362,1363,1364,1365,1366,1367,1368,1369,1370,1371,1372,1373,1374,1375,1376,1377,1378,1379,1380,1381,1382,1383,1384,1385,1386,1387,1388,1389,1390,1391,1392,1393,1394,1395,1396,1397,1398,1399,1400,1401,1402,1403,1404,1405,1406,1407,1408,1409,1410,1411,1412,1413,1414,1415,1416,1417,1418,1419,1420,1421,1422,1423,1424,1425,1426,1427,1428,1429,1430,1431,1432,1433,1434,1435,1436,1437,1438,1439,1440,1441,1442,1443,1444,1445,1446,1447,1448,1449,1450,1451,1452,1453,1454,1455,1456,1457,1458,1459,1460,1461,1462,1463,1464,1465,1466,1467,1468,1469,1470,1471,1472,1473,1474,1475,1476,1477,1478,1479,1480,1481,1482,1483,1484,1485,1486,1487,1488,1489,1490,1491,1492,1493,1494,1495,1496,1497,1498,1499,1500,1501,1502,1503,1504,1505,1506,1507,1508,1509,1510,1511,1512,1513,1514,1515,1516,1517,1518,1519,1520,1521,1522,1523,1524,1525,1526,1527,1528,1529,1530,1531,1532,1533,1534,1535,1536,1537,1538,1539,1540,1541,1542,1543,1544,1545,1546,1547,1548,5877,5878,5879,5880,5881,5882,5883,5884,5885,5886]],[[1576]]],"type":"MultiPolygon","properties":{"d":"017"}},{"arcs":[[[5887,5888,5889,5890,5891,5892,5893,5894,5895,5896,5897,5898,5899,5900,5901,5902,5903,5904,5905,5906,5907,5908,5909,5910,5911,5912,5913,5914,-2061,-2060,-2059,-2058,-2057,-2056,-2055,-2054,-2053,5915,5916,5917,5918,5919,5920,5921,5922,5923,5924,5925,5926,5927,5928,5929,5930,2335,2336,2337,3096,3097,3098,3099,3100,3101,1622,1623,1624,5931,1626,5932,1628,5933,1630,1631,5934,1633,5935,1635,5936,1637,5937,1639,5938,1641,5939,1643,5940,1645,5941,1647,5942,1649,5943,1651,5944,1653,5945,1655,5946,1657,5947,1659,5948,1661,5949,1663,5950,1665,5951,5952,5953,1669,5954,1671,5955,1673,5956,1675,5957,1677,5958,1679,1680,5959,1682,5960,1684,5961,1686,5962,1688,5963,1690,5964,1692,5965,1694,5966,1696,5967,1698,5968,1700,5969,1702,5970,1704,5971,1706,5972,5973,1709,5974,1711,5975,1713,5976,1715,5977,1717,5978,1719,5979,1721,5980,1723,5981,1725,5982,1727,5983,1729,5984,1731,5985,1733,5986,1735,5987,1737,5988,1739,5989,1741,5990,1743,5991,1745,5992,1747,5993,1749,5994,1751,5995,1753,5996,1755,5997,1757,5998,1759,5999,1761,6000,1763,6001,1765,6002,1767,6003,1769,6004,1771,6005,1773,6006,1775,6007,1777,6008,1779,6009,1781,6010,6011,1784,6012,1786,6013,1788,6014,-180,-179,-178,-177,6015,6016,6017,6018,6019,6020,6021,6022,6023,6024,6025,6026,6027,6028,6029,6030,6031,6032,6033,6034,6035,6036,6037,6038,6039,6040,6041,6042,6043,6044,6045,6046,6047,6048,6049,6050,6051,6052,6053,6054,6055,6056,6057,6058,6059,6060,6061,6062,6063,6064,6065]],[[1834]]],"type":"MultiPolygon","properties":{"d":"086"}},{"arcs":[[6066,6067,6068,6069,6070,6071,6072,6073,6074,6075,6076,6077,6078,6079,6080,6081,6082,6083,6084,6085,6086,6087,6088,6089,6090,6091,6092,6093,6094,6095,6096,6097,6098,6099,6100,6101,6102,6103,6104,6105,6106,6107,6108,6109,6110,6111,6112,6113,6114,6115,6116,6117,6118,6119,6120,6121,6122,6123,2024,-294,-293,-292,-291,-290,-289,-288,-287,-286,-285,6124,6125,-62,-61,-60,-59,-58,-57,-56,-55,1953,1954,1955,1956,-105,-104,-103,-102,-101,-100,-99,-98,-97,-96,-95,-94,-93,-92,-91,-90,1957,6126,6127,6128,6129,6130,6131,6132,6133,6134,6135,6136,6137,6138,6139,6140,6141,6142,6143,6144,6145,6146,6147,6148,6149,6150,6151,6152,6153,6154]],"type":"Polygon","properties":{"d":"015"}},{"arcs":[[6155,6156,6157,6158,6159,6160,6161,6162,6163,6164,6165,6166,6167,6168,6169,6170,6171,6172,6173,6174,6175,6176,6177,6178,6179,6180,6181,6182,6183,6184,6185,6186,6187,6188,6189,6190,6191,6192,6193,6194,6195,6196,6197,6198,6199,6200,6201,6202,6203,6204,6205,6206,6207,6208,6209,6210,6211,6212,6213,6214,6215,6216,6217,6218,6219,6220,6221,6222,6223,6224,6225,6226,6227,6228,6229,6230,6231,6232,6233,6234,6235,6236,6237,6238,6239,6240,6241,6242,6243,6244,6245,6246,6247,6248,6249,6250,6251,6252,6253,6254,6255,6256,6257,6258,6259,6260,6261,6262,6263,6264,6265,6266,6267,6268,6269,6270,6271,6272,6273,6274,6275,6276,6277,6278,6279,6280,6281,6282,6283,6284,6285,6286,6287,6288,6289,6290,6291,6292,6293,6294,6295,6296,6297,6298,6299,6300,6301,6302,6303,6304,6305,6306,6307,6308,6309,6310,6311,6312,6313,6314,6315,6316,6317,6318,6319,6320,6321,6322,6323,6324,6325,6326,6327,6328,6329,6330,6331,6332,6333,6334,6335,6336,6337,6338,6339,6340,6341,6342,6343,6344,6345,6346,6347,6348,6349,6350,6351,6352,6353,6354,6355,6356,6357,6358,6359,6360,6361,6362,6363,6364,6365,6366,6367,6368,6369,6370,6371,6372,6373,6374,6375,6376,6377,6378,6379,6380,6381,6382,6383,6384,6385,6386,6387,6388,6389,6390,6391,6392,6393,6394,6395,6396,6397,6398,6399,6400,6401,6402,6403,6404,6405,6406,6407,6408,6409,6410,6411,6412,6413,6414,6415,6416,6417,6418,6419,6420,6421,6422,6423,6424,6425,6426,6427,6428,6429,6430,6431,6432,6433,6434,6435,6436,6437,6438,6439,6440,6441,6442,6443,6444,6445,6446,6447,6448,6449,6450,6451,6452,6453,6454,6455,6456,6457,6458,6459,6460,6461,6462,6463,6464,6465,6466,6467,6468,6469,6470,6471,6472,6473,6474,6475,6476,6477,6478,6479,6480,6481,6482,6483,6484,6485,6486,6487,6488,6489,6490,6491,6492,6493,6494,6495,6496,6497,6498,6499,6500,6501,6502,6503,6504,6505,6506,6507,6508,6509,6510,6511,6512,6513,6514,6515,6516,6517,6518,6519,6520,6521,6522,6523,6524,6525,6526,6527,6528,6529,6530,6531,6532,6533,6534,6535,6536,6537,6538,6539,6540,6541,6542,6543,6544,6545,6546,6547,6548,6549,6550,6551,6552,6553,6554,6555,6556,6557,6558,6559,6560,6561,6562,6563,6564,6565,6566,6567,6568,6569,6570,6571,6572,6573,6574,6575,6576,6577,6578,6579,6580,6581,6582,6583,6584,6585,6586,6587,6588,6589,6590,6591,6592,6593,6594,6595,6596,6597,6598,6599,6600,6601,6602,6603,6604,6605,6606,6607,6608,6609,6610,6611,6612,6613,6614,6615,6616,6617]],"type":"Polygon","properties":{"d":"041"}},{"arcs":[[6618,6619,6620,6621,6622,6623,6624,6625,6626,6627,6628,6629,6630,6631,6632,6633,6634,6635,6636,6637,-256,-255,-254,-253,-252,-251,-250,-249,-248,-653,-652,-651,-650,-649,-648,-647,-646,-645,6638,6639,6640,6641,6642,6643,6644,6645,6646,6647,6648,6649,6650,6651,6652,6653,6654,6655,6656,6657,6658,6659,6660,6661,6662,6663,6664,6665,6666,6667,6668,3104,6669]],"type":"Polygon","properties":{"d":"085"}},{"arcs":[[6670,6671,6672,6673,6674,6675,6676,6677,3330,6678,6679,6680,6681,6682,6683,6684,6685,6686,6687,6688,6689,6690,6691,6692,6693,6694,6695,6696,6697,6698,6699,6700,6701,6702,6703,6704,6705,6706,6707,6708,6709,6710,6711,6712,6713,6714,6715,6716,6717,6718,6719,6720,6721,6722,6723,6724,6725,6726,6727,6728,6729,6730,6731,6732,6733,6734,6735,6736,6737]],"type":"Polygon","properties":{"d":"045"}},{"arcs":[[6738,6739,6740,6741,6742,6743,6744,6745,6746,6747,6748,6749,6750,6751,6752,6753,6754,6755,6756,6757,2303,2304,2305,2306,2307,2308,2309,2310,2311,2312,2313,2314,2315,2316,2317,2318,2319,6758,6759,6760,6761,6762,6763,6764,6765,6766,6767,-139,-138,-137,-136,-135,-134,-133,-132,-131,-130,-129,-128,-127,-126,-125,-124,-123,-122,-121,-120,-119,-118,6768,6769,6770,6771,6772,6773,6774,6775,6776,6777,6778,6779,6780,6781,6782,6783,6784,6785,6786,6787,6788,6789,6790,6791,6792,6793,6794,6795,6796,6797,6798,6799,6800,6801,6802,6803,6804,6805,6806,6807,6808,6809,6810,6811,6812,6813,6814,6815,247,248,249,250,251,252,253,254,255,-6638,-6637,-6636,-6635,-6634,-6633,-6632,-6631,-6630,-6629,-6628,-6627,-6626,-6625,-6624,-6623,-6622,-6621,-6620,-6619,-6670,3105,3106,3107,4701,4702,2330,2331,2332]],"type":"Polygon","properties":{"d":"099"}},{"arcs":[[6816,6817,6818,6819,6820,6821,6822,6823,6824,6825,6826,6827,6828,6829,6830,6831,6832,6833,6834,6835,6836,6837,6838,6839,6840,6841,6842,6843,6844,6845,6846,6847,6848,6849,6850,6851,6852,6853,6854,6855,6856,6857,6858,6859,6860,6861,6862,6863,6864,6865,6866,6867,6868,3458,3459,3460,3461,3462,3463,3464,3465,3466,3467,3468,3469,6869,6870,6871,6872,6873,6874,6875,6876,6877,6878,6879,6880,6881,6882,6883,6884,6885,6886,6887,6888,6889,6890,6891,6892,6893,6894,6895,6896,6897,6898,6899,6900,6901,6902,6903,6904,6905,6906,6907,6908,6909,6910,6911,6912,6913,6914,6915,6916,6917,6918,6919,6920,6921,6922,6923,6924,6925,6926,6927,-2911,-2910,-2909,6928,3927,3367,6929,6930,6931,6932,6933,6934,6935,6936,6937,6938,6939,6940,6941,6942,6943,6944]],"type":"Polygon","properties":{"d":"031"}},{"arcs":[[6945,6946,6947,6948,6949,6950,6951,6952,6953,6954,6955,6956,6957,6958,6959,6960,6961,6962,6963,6964,6965,6966,6967,6968,6969,6970,6971,6972,6973,6974,6975,6976,6977,6978,6979,6980,6981,6982,6983,6984,6985,6986,6987,6988,6989,6990,6991,6992,6993,6994,6995,6996,6997,6998,6999,7000,7001,7002,7003,7004,7005,7006,7007,7008,7009,7010,7011,7012,7013,7014,7015,7016,7017,7018,7019,7020,7021,7022,7023,7024,7025,7026,7027,7028,7029,7030,7031,7032,7033,7034,7035,7036,7037,7038,7039,7040,7041,7042,7043,7044,7045,7046,7047,7048,7049,7050,7051,7052,7053,7054,7055,7056,7057,7058,7059,7060,7061,7062,7063,7064,7065,7066,7067,7068,7069,7070,7071,7072,7073,7074,7075,7076,7077,7078,7079,7080,7081,7082,7083,7084,7085,7086,7087,7088,7089,7090,7091,7092,7093,7094,7095,7096,7097,7098,7099,7100,7101,7102,7103,7104,7105,7106,7107,7108,7109,7110,7111,7112,7113,7114,7115,7116,7117,7118,7119,7120,7121,7122,7123,7124,7125,7126,7127,7128,7129,7130,7131,7132,7133,7134,7135,7136,7137,7138,7139,7140,7141,7142,7143,7144,7145,7146,7147,7148,7149,7150,7151,7152,7153,7154,7155,7156,7157,7158,7159,7160,7161,7162,7163,7164,7165,7166,7167,7168,7169,7170,7171,7172,7173,7174,7175,7176,7177,7178,7179,7180,7181,7182,7183,7184,7185,7186,7187,7188,7189,7190,7191,7192,7193,7194,7195,7196,7197,7198,7199,7200,7201,7202,7203,7204,7205,7206,7207,7208,7209,7210,7211,7212,7213,7214,7215,7216,7217,7218,7219,7220,7221,7222,7223,7224,7225,7226,7227,7228,7229,7230,7231,7232,7233,7234,7235,7236,7237,7238,7239,7240,7241,7242,7243,7244,7245,7246,7247,7248,7249,7250,7251,7252,7253,7254,7255,7256,7257,7258,7259,7260,7261,7262,7263,7264,7265,7266,7267,7268,7269,7270,7271,7272,7273,7274,7275,7276,7277,7278,7279,7280,7281,7282,7283,7284,7285,7286,7287,7288,7289,7290,7291,7292,7293,7294,7295,7296,7297,7298,7299,7300,7301,7302,7303,7304,7305,7306,7307,7308,7309,7310,7311,7312,7313,7314,7315,7316,7317,7318,7319,7320,7321,7322,7323,7324,7325,7326,7327,7328,7329,7330,7331,7332,7333,7334,7335,7336,7337,7338,7339,7340,7341,7342,7343,7344,7345,7346,7347,7348,7349,7350,7351,7352,7353,7354,7355,7356,7357,7358,7359,7360,7361,7362,7363,7364,7365,7366,7367,-2997,-2996,-2995,-2994,-2993,-2992,-2991,-2990,-2989,-2988,-2987,-2986,-2985,-2984,-2983,-2982,-2981,-2980,-2979,-2978,-2977,-2976,-2975,-2974,-2973,-2972,-2971,-2970,-2969,-2968,-2967,-3538,-3537,-3536,-3535,-3534,-3533,-3532,-3531,-3530,-3529,-3528,-3527,-3526,-3525,-3524,-3523,-3522,-3521,-3520,-3519,-3518,-3517,-3516,-3515,-3514,-3513,-3512,-3511,-3510,-3509,-3508,-3507,-3506,-3505,-3504,-3503,-3502,-3501,-3500,-3499,-3498,-3497,-3496,-3495,-3494,-3493,-3492,-3491,-3490,-3489,-3488,-3487,-3486,-3485,-3484,-3967,-3966,-3965,-3964,-3963,-3962,-3961,-3960,-3959,-3958,-3957,-3956,-3955,-3954,-3953,-3952,-3951,-3950,-3949,-3948,-3947,-3946,-3945,-3944,-3943,-3942,-3941,-3940,-3939,-3938,-3937,-3936,-3935,-3934,-3933,-3932,-3931,-3930,7368]],"type":"Polygon","properties":{"d":"107"}},{"arcs":[[[7369,3329,-6678,7370]],[[3347]],[[3348]],[[3349]]],"type":"MultiPolygon","properties":{"d":"037"}},{"arcs":[[7371,7372,7373,7374,7375,7376,7377,7378,7379,7380,7381,7382,7383,7384,7385,3332,4697,7386,7387,7388,7389,7390,7391,7392,7393,7394,7395,7396,7397,7398,7399,7400,7401,7402,7403,7404,7405,7406,7407,7408,7409,7410,7411,7412,7413,7414,7415,7416,7417,7418,7419,7420,7421,7422,7423,7424,7425,7426,7427,7428,7429,7430,7431,7432,7433,7434,7435,7436,7437,7438,7439,7440,7441,7442,7443,7444,7445,7446,7447,4685,4686,4687,4688,4689,4690,4691,4692,4693,4694,4695,4696,3334,3335,3336,7448]],"type":"Polygon","properties":{"d":"131"}},{"arcs":[[7449,7450,7451,7452,7453,7454,7455,7456,7457,7458,7459,7460,7461,7462,7463,4226,4227,4228,4229,4230,4231,4232,4233,4234,4235,4236,4237,4238,4239,4240,4241,4242,4243,4244,4245,4246,4247,2379,2380,2381,2382,2383,2384,2385,2386,2387,2388,2389,2390,2391,-1328,-1327,-1326,-1325,-1324,-1323,-1322,-1321,-1320,-1319,-1318,-1317,-1316,-1315,-1314,-1313,-1312,-1311,-1310,-1309,-1308,-1307,-1306,-1305,-1304,-1303,-1302,-1301,-1300,-1299,-1298,-1297,-1296,-1295,-1294,-1293,-1292,-1291,-1290,-1289,-1288,-1287,-1286,-1285,-1284,-1283,-1282,-1281,-1280,-1279,-1278,-1277,-1276,-1275,-1274,-1273,-1272,-1271,-1270,-1269,-1268,-1267,-1266,-1265,-1264,-1263,-1262,-1261,-1260,-1259,-1258,-1257,-1256,-1255,-1254,-1253,-1252,-1251,-1250,-1249,-1248,-1247,-1246,-1245,-1244,-1243,-1242,-1241,-1240,-1239,-1238,-1237,-1236,-1235,-1234,-1233,-1232,-1231,-1230,-1229,-1228,-1227,-1226,-1225,-1224,-1223,-1222,-1221,-1220,-1219,-1218,-1217,-1216,-1215,-1214,-1213,-1212,-1211,-1210,-1209,-1208,-1207,-1206,-1205,-1204,-1203,-1202,-1201,-1200,-1199,-1198,-1197,-1196,-1195,-1194,-1193,-1192,-1191,-1190,-1189,-1188,-1187,-1186,-1185,-1184,-1183,-1182,-1181,-1180,-1179,-1178,-1177,-1176,-1175,-1174,-1173,-1172,-1171,-1170,-1169,-1168,-1167,-1166,-1165,-1164,-1163,-1162,-1161,-1160,-1159,-1158,-1157,-1156,-1155,-1154,-1153,-1152,-1151,-1150,-1149,-1148,-1147,-1146,-1145,-1144,-1143,-1142,-1141,-1140,-1139,-1138,-1137,-1136,-1135,-1134,-1133,-1132,-1131,-1130,-1129,-1128,-1127,-1126,-1125,-1124,-1123,-1122,-1121,-1120,-1119,-1118,-1117,-1116,-1115,-1114,-1113,-1112,-1111,-1110,-1109,-1108,-1107,-1106,-1105,-1104,-1103,-1102,-1101,-1100,-1099,-1098,-1097,-1096,-1095,-1094,-1093,-1092,-1091,-1090,-1089,-1088,-1087,-1086,7464,7465,7466,7467,7468,7469,7470,7471,7472,7473,7474,7475,7476,7477,7478,7479,7480,7481,7482,7483,7484,7485,7486,7487,7488,7489,7490,7491,7492,7493,7494,7495,7496,7497,7498,7499,7500,7501,7502,7503,7504,7505,7506,7507,7508,7509,7510,7511,7512,7513,7514,7515,7516,7517,7518,7519,7520,7521,7522,7523,7524,7525,7526,7527,7528,7529,7530,7531,7532,7533,7534,7535,7536,7537,7538,-3085,-3084,-3083,-3082,-3081,-3080,-3079,-3078,-3077,-3076,-3075,-3074,-3073,-3072,-3071,-3070,-3069,-3068,-3067,-3066,-3065,-3064,-3063,-3062,-3061,-3060,-3059,-3058,-3057,-3056,-3055,-3054,-3053,-3052,-3051,-3050,-3049,-3048,-3047,-3046,-3045,-3044,-3043,-3042,-3041,-3040,-3039,-3038,-3037,-3036,-3035,-3034,-3033,-3032,-3031,-3030,-3029,-3028,-3027,-3026,-3025,-3024,-3023,-3022,-3021,-3020,-3019,-3018,-3017,-3016,-3015,-3014,-3013,-3012,-3011,-3010,-3009,-3008,-3007,-3006,-3005,-3004,-3003,-3002,-3001,-3000,-2999,-2998,-7368,-7367,-7366,-7365,-7364,-7363,-7362,-7361,-7360,-7359,-7358,-7357,-7356,-7355,-7354,-7353,-7352,-7351,-7350,-7349,-7348,-7347,-7346,-7345,-7344,-7343,-7342,-7341,-7340,-7339,-7338,-7337,-7336,-7335,-7334,-7333,-7332,-7331,-7330,-7329,-7328,-7327,-7326,-7325,-7324,-7323,-7322,-7321,-7320,-7319,-7318,-7317,-7316,-7315,-7314,-7313,-7312,-7311,-7310,-7309,-7308,-7307,-7306,-7305,-7304,-7303,-7302,-7301,-7300,-7299,-7298,-7297,-7296,-7295,-7294,-7293,-7292,-7291,-7290,-7289,-7288,-7287,-7286,-7285,-7284,-7283,-7282,-7281,-7280,-7279,-7278,-7277,-7276,-7275,-7274,-7273,-7272,-7271,-7270,-7269,-7268,-7267,-7266,-7265,-7264,-7263,-7262,-7261,-7260,-7259,-7258,-7257,-7256,-7255,-7254,-7253,-7252,-7251,-7250,-7249,-7248,-7247,-7246,-7245,-7244,-7243,-7242,-7241,-7240,-7239,-7238,-7237,-7236,-7235,-7234,-7233,-7232,-7231,-7230,-7229,-7228,-7227,-7226,-7225,-7224,-7223,-7222,-7221,-7220,-7219,-7218,-7217,-7216,-7215,-7214,-7213,-7212,-7211,-7210,-7209,-7208,-7207,-7206,-7205,-7204,-7203,-7202,-7201,-7200,-7199,-7198,-7197,-7196,-7195,-7194,-7193,-7192,-7191,-7190,-7189,-7188,-7187,-7186,-7185,-7184,-7183,-7182,-7181,-7180,-7179,-7178,-7177,-7176,-7175,-7174,-7173,-7172,-7171,-7170,-7169,-7168,-7167,-7166,-7165,-7164,-7163,-7162,-7161,-7160,-7159,-7158,-7157,-7156,-7155,-7154,-7153,-7152,-7151,-7150,-7149,-7148,-7147,-7146,-7145,-7144,-7143,-7142,-7141,-7140,-7139,-7138,-7137,-7136,-7135,-7134,-7133,-7132,-7131,-7130,-7129,-7128,-7127,-7126,-7125,-7124,-7123,-7122,-7121,-7120,-7119,-7118,-7117,-7116,-7115,-7114,-7113,-7112,-7111,-7110,-7109,-7108,-7107,-7106,-7105,-7104,-7103,-7102,-7101,-7100,-7099,-7098,-7097,-7096,-7095,-7094,-7093,-7092,-7091,-7090,-7089,-7088,-7087,-7086,-7085,-7084,-7083,-7082,-7081,-7080,-7079,-7078,-7077,-7076,-7075,-7074,-7073,-7072,-7071,-7070,-7069,-7068,-7067,-7066,-7065,-7064,-7063,-7062,-7061,-7060,-7059,-7058,-7057,7539,7540,7541,7542,7543,7544,7545,7546,7547,7548,7549,7550,7551,7552,7553,7554,7555,7556,7557,7558,7559,7560,7561,7562,7563,7564,7565,7566,7567,7568,7569,7570,7571,7572,7573,7574,7575,7576,7577,7578,7579,7580,7581,7582,7583,7584,7585,7586,7587,7588,7589,7590,7591,7592,7593,7594,7595,7596,7597,7598,7599,7600,7601,7602,7603,7604,7605,7606,7607,7608,7609,7610,7611,7612,7613,7614,7615,7616,7617,7618,7619,7620,7621,7622]],"type":"Polygon","properties":{"d":"083"}},{"arcs":[[-5753,841,842,843,844,845,846,847,848,849,850,851,852,853,494,495,496,497,498,499,500,501,502,503,504,505,506,507,508,509,510,511,512,513,514,515,516,517,518,7623,520,521,7624,7625,7626,7627,7628,7629,7630,7631,7632,7633,7634,7635,7636,7637,7638,7639,7640,545,546,547,548,549,550,551,552,553,554,555,556,557,558,559,560,561,562,563,564,565,566,567,568,569,570,571,572,573,574,575,576,577,578,579,-5117,-5116,-5115,-5114,-5113,-5112,-5111,-5110,-5109,-5108,-5107,-5106,-5105,-5104,-5103,-5102,-5101,-5100,7641,7642,7643,7644,7645,7646,7647,7648,-5701,-5700,-5699,-5698,-5697,-5696,-5695,-5694,-5693,-5692,-5691,-5690,-5689,-5688,-5687,-5686,-5685,-5684,-5683,-5682,-5681,-5680,-5679,-5678,-5677,-5676,-5675,-5674,-5673,-5672,-5671,-5670,-5669,-5668,-5667,-5666,-5665,-5664,-5663,-5662,-5661,-5660,-5659,-5658,-5657,-5656,-5655,-5654,-5653,-5652,-5651,-5650,-5649,-5648,-5647,-5646,-5645,-5644,-5643,-5642,-5641,-5640,-5639,-5638,-5637,-5636,-5635,-5634,-5633,-5632,-5631,-5630,-5629,-5628,-5627,-5626,-5625,-5624,-5623,-5622,-5621,-5620,-5619,-5618,-5617,-5616,-5615,-5614,-5613,-5612,-5611,-5610,-5609,-5608,-5607,-5606,-5605,-5604,-5603,-5602,-5601,-5600,-5599,-5598,-5597,-5596,-5595,-5594,-5593,-5592,-5591,-5590,-5589,-5588,-5587,-5586,-5585,-5584,-5583,-5582,-5581,-5580,-5579,-5578,-5577,-5576,-5575,-5574,-5573,-5572,-5571,-5570,-5569,-5568,-5567,-5566,-5565,-5564,-5563,-5562,-5561,-5560,-5559,-5558,-5557,-5556,-5555,-5554,-5553,-5552,-5551,-5550,-5549,-5548,-5547,-5546,-5545,-5544,-5543,-5542,-5541,-5540,-5539,-5538,-5537,-5536,-5535,-5534,-5533,-5532,-5531,-5530,-5529,-5528,-5527,-5526,-5525,-5524,-5523,-5522,-5521,-5520,-5519,-5518,-5517,-5516,-5515,-5514,-5513,-5512,-5511,-5510,-5509,-5508,-5507,-5506,-5505,-5504,-5503,-5502,-5501,-5500,-5499,-5498,-5497,-5496,-5495,-5494,-5493,-5492,-5491,-5490,-5489,-5488,-5487,-5486,-5485,-5484,-5483,-5482,-5481,-5480,-5479,-5478,-5477,-5476,-5475,-5474,-5473,-5472,-5471,-5470,-5469,-5468,-5467,-5466,-5465,-5464,-5463,-5462,-5461,-5460,-5459,-5458,-5457,-5456,-5455,-5454,-5453,-5452,-5451,-5450,-5449,-5448,-5447,-5446,-5445,-5444,-5443,-5442,-5441,-5440,-5439,-5438,-5437,-5436,-5435,-5434,-5433,-5432,-5431,-5430,-5429,-5428,-5427,-5426,-5425,-5424,-5423,-5422,-5421,-5420,-5419,-5418,-5417,-5416,-5415,-5414,-5413,-5412,-5411,-5410,-5409,-5408,-5407,-5406,-5405,-5404,-5403,-5402,-5401,-5400,-5399,-5398,-5397,-5396,-5395,-5394,-5393,-5392,-5391,-5390,-5389,-5388,-5387,-5386,-5385,-5384,-5383,-5382,-5381,-5380,-5379,-5378,-5377,-5376,-5375,-5374,-5373,-5372,-5371,-5370,-5369,-5368,-5367,-5366,-5365,-5364,-5363,-5362,-5361,-5360,-5359,-5358,-5357,-5356,-5355,-5354,-5353,-5352,-5351,-5350,-5349,-5348,-5347,360,361,362,363,364,365,366,367,368,369,370,371,372,373,374,375,376,377,378,379,380,381,382,383,384,385,386,387,388,389,390,391,392,393,394,395,396,397,398,399,400,401,402,403,404,405,-5346,-5345,-5344,-5343,-5342,-5341,-5340,-5339,-5338,-5337,-5336,-5335,-5334,-5333,-5332,-5331,-5330,-5329,-5328,-5327,-5326,-5325,-5324,-5323,-5322,-5321,-5320,-5319,-5318,-5317,-5316,-5315,-5314,-5313,-5312,-5311,-5310,-5309,-5308,-5307,-5306,-5305,-5304,-5303,-5302,-5301,-5300,-5299,-5298,-5297,-5296,-5295,-5294,-5293,-5292,-5291,-5290,-5289,-5288,-5287,-5286,-5285,-5284,-5283,-5282,-5281,-5280,-5279,-5278,-5277,-5276,-5275,-5274,-5273,-5272,-5271,-5270,-5269,-5268,-5267,-5266,-5265,-5264,-5263,-5262,-5261,-5260,-5259,-5258,-5257,-5256,-5255,-5254,-5253,-5252,-5251,-5250,-5249,-5248,-5247,-5246,-5245,-5244,-5243,-5242,-5241,-5240,-5239,-5238,-5237,-5236,-5235,-5234,-5233,-5232,-5231,-5230,-5229,-5228,-5227,-5226,-5225,-5224,-5223,-5222,-5221,-5220,-5219,-5218,-5217,-5216,-5215,-5214,-5213,-5212,-5211,-5210,-5209,-5208,-5207,-5206,-5205,-5204,-5203,-5202,-5201,-5200,-5199,-5198,-5197,-5196,-5195,-5194,-5193,-5192,-5191,-5190,-5189,-5188,-5187,-5186,-5185,-5184,-5183,-5182,-5181,-5180,-5179,-5178,-5177,-5176,-5175,-5174,-5173,-5172,-5171,-5170,-5169,-5168,-5167,-5166,-5165,-5164,-5163,-5162,-5161,-5160,-5159,-5158,-5157,-5156,-5155,-5154,-5153,-5152,-5151,-5150,-5149,-5148,-5147,-5146,-5145,-5144,-5143,-5142,-5141,-5140,-5139,-5138,-5137,-5136,-5135,-5134,407,408,409,410,411,412,413,414,415,416,417,418,419,420,421,422,423,424,425,426,427,428,429,430,431,432,433,434,435,436,437,438,439,440,441,442,443,444,445,446,447,448,449,450,451,452,453,454,455,456,457,458,459,460,461,462,463,464,465,466,467,468,469,470,471,472,473,474,475,476,477,478,479,480,481,482,483,484,-5133,-5132,-5131,-5130,-5129,-5128,-5127,-5126,-5125,-5124,-5123,-5122,-5121,-5120,-5119,-5118,-5801,-5800,-5799,-5798,-5797,-5796,-5795,-5794,-5793,-5792,-5791,-5790,-5789,-5788,-5787,-5786,-5785,-5784,-5783,-5782,-5781,-5780,-5779,-5778,-5777,-5776,-5775,-5774,-5773,-5772,-5771,-5770,-5769,-5768,-5767,-5766,-5765,-5764,-5763,-5762,-5761,-5760,-5759,-5758,-5757,-5756,-5755,-5754]],"type":"Polygon","properties":{"d":"097"}},{"arcs":[[[54,55,56,57,58,59,60,61,-6126,-6125,-203,-202,-201,-200,-199,-198,-197,-196,1,2,3,4,5,6,7,8,9,10,11,12,13,14,15,16,17,18,19,20,21,22,23,24,25,26,27,28,29,30,31,-5063,-5062,-5061,-5091,-5090,-5089,-5088,-5087,-5086,-5085,-5084,-5083,-5082,-5081,-5080,-5079,-5078,-5077,-5076,-5075,-5074,-5073,-5072,-5071,-5070,-5069,-5068,-5067,-5066,47,48,49,50,51,52,53]],[[89,90,91,92,93,94,95,96,97,98,99,100,101,102,103,104,105]],[[106]],[[107]]],"type":"MultiPolygon","properties":{"d":"071"}},{"arcs":[[-5719,-5718,-5717,-5716,-5715,-316,-315,-314,-313,-312,-311,-310,-309,-308,-307,-306,-305,-304,-303,-302,-301,7649,7650,7651,7652,7653,7654,7655,7656,7657,7658,7659,7660,7661,7662,7663,7664,7665,7666,7667,7668,7669,7670,7671,7672,-5752,-5751,-5750,-5749,-5748,-5747,-5746,-5745,-5744,-5743,-5742,-5741,-5740,-5739,-5738,-5737,-5736,-5735,-5734,-5733,-5732,-5731,-5730,-5729,-5728,-5727,-5726,-5725,-5724,-5723,-5722,-5721,-5720]],"type":"Polygon","properties":{"d":"049"}},{"arcs":[[7673,7674,7675,7676,7677,7678,7679,7680,7681,7682,7683,7684,7685,7686,7687,7688,7689,7690,7691,7692,7693,7694,7695,7696,7697,7698,7699,-1890,-1889,-1888,-1887,-1886,-1885,-1884,-1883,-1882,-1881,-1880,-1879,-1878,-1951,-1950,-1949,4769,4770,4771,4772,4773,4774,4775,4757,4758,4759,4760,4761,4762,4763,4764,4765,4766]],"type":"Polygon","properties":{"d":"103"}},{"arcs":[[314,315,316,317,318,319,320,321,-5714,-5713,-5712,-5711,-5710,-5709,-5708,-5707,-5706,-5705,-5704,-5703,-5702,7700,7701,293,294,295,296,297,298,299,300,301,302,303,304,305,306,307,308,309,310,311,312,313]],"type":"Polygon","properties":{"d":"055"}},{"arcs":[[-6099,-6098,-6097,-6096,-6095,-6094,-6093,-6092,-6091,-6090,-6089,-6088,-6087,-6086,-6085,-6084,-6083,-6082,-6081,-6080,-6079,-6078,-6077,-6076,-6075,-6074,-6073,-6072,-6071,-6070,-6069,-6068,-6067,-6155,-6154,-6153,-6152,-6151,-6150,-6149,-6148,-6147,-6146,-6145,-6144,-6143,-6142,-6141,-6140,-6139,-6138,-6137,-6136,-6135,-6134,-6133,-6132,-6131,-6130,-6129,-6128,-6127,1958,1959,1960,1961,1962,1963,1964,1965,1966,1967,1968,1969,1970,1971,1972,1973,1974,1975,1976,1977,1978,1979,1980,1981,1982,1983,1984,1985,1986,1987,1988,1989,1990,1991,1992,1993,1994,7702,7703,7704,7705,7706,7707,7708,7709,7710,7711,7712,7713,7714,7715,7716,7717,7718,7719,7720,7721,7722,7723,7724,7725,7726,7727,7728,7729,7730,7731,7732,7733,7734,7735,7736,7737,7738,7739,7740,7741,7742,7743,7744,7745,7746,7747,7748,7749,2023,-6124,-6123,-6122,-6121,-6120,-6119,-6118,-6117,-6116,-6115,-6114,-6113,-6112,-6111,-6110,-6109,-6108,-6107,-6106,-6105,-6104,-6103,-6102,-6101,-6100]],"type":"Polygon","properties":{"d":"115"}},{"arcs":[[7750,7751,7752,7753,7754,7755,7756,7757,7758,7759,7760,7761,7762,7763,7764,7765,7766,7767,7768,7769,7770,7771,7772,7773,7774,7775,7776,7777,7778,7779,7780,7781,7782,7783,7784,7785,7786,7787,7788,7789,7790,7791,7792,7793,7794,7795,7796,7797,7798,7799,7800,7801,7802,7803,7804,7805,7806,7807,7808,7809,7810,7811,7812,7813,7814,7815,7816,7817,7818,7819,7820,7821,7822,7823,7824,7825,7826,7827,7828,7829,7830,7831,7832,7833,7834,7835,-6999,-6998,-6997,-6996,-6995,-6994,-6993,-6992,-6991,-6990,-6989,-6988,-6987,-6986,-6985,-6984,-6983,-6982,-6981,-6980,-6979,-6978,-6977,-6976,-6975,-6974,-6973,-6972,-6971,-6970,-6969,-6968,-6967,-6966,-6965,-6964,-6963,-6962,-6961,-6960,-6959,-6958,-6957,-6956,-6955,-6954,-6953,-6952,-6951,-6950,-6949,-6948,-6947,-6946,7836,7837,7838,7839,7840,7841,7842,7843,3968]],"type":"Polygon","properties":{"d":"035"}},{"arcs":[[-5902,-5901,-5900,-5899,-5898,-5897,-5896,-5895,-5894,-5893,-5892,-5891,-5890,-5889,-5888,-6066,-6065,-6064,-6063,-6062,-6061,-6060,-6059,-6058,-6057,-6056,-6055,-6054,-6053,-6052,-6051,-6050,-6049,-6048,-6047,-6046,-6045,-6044,-6043,-6042,-6041,-6040,-6039,-6038,-6037,-6036,-6035,-6034,-6033,-6032,-6031,-6030,-6029,-6028,-6027,-6026,-6025,-6024,-6023,-6022,-6021,-6020,-6019,-6018,-6017,-6016,-176,-175,-174,-173,-5065,7844,7845,7846,-6794,-6793,-6792,-6791,-6790,-6789,-6788,-6787,-6786,-6785,-6784,-6783,-6782,-6781,-6780,-6779,-6778,-6777,-6776,-6775,-6774,-6773,-6772,-6771,-6770,-6769,117,118,119,120,121,122,123,124,125,126,127,128,129,130,131,132,133,134,135,136,137,138,-6768,-6767,-6766,-6765,-6764,-6763,-6762,-6761,-6760,-6759,-2320,-2319,-2318,-2317,-2316,-2315,-2314,-2313,-2312,-2311,-2310,-2309,-2308,-2307,-2306,-2305,-2304,-6758,-6757,-6756,-6755,-6754,-6753,-6752,-6751,-6750,-6749,-6748,-6747,-6746,-6745,-6744,-6743,-6742,-6741,-6740,-6739,2333,2334,-5931,-5930,-5929,-5928,-5927,-5926,-5925,-5924,-5923,-5922,-5921,-5920,-5919,-5918,-5917,-5916,2052,2053,2054,2055,2056,2057,2058,2059,2060,-5915,-5914,-5913,-5912,-5911,-5910,-5909,-5908,-5907,-5906,-5905,-5904,-5903]],"type":"Polygon","properties":{"d":"011"}},{"arcs":[[-612,-611,-610,-609,-608,-607,-606,-605,-604,-603,-602,-601,-600,-599,-598,-597,-596,-595,-594,-593,-592,-591,-590,-589,-588,-587,-586,-585,-584,-583,-582,-581,-580,-579,-578,-577,-576,-575,-574,-573,-572,-571,-570,-569,-568,-567,-566,-565,-564,-563,-562,-561,-560,-559,-558,-557,-556,-555,-554,-553,7847,7848,7849,7850,7851,7852,7853,7854,7855,7856,7857,7858,7859,7860,7861,7862,7863,7864,7865,7866,7867,7868,7869,7870,7871,7872,7873,7874,7875,7876,7877,7878,7879,7880,7881,7882,7883,7884,7885,7886,7887,7888,7889,7890,7891,7892,7893,7894,7895,7896,7897,7898,7899,7900,7901,7902,7903,7904,7905,7906,7907,7908,7909,7910,7911,7912,7913,7914,7915,7916,7917,7918,7919,7920,7921,7922,7923,7924,7925,7926,7927,7928,7929,7930,7931,7932,7933,7934,7935,7936,7937,7938,7939,7940,7941,7942,7943,7944,7945,7946,7947,7948,7949,7950,7951,7952,7953,7954,7955,7956,7957,7958,7959,7960,7961,7962,7963,7964,7965,7966,7967,7968,7969,7970,7971,7972,7973,7974,7975,7976,7977,7978,7979,7980,7981,7982,7983,7984,7985,7986,7987,7988,7989,7990,7991,7992,7993,7994,7995,7996,7997,7998,7999,8000,8001,8002,8003,8004,8005,8006,8007,8008,8009,8010,8011,8012,8013,8014,8015,8016,8017,8018,8019,8020,8021,8022,8023,8024,8025,8026,8027,8028,8029,8030,8031,8032,8033,8034,8035,8036,8037,8038,8039,8040,8041,8042,8043,8044,8045,8046,8047,8048,8049,8050,8051,8052,8053,8054,8055,8056,8057,8058,8059,8060,8061,8062,8063,8064,8065,8066,8067,8068,8069,8070,8071,8072,8073,8074,8075,8076,8077,8078,8079,8080,8081,8082,8083,8084,8085,8086,8087,8088,8089,8090,8091,8092,8093,8094,8095,8096,8097,8098,8099,8100,8101,8102,8103,8104,8105,8106,8107,8108,8109,8110,8111,8112,8113,8114,8115,8116,8117,8118,8119,8120,8121,8122,8123,8124,8125,8126,8127,8128,8129,8130,8131,8132,8133,8134,8135,8136,8137,8138,8139,8140,8141,8142,8143,8144,8145,8146,8147,8148,8149,8150,8151,8152,8153,8154,8155,8156,8157,8158,8159,8160,8161,8162,8163,8164,8165,8166,8167,8168,8169,8170,8171,8172,8173,8174,8175,8176,8177,8178,8179,8180,8181,8182,8183,8184,8185,8186,8187,8188,8189,8190,8191,8192,8193,8194,8195,8196,8197,8198,8199,8200,8201,8202,8203,8204,8205,8206,8207,8208,8209,8210,8211,8212,8213,8214,8215,8216,8217,8218,8219,8220,8221,8222,8223,8224,8225,8226,8227,8228,8229,8230,8231,8232,8233,8234,8235,8236,8237,8238,8239,8240,8241,8242,8243,8244,8245,8246,8247,8248,8249,8250,8251,8252,8253,8254,8255,8256,4816,4817,4818,4819,4820,4821,4822]],"type":"Polygon","properties":{"d":"009"}},{"arcs":[[[-7478,-7477,-7476,-7475,-7474,-7473,-7472,-7471,-7470,-7469,-7468,-7467,-7466,-7465,-1085,-1084,-1083,-1082,-1081,-1080,-1079,-1078,-1077,-1076,-1075,-1074,-1073,-1072,-1071,-1070,-1069,-1068,-1067,-1066,-1065,-1064,-1063,-1062,-1061,-1060,-1059,-1058,-1057,-1056,-1055,-1054,-1053,-1052,-1051,-1050,-1049,-1048,-1047,-1046,-1045,-1044,-1043,-1042,-1041,-1040,-1039,-1038,-1037,-1036,-1035,-1034,-1033,-1032,-1031,-1030,-1029,-1028,-1027,-1026,-1025,-1024,-1023,-1022,-1021,-1020,-1019,-1018,-1017,-1016,-1015,-1014,-1013,-1012,-1011,-1010,-1009,-1008,-1007,-1006,-1005,-1004,-1003,-1002,-1001,-1000,-999,-998,-997,-996,-995,-994,-993,-992,-991,-990,-989,-988,-987,-986,-985,-984,-983,-982,-981,-980,-979,-978,-977,-976,-975,-974,-973,-972,-971,-970,-969,-968,-967,-966,-965,-964,-963,-962,-961,-960,-959,-958,-957,-956,-955,-954,-953,-952,-951,-950,-949,-948,-947,-946,-945,-944,-943,-942,-941,-940,-939,-938,-937,-936,-935,-934,-933,-932,-931,-930,-929,-928,-927,-926,-925,-924,-923,-922,-921,-920,-919,-918,-917,2392,8257,8258,8259,8260,8261,8262,8263,8264,8265,8266,8267,8268,8269,8270,8271,8272,8273,8274,8275,8276,8277,8278,8279,8280,8281,8282,8283,8284,8285,8286,8287,8288,8289,8290,8291,8292,8293,8294,8295,8296,8297,8298,8299,8300,8301,8302,8303,8304,8305,8306,8307,8308,8309,8310,8311,8312,8313,8314,8315,8316,8317,8318,8319,8320,8321,8322,8323,8324,8325,8326,8327,8328,8329,8330,8331,8332,8333,8334,8335,8336,8337,8338,8339,8340,8341,8342,8343,8344,8345,8346,8347,8348,8349,8350,8351,8352,8353,8354,8355,8356,8357,8358,8359,8360,8361,8362,8363,8364,8365,8366,8367,8368,8369,8370,8371,8372,8373,8374,8375,8376,8377,8378,8379,8380,8381,8382,8383,8384,8385,8386,8387,8388,8389,8390,8391,8392,8393,8394,8395,8396,8397,8398,8399,8400,8401,8402,8403,8404,8405,8406,8407,8408,8409,8410,8411,8412,8413,8414,8415,8416,8417,8418,8419,8420,-6180,-6179,-6178,-6177,-6176,-6175,-6174,-6173,-6172,-6171,-6170,-6169,-6168,-6167,-6166,-6165,-6164,-6163,-6162,-6161,-6160,-6159,-6158,-6157,-6156,-6618,-6617,-6616,-6615,-6614,-6613,-6612,-6611,-6610,-6609,-6608,-6607,-6606,-6605,-6604,-6603,-6602,-6601,-6600,-6599,-6598,-6597,-6596,-6595,-6594,-6593,-6592,8421,8422,-7538,-7537,-7536,-7535,-7534,-7533,-7532,-7531,-7530,-7529,-7528,-7527,-7526,-7525,-7524,-7523,-7522,-7521,-7520,-7519,-7518,-7517,-7516,-7515,-7514,-7513,-7512,-7511,-7510,-7509,-7508,-7507,-7506,-7505,-7504,-7503,-7502,-7501,-7500,-7499,-7498,-7497,-7496,-7495,-7494,-7493,-7492,-7491,-7490,-7489,-7488,-7487,-7486,-7485,-7484,-7483,-7482,-7481,-7480,-7479]],[[3093]],[[3094]],[[3095]]],"type":"MultiPolygon","properties":{"d":"075"}},{"arcs":[[8423,8424,8425,8426,8427,8428,8429,8430,8431,8432,8433,8434,8435,8436,8437,8438,4665,4666,4667,4668,4669,4670,4671,4672,4673,4674,4675,4676,4677,4678,4679,4680,4681,4682,4683,4684,-7448,-7447,-7446,-7445,-7444,-7443,-7442,-7441,-7440,-7439,-7438,-7437,-7436,-7435,-7434,-7433,-7432,-7431,-7430,-7429,-7428,-7427,-7426,-7425,-7424,-7423,-7422,-7421,-7420,-7419,-7418,-7417,-7416,-7415,-7414,-7413,-7412,-7411,-7410,-7409,-7408,-7407,-7406,-7405,-7404,-7403,-7402,-7401,-7400,-7399,-7398,-7397,-7396,-7395,-7394,-7393,-7392,-7391,-7390,-7389,-7388,-7387,4698,8439,8440,8441,8442,8443,8444,8445,8446,8447,8448,8449,8450,8451,8452,8453,8454,8455,8456]],"type":"Polygon","properties":{"d":"091"}},{"arcs":[[8457,-6556,-6555,-6554,-6553,-6552,-6551,-6550,-6549,-6548,-6547,-6546,-6545,-6544,-6543,-6542,-6541,-6540,-6539,-6538,-6537,-6536,-6535,-6534,-6533,-6532,-6531,-6530,-6529,-6528,-6527,-6526,-6525,-6524,-6523,-6522,-6521,-6520,-6519,-6518,-6517,-6516,-6515,-6514,-6513,-6512,-6511,-6510,-6509,-6508,-6507,-6506,-6505,-6504,-6503,-6502,-6501,-6500,-6499,-6498,-6497,-6496,-6495,-6494,-6493,-6492,-6491,-6490,-6489,-6488,-6487,-6486,-6485,-6484,-6483,-6482,-6481,-6480,-6479,-6478,-6477,-6476,-6475,-6474,-6473,-6472,-6471,-6470,-6469,-6468,-6467,-6466,-6465,-6464,-6463,-6462,-6461,-6460,-6459,-6458,-6457,-6456,-6455,-6454,-6453,-6452,-6451,-6450,-6449,-6448,-6447,-6446,-6445,-6444,-6443,-6442,-6441,-6440,-6439,-6438,-6437,-6436,-6435,-6434,-6433,-6432,-6431,-6430,-6429,-6428,-6427,-6426,-6425,-6424,-6423,-6422,-6421,-6420,-6419,-6418,8458,8459,8460,8461,8462,8463,8464,8465,8466,8467,8468,8469,8470,8471,8472,8473,8474,8475,8476,8477,8478,8479,8480,8481,8482,8483,8484,8485,8486,8487,8488,8489,8490,8491,8492,8493,8494,8495,8496,8497,8498,8499,8500,8501,8502,8503,8504,8505,8506,8507,8508,8509,8510,8511,8512,8513,8514,8515,8516,8517,8518,8519,8520,8521,8522,8523,8524,8525,8526,8527,8528,8529,8530,8531,8532,8533,8534,8535,8536,8537,8538,8539,8540,8541,8542,8543,8544,8545,8546,8547,8548,8549,8550,8551,8552,8553,8554,8555,8556,8557,8558,8559,8560,8561,8562,8563,8564,8565,8566,8567,8568,8569,8570,8571,8572,8573,8574,8575,8576,8577,8578,8579,8580,8581,8582,8583,8584,8585,8586,8587,8588,8589,8590,8591,8592,8593,8594,8595,8596,8597,8598,8599,8600,8601,8602,8603,8604,8605,8606,8607,8608,8609,8610,8611,8612,8613,8614,8615,8616,8617,8618,8619,8620,8621,8622,8623,8624,8625,8626,8627,8628,8629,8630,8631,8632,8633,8634,8635,8636,8637,8638,8639,8640,8641,8642,8643,8644,8645,8646,8647,8648,8649,8650,8651,8652,8653,8654,8655,8656,8657,8658,8659,8660,8661,8662,8663,8664,8665,8666,8667,8668,8669,8670,8671,8672,8673,8674,8675,8676,8677,8678,8679,8680,8681,8682,8683,8684,8685,8686,8687,8688,8689,8690,8691,8692,8693,8694,8695,8696,8697,8698,8699,8700,8701,8702,8703,8704,8705,8706,8707,8708,8709,8710,8711,8712,8713,8714,8715,8716,8717,8718,8719,8720,8721,8722,8723,8724,8725,8726,8727,8728,8729,8730,8731,8732,8733,8734,8735,8736,8737,8738,8739,8740,8741,8742,8743,8744,8745,8746,8747,8748,8749,8750,8751,8752,8753,8754,8755,8756,8757,8758,8759,8760,8761,8762,8763,8764,8765,8766,8767,8768,8769,8770,8771,8772,8773,8774,8775,8776,8777,8778,8779,8780,8781,8782,8783,8784,8785,8786,8787,8788,8789,8790,8791,8792,8793,8794,8795,8796,8797,8798,8799,8800,8801,8802,8803,8804,8805,8806,8807,8808,8809,8810,8811,8812,8813,8814,8815,8816,8817,8818,8819,8820,8821,8822,8823,8824,8825,8826,8827,8828,8829,8830,8831,8832,8833,8834,8835,8836,8837,8838,8839,8840,8841,8842,8843,8844,8845,8846,8847,8848,8849,8850,8851,8852,8853,8854,8855,8856,8857,8858,8859,8860,8861,8862,8863,8864,8865,8866,8867,8868,8869,8870,8871,8872,8873,8874,8875,8876,8877,8878,8879,8880,8881,8882,8883,8884,8885,8886,8887,8888,8889,8890,8891,8892,8893,8894,8895,8896,8897,8898,8899,8900,8901,8902,8903,8904,8905,8906,8907,8908,8909,8910,8911,8912,8913,8914,8915,8916,8917,8918,8919,8920,8921,8922,8923,8924,8925,8926,8927,8928,8929,8930,8931,8932,8933,8934,8935,8936,8937,8938,8939,8940,8941,8942,8943,8944,8945,8946,8947,8948,8949,8950,8951,8952,8953,8954,8955,8956,8957,8958,8959,8960,8961,8962,8963,8964,8965,8966,8967,8968,8969,8970,2723,2724,2725,2726,2727,2728,2729,2730,2731,2732,2733,2734,2735,2736,2737,2738,2739,2740,2741,2742,2743,8971,8972]],"type":"Polygon","properties":{"d":"023"}},{"arcs":[[8973,8974,8975,8976,8977,8978,8979,8980,8981,8982,8983,8984,8985,8986,8987,8988,8989,8990,8991,8992,8993,8994,8995,8996,8997,8998,8999,9000,9001,9002,9003,9004,9005,9006,9007,9008,9009,9010,9011,9012,9013,9014,9015,9016,9017,9018,9019,9020,9021,9022,9023,9024,9025,9026,9027,9028,9029,9030,9031,9032,9033,9034,9035,9036,9037,9038,9039,9040,9041,9042,9043,9044,9045,9046,9047,9048,9049,9050,9051,9052,9053,9054,9055,9056,9057,9058,9059,9060,9061,9062,9063,9064,9065,9066,9067,9068,9069,9070,9071,9072,9073,9074,9075,9076,9077,9078,9079,9080,9081,9082,9083,9084,9085,9086,9087,9088,9089,9090,9091,9092,9093,9094,9095,9096,9097,9098,9099,9100,9101,9102,9103,9104,9105,9106,9107,9108,9109,9110,9111,9112,9113,9114,9115,9116,9117,9118,9119,9120,9121,9122,9123,9124,9125,9126,9127,9128,9129,9130,9131,9132,9133,9134,3256,3257,3258,3259,3260,3261,3262,3263,3264,3265,3266,3267,9135,9136,9137,9138,9139]],"type":"Polygon","properties":{"d":"073"}},{"arcs":[[-6589,-6588,-6587,-6586,-6585,-6584,-6583,-6582,-6581,-6580,-6579,-6578,-6577,-6576,-6575,-6574,-6573,-6572,-6571,-6570,-6569,-6568,-6567,-6566,-6565,-6564,-6563,-6562,-6561,-6560,-6559,-6558,-6557,-8458,9140,9141,2967,2968,2969,2970,2971,2972,2973,2974,2975,2976,2977,2978,2979,2980,2981,2982,2983,2984,2985,2986,2987,2988,2989,2990,2991,2992,2993,2994,2995,2996,2997,2998,2999,3000,3001,3002,3003,3004,3005,3006,3007,3008,3009,3010,3011,3012,3013,3014,3015,3016,3017,3018,3019,3020,3021,3022,3023,3024,3025,3026,3027,3028,3029,3030,3031,3032,3033,3034,3035,3036,3037,3038,3039,3040,3041,3042,3043,3044,3045,3046,3047,3048,3049,3050,3051,3052,3053,3054,3055,3056,3057,3058,3059,3060,3061,3062,3063,3064,3065,3066,3067,3068,3069,3070,3071,3072,3073,3074,3075,3076,3077,3078,3079,3080,3081,3082,3083,3084,-7539,-8423,-8422,-6591,-6590]],"type":"Polygon","properties":{"d":"001"}},{"arcs":[[-217,-216,-215,-214,-213,-212,-211,-210,-209,-208,-207,-206,-205,-204,284,285,286,287,288,289,290,291,292,-7702,9142,-247,-246,-245,-244,-243,-242,-241,-240,-239,-238,-237,-236,-235,-234,-233,-232,-231,-230,-229,-228,-227,-226,-225,-224,-223,-222,-221,-220,-219,-218]],"type":"Polygon","properties":{"d":"043"}},{"arcs":[[-4216,-4215,-4214,-4213,-4212,-4211,-4210,-4209,-4208,-4207,-4206,-4205,-4204,-4203,-4202,-4201,-4200,-4199,9143,9144,9145,9146,9147,9148,9149,9150,9151,9152,9153,9154,9155,9156,9157,9158,9159,9160,9161,9162,9163,9164,9165,9166,9167,9168,9169,9170,9171,9172,9173,9174,9175,9176,9177,9178,9179,9180,9181,9182,9183,9184,9185,9186,9187,9188,9189,9190,9191,9192,9193,9194,9195,9196,9197,9198,9199,9200,9201,9202,9203,9204,9205,9206,9207,9208,9209,9210,9211,-826,-825,-824,-823,-822,-821,-820,-819,-818,-817,-816,-815,-814,-813,-812,-811,-810,-809,-808,-807,-806,-805,-804,-803,-802,-801,-800,-799,-798,-797,-796,-795,-794,-793,-792,-791,-790,-789,-788,-787,-786,-785,-784,-783,-782,-781,-780,-779,-778,-777,-776,-775,-774,-773,-772,-771,-770,-769,-768,-767,-766,-765,-764,-763,-762,-761,-760,-759,-758,-757,-756,-755,-754,-753,-752,-751,-750,-749,-748,-747,-746,-745,-744,-743,-742,-741,-740,-739,-738,-737,-1555,-1554,-1553,-1552,-1551,-1550,-1549,-1548,-1547,-1546,-1545,-1544,-1543,-1542,-1541,-1540,-1539,-1538,-1537,-1536,-1535,-1534,-1533,-1532,-1531,-1530,-1529,-1528,-1527,-1526,-1525,-1524,-1523,-1522,-1521,-1520,-1519,-1518,-1517,-1516,-1515,-1514,-1513,-1512,-1511,-1510,-1509,-1508,-1507,-1506,-1505,-1504,-1503,-1502,-1501,-1500,-1499,-1498,-1497,-1496,-1495,-1494,-1493,-1492,-1491,-1490,-1489,-1488,-1487,-1486,-1485,-1484,-1483,-1482,-1481,-1480,-1479,-1478,-1477,-1476,-1475,-1474,-1473,-1472,-1471,-1470,-1469,-1468,-1467,-1466,-1465,-1464,-1463,-1462,-1461,-1460,-1459,-1458,-1457,-1456,-1455,-1454,-1453,-1452,-1451,-1450,-1449,-1448,-1447,-1446,-1445,-1444,-1443,-1442,-1441,-1440,-1439,-1438,-1437,-1436,-1435,-1434,-1433,-1432,-1431,-1430,-1429,-1428,-1427,-1426,-1425,-1424,-1423,-1422,-1421,-1420,-1419,-1418,-1417,-1416,-1415,-1414,-1413,-1412,-1411,-1410,-1409,-1408,-1407,-1406,-1405,-1404,-1403,-1402,-1401,-1400,-1399,-1398,-1397,-1396,-1395,-1394,-1393,-1392,-1391,-1390,-1389,-1388,-1387,-1386,-1385,-1384,-1383,-1382,-1381,-1380,-1379,-1378,-1377,-1376,-1375,-1374,-1373,-1372,-1371,-1370,-1369,-1368,-1367,-1366,-1365,-1364,-1363,-1362,-1361,-1360,-1359,-1358,-1357,-1356,-1355,-1354,-1353,-1352,-1351,-1350,-1349,-1348,-1347,-1346,-1345,-1344,-1343,-1342,-1341,-1340,-1339,-1338,-1337,-1336,-1335,-1334,-1333,-1332,-1331,-1330,-1329,-2392,-2391,-2390,-2389,-2388,-2387,-2386,-2385,-2384,-2383,-2382,-2381,-2380,-4248,-4247,-4246,-4245,-4244,-4243,-4242,-4241,-4240,-4239,-4238,-4237,-4236,-4235,-4234,-4233,-4232,-4231,-4230,-4229,-4228,-4227,-4226,-4225,-4224,-4223,-4222,-4221,-4220,-4219,-4218,-4217]],"type":"Polygon","properties":{"d":"119"}},{"arcs":[[3483,3484,3485,3486,3487,3488,3489,3490,3491,3492,3493,3494,3495,3496,3497,3498,3499,3500,3501,3502,3503,3504,3505,3506,3507,3508,3509,3510,3511,3512,3513,3514,3515,3516,3517,3518,3519,3520,3521,3522,3523,3524,3525,3526,3527,3528,3529,3530,3531,3532,3533,3534,3535,3536,3537,-2966,-2965,-2964,-2963,-2962,-2961,-2960,-2959,-2958,-2957,-2956,-2955,-2954,-2953,-2952,-2951,-2950,-2949,-2948,-2947,-2946,-2945,-2944,-2943,-2942,-2941,-2940,-2939,-2938,-2937,-2936,-2935,-2934,-2933,-2932,-2931,-2930,-2929,-2928,-2927,-2926,-2925,-2924,-2923,-2922,-2921,-2920,-2919,-2918,-2917,-2916,-2915,-2914,-2913,-2912,-6928,-6927,-6926,-6925,-6924,-6923,-6922,-6921,-6920,-6919,-6918,-6917,-6916,-6915,-6914,-6913,-6912,-6911,-6910,-6909,-6908,-6907,-6906,-6905,-6904,-6903,-6902,-6901,-6900,-6899,-6898,-6897,-6896,-6895,-6894,-6893,-6892,-6891,-6890,-6889,-6888,-6887,-6886,-6885,-6884,-6883,-6882,-6881,-6880,-6879,-6878,-6877,-6876,-6875,-6874,-6873,-6872,-6871,-6870,-3470,-3469,-3468,-3467,-3466,-3465,-3464,-3463,-3462,-3461,-3460,-3459,-3458,-3457,-3456,-3455,-3454,-3453,-3452,-3451,-3450,-3449,-3448,-3447,-3446,-3445,-3444,-3443,-3442,-3441,-3440,-3439,-3438,-3437,-3436,-3435,-3434,-3433,-3432,-3431,-3430,-3429,-3428,-3427,-3426,-3425,-3424,-3423,-3422,-3421,-3420,-3419,-3418,-3417,-3416,-3415,-3414,-3413,-3412,-3411,-3410,-3409,-3408,-3407,-3406,-3405,-3404,-3403,-3402,-3401,-3400,-3399,-3398,-3397,-3396,-3395,-3394,-3393,-3392,-3391,-3390,-3389,-3388,-3387,-3386,-3385,-3384,-3383,-3382,-3381,-3380,-3379,3928,3929,3930,3931,3932,3933,3934,3935,3936,3937,3938,3939,3940,3941,3942,3943,3944,3945,3946,3947,3948,3949,3950,3951,3952,3953,3954,3955,3956,3957,3958,3959,3960,3961,3962,3963,3964,3965,3966]],"type":"Polygon","properties":{"d":"019"}},{"arcs":[[9212,-9141,-8973,9213]],"type":"Polygon","properties":{"d":"125"}},{"arcs":[[-8438,-8437,-8436,-8435,-8434,-8433,-8432,-8431,-8430,-8429,-8428,-8427,-8426,-8425,-8424,-8457,-8456,-8455,-8454,-8453,-8452,-8451,-8450,-8449,-8448,-8447,-8446,-8445,-8444,-8443,-8442,-8441,-8440,4699,9214,9215,9216,9217,9218,9219,9220,9221,9222,9223,9224,9225,9226,9227,9228,9229,9230,9231,9232,9233,9234,9235,9236,9237,9238,9239,9240,9241,9242,9243,9244,9245,9246,9247,9248,9249,9250,9251,9252,9253,9254,9255,9256,9257,9258,9259,9260,9261,9262,9263,9264,9265,9266,9267,9268,9269,9270,9271,9272,9273,9274,9275,9276,9277,9278,9279,9280,9281,9282,9283,9284,9285,9286,9287,9288,9289,9290,9291,9292,9293,9294,9295,9296,9297,9298,9299,9300,9301,9302,9303,9304,9305,9306,9307,9308,9309,9310,9311,9312,9313,9314,9315,9316,9317,9318,9319,9320,9321,9322,9323,9324,9325,9326,9327,9328,9329,9330,9331,9332,9333,9334,9335,9336,9337,9338,9339,9340,9341,9342,9343,9344,9345,9346,9347,9348,9349,9350,9351,9352,9353,9354,9355,9356,9357,9358,9359,9360,9361,9362,9363,9364,9365,9366,9367,9368,9369,9370,9371,9372,9373,9374,9375,9376,9377,9378,9379,9380,9381,9382,9383,9384,9385,9386,9387,9388,9389,9390,9391,9392,9393,9394,9395,9396,9397,9398,9399,9400,9401,9402,9403,9404,9405,9406,9407,9408,9409,9410,9411,9412,9413,9414,9415,9416,9417,9418,9419,9420,9421,9422,9423,9424,9425,9426,9427,9428,9429,9430,9431,9432,9433,9434,9435,9436,9437,9438,9439,9440,9441,9442,9443,9444,9445,9446,9447,9448,9449,9450,9451,9452,9453,9454,9455,9456,9457,9458,9459,9460,9461,9462,9463,9464,9465,9466,9467,9468,9469,9470,9471,9472,9473,9474,9475,9476,9477,9478,9479,9480,9481,9482,9483,9484,9485,9486,9487,9488,9489,9490,9491,9492,9493,9494,9495,9496,9497,9498,9499,9500,9501,9502,9503,9504,9505,9506,9507,9508,9509,9510,9511,9512,9513,9514,9515,9516,9517,9518,9519,9520,9521,9522,9523,9524,9525,9526,9527,9528,9529,9530,9531,9532,9533,9534,9535,9536,9537,9538,9539,9540,9541,9542,9543,9544,9545,9546,9547,9548,9549,9550,9551,9552,9553,9554,9555,9556,9557,9558,9559,9560,9561,9562,9563,9564,9565,9566,9567,9568,9569,9570,9571,9572,9573,9574,9575,9576,9577,9578,9579,9580,9581,9582,9583,9584,9585,9586,9587,9588,9589,9590,9591,9592,9593,9594,9595,9596,9597,9598,9599,9600,9601,9602,9603,9604,9605,9606,9607,9608,9609,9610,9611,9612,9613,9614,9615,9616,9617,9618,9619,9620,9621,9622,9623,9624,9625,9626,9627,9628,9629,9630,9631,9632,9633,9634,9635,9636,9637,9638,9639,9640,9641,9642,9643,9644,9645,9646,9647,9648,9649,9650,9651,9652,9653,9654,9655,9656,9657,9658,9659,9660,9661,9662,9663,9664,9665,9666,9667,9668,9669,9670,9671,9672,9673,9674,9675,9676,9677,9678,9679,9680,9681,9682,9683,9684,4637,4638,4639,4640,4641,4642,4643,4644,4645,4646,4647,4648,4649,4650,4651,4652,4653,4654,4655,4656,4657,4658,4659,4660,4661,4662,4663,4664,-8439]],"type":"Polygon","properties":{"d":"113"}},{"arcs":[[2925,2926,2927,2928,2929,2930,2931,2932,2933,2934,2935,2936,2937,2938,2939,2940,2941,2942,2943,2944,2945,2946,2947,2948,2949,2950,2951,2952,2953,2954,2955,2956,2957,2958,2959,2960,2961,2962,2963,2964,2965,2966,-9142,-9213,9685,2912,2913,2914,2915,2916,2917,2918,2919,2920,2921,2922,2923,2924]],"type":"Polygon","properties":{"d":"007"}},{"arcs":[[9686,3345,3346,3143,3144,3145,3146,3147,3148,3149,3150,3151,3152,3153,3154,3155,3156,3157,3158,3159,3160,3161,3162,3163,3164,3165,3166,3167,3168,3169,3170,3171,3172,3173,3174,3175,3176,3177,3178,3179,3180,3181,3182,3183,3184,3185,3186,3187,3188,3189,3190,3191,3192,3193,3194,3195,3196,3197,3198,3199,3200,3201,3202,3203,3204,3205,3206,3207,3208,3209,3210,3211,3212,3213,3214,3215,3216,3217,3218,3219,3220,3221,3222,3223,3224,3225,3226,3227,3228,3229,3230,9687,9688,9689,9690,9691,9692,9693,9694,9695,9696,9697,9698,9699,9700,9701,9702,9703,9704,9705,9706,9707,9708,9709,9710,9711,9712,9713,9714,9715,9716,9717,9718,9719,9720,9721,9722,9723,9724,9725,9726,9727,9728,9729,9730,9731,9732,9733,9734,9735,9736,9737,9738,9739]],"type":"Polygon","properties":{"d":"063"}},{"arcs":[[3699,3700,3701,3702,3703,3704,3705,3706,3707,3708,3709,3710,3711,3712,3713,3714,3715,3716,3717,3718,3719,3720,3721,3722,3723,3724,3725,3726,3727,3728,3729,3730,3731,3732,3733,3734,3735,3736,3737,3738,3739,3740,3741,3742,3743,3744,3745,3746,3747,3748,3749,3750,3751,3752,3753,3754,3755,3756,3757,3758,3759,3760,3761,3762,3763,3764,3765,3766,3767,3768,3769,3770,3771,3772,3773,3774,3775,3776,3777,3778,3779,3780,3781,3782,3783,3784,3785,3786,3787,3788,3789,3790,3791,3792,3793,3794,3795,3796,3797,3798,3799,3800,3801,3802,3803,3804,3805,3806,3807,3808,3809,3810,3811,3812,3813,3814,3815,3816,3817,3818,3819,3820,3821,3822,3823,3824,3825,3826,3827,3828,3829,3830,3831,3832,3833,3834,3835,3836,3837,3838,3839,3840,3841,3842,3843,3844,3845,3846,3847,3848,3849,3850,3851,3852,3853,3854,3855,3856,3857,3858,3859,3860,3861,3862,3863,3864,3865,3866,3867,3868,3869,3870,3871,3872,3873,3874,3875,3876,3877,3878,3879,3880,3881,3882,3883,3884,3885,3886,3887,3888,3889,3890,3891,3892,3893,3894,3895,3896,3897,3898,3899,3900,3901,3902,3903,3904,3905,3906,3907,3908,3909,3910,3911,3912,3913,3914,3915,3916,3917,3918,3919,3920,3921,3922,3923,3924,3925,3926,-6929,-2908,-2907,-2906,-2905,-2904,-2903,3538,3539,3540,3541,3542,3543,3544,3545,3546,3547,3548,3549,3550,3551,3552,3553,3554,3555,3556,3557,3558,3559,3560,3561,3562,3563,3564,3565,3566,3567,3568,3569,3570,3571,3572,3573,3574,3575,3576,3577,3578,3579,3580,3581,3582,3583,3584,3585,3586,3587,3588,3589,3590,3591,3592,3593,3594,3595,3596,3597,3598,3599,3600,3601,3602,3603,3604,3605,3606,3607,3608,3609,3610,3611,3612,3613,3614,3615,3616,3617,3618,3619,3620,3621,3622,3623,3624,3625,3626,3627,3628,3629,3630,3631,3632,3633,3634,3635,3636,3637,3638,3639,3640,3641,3642,3643,3644,3645,3646,3647,3648,3649,3650,3651,3652,3653,3654,3655,3656,3657,3658,3659,3660,3661,3662,3663,3664,3665,3666,3667,3668,3669,3670,3671,3672,3673,3674,3675,3676,3677,3678,3679,3680,3681,3682,3683,3684,3685,3686,3687,3688,3689,3690,3691,3692,3693,3694,3695,3696,3697,3698]],"type":"Polygon","properties":{"d":"089"}},{"arcs":[[4807,4808,4809,4810,4811,4812,4813,4814,4815,-8257,-8256,-8255,-8254,-8253,-8252,-8251,-8250,-8249,-8248,-8247,-8246,-8245,-8244,-8243,-8242,-8241,-8240,-8239,-8238,-8237,-8236,-8235,-8234,-8233,-8232,-8231,-8230,-8229,-8228,-8227,-8226,-8225,-8224,-8223,-8222,-8221,-8220,-8219,-8218,-8217,-8216,-8215,-8214,-8213,-8212,-8211,-8210,-8209,-8208,-8207,-8206,-8205,-8204,-8203,-8202,-8201,-8200,-8199,-8198,-8197,-8196,-8195,-8194,-8193,-8192,-8191,-8190,-8189,-8188,-8187,-8186,-8185,-8184,-8183,-8182,-8181,-8180,-8179,-8178,-8177,-8176,-8175,-8174,-8173,-8172,-8171,-8170,-8169,-8168,-8167,-8166,-8165,-8164,-8163,-8162,-8161,-8160,-8159,-8158,-8157,-8156,-8155,-8154,-8153,-8152,-8151,-8150,-8149,-8148,-8147,-8146,-8145,-8144,-8143,-8142,-8141,-8140,-8139,-8138,-8137,-8136,-8135,-8134,-8133,-8132,-8131,-8130,-8129,-8128,-8127,-8126,-8125,-8124,-8123,-8122,-8121,-8120,-8119,-8118,-8117,-8116,-8115,-8114,-8113,-8112,-8111,-8110,-8109,-8108,-8107,-8106,-8105,-8104,-8103,-8102,-8101,-8100,-8099,-8098,-8097,-8096,-8095,-8094,-8093,-8092,-8091,-8090,-8089,-8088,-8087,-8086,-8085,-8084,-8083,-8082,-8081,-8080,-8079,-8078,-8077,-8076,-8075,-8074,-8073,-8072,-8071,-8070,-8069,-8068,-8067,-8066,-8065,-8064,-8063,-8062,-8061,-8060,-8059,-8058,-8057,-8056,-8055,-8054,-8053,-8052,-8051,-8050,-8049,-8048,-8047,-8046,-8045,-8044,-8043,-8042,-8041,-8040,-8039,-8038,-8037,-8036,-8035,-8034,-8033,-8032,-8031,-8030,-8029,-8028,-8027,-8026,-8025,-8024,-8023,-8022,-8021,-8020,-8019,-8018,-8017,-8016,-8015,-8014,-8013,-8012,-8011,-8010,-8009,-8008,-8007,-8006,-8005,-8004,-8003,-8002,-8001,-8000,-7999,-7998,-7997,-7996,-7995,-7994,-7993,-7992,-7991,-7990,-7989,-7988,-7987,-7986,-7985,-7984,-7983,-7982,-7981,-7980,-7979,-7978,-7977,-7976,-7975,-7974,-7973,-7972,-7971,-7970,-7969,-7968,-7967,-7966,-7965,-7964,-7963,-7962,-7961,-7960,-7959,-7958,-7957,-7956,-7955,-7954,-7953,-7952,-7951,-7950,-7949,-7948,-7947,-7946,-7945,-7944,-7943,-7942,-7941,-7940,-7939,-7938,-7937,-7936,-7935,-7934,-7933,-7932,-7931,-7930,-7929,-7928,-7927,-7926,-7925,-7924,-7923,-7922,-7921,-7920,-7919,-7918,-7917,-7916,-7915,-7914,-7913,-7912,-7911,-7910,-7909,-7908,-7907,-7906,-7905,-7904,-7903,-7902,-7901,-7900,-7899,-7898,-7897,-7896,-7895,-7894,-7893,-7892,-7891,-7890,-7889,-7888,-7887,-7886,-7885,-7884,-7883,-7882,-7881,-7880,-7879,-7878,-7877,-7876,-7875,-7874,-7873,-7872,-7871,-7870,-7869,-7868,-7867,-7866,-7865,-7864,-7863,-7862,-7861,-7860,-7859,-7858,-7857,-7856,-7855,-7854,-7853,-7852,-7851,-7850,-7849,-7848,-552,-551,-550,-549,-548,-547,-546,-7641,-7640,-7639,-7638,-7637,-7636,-7635,-7634,-7633,-7632,-7631,-7630,-7629,-7628,-7627,-7626,-7625,-522,-521,-7624,-519,-518,-517,-516,-515,-514,-513,-512,-511,-510,-509,-508,-507,-506,-505,-504,-503,-502,-501,-500,-499,-498,-497,-496,-495,-854,-853,-852,-851,-850,-849,-848,-847,-846,-845,-844,-843,-842,9740,9741,9742,9743,9744,9745,9746,9747,9748,9749,9750,9751,9752,9753,9754,9755,9756,9757,9758,9759,9760,9761,9762,9763,9764,9765,9766,9767,9768,9769,9770,9771,9772,9773,9774,9775,9776,9777,9778,9779,9780,9781,9782,9783,9784,9785,9786,9787,9788,9789,9790,9791,9792,9793,9794,9795,9796,9797,9798,9799,9800,9801,9802,9803,9804,9805,9806,9807,9808,9809,9810,9811,9812,9813,9814,9815,9816,9817,9818,9819,9820,9821,9822,9823,9824,9825,9826,9827,9828,9829,-4197,-4196,-4195,-4194,-4193,9830,9831,9832,9833,9834,9835,9836,9837,9838,9839,9840,9841,9842,9843,9844,4885,4886,4887,4888,4889,4890,4891,4892,4893,4894,4895,4896,4897,4898,4899,4900,4901,4902,4903,4904,4905,4906,4907,4908,4909,4910,4911,4912,4913,4914,4915,4916,4917,4918,4919,4920,4921,4922,4923,4924,4925,4926,4927,4928,4929,4930,4931,4932,4933,4934,4935,4936,4937,4938,4939,4940,4941,4942,4943,4944,4945,4946,4947,4948,4949,4950,4951,4952,4953,4954,4955,4956,4957,4958,4959,4960,4961,4962,4972,4973,4974,4975,4976,4977,4978,4979,4980,4981,4982,4983,4984,4985,4986,4987,4988,4989,4990,4991,4992,4993,4994,4995,4996,4997,4998,4999,5000,5001,5002,5003,5004,5005,5006,5007,5008,5009,5010,5011,5012,5013,5014,5015,5016,5017,5018,5019,5020,5021,5022,5023,5024,5025,5026,5027,5028,5029,5030,5031,5032,5033,5034,5035,5036,5037,5038,5039,5040,5041,5042,5043,5044,5045,5046,5047,5048,5049,5050,5051,5052,5053,5054,5055,5056,5057,4794,4795,4796,9845,9846,4798,4799,4800,4801,4802,4803,4804,4805,4806]],"type":"Polygon","properties":{"d":"095"}},{"arcs":[[3285,3286,9847,9848,9849,9850,9851,9852,9853,9854,9855,9856,9857,9858,9859,9860,9861,9862,9863,9864,9865,9866,9867,9868,9869,9870,9871,9872,9873,9874,9875,9876,9877,9878,9879,9880,9881,9882,9883,9884,9885,9886,9887,9888,9889,9890,9891,9892,9893,9894,9895,9896,9897,9898,9899,9900,9901,9902,9903,9904,9905,9906,9907,9908,9909,9910,9911,9912,9913,9914,9915,9916,9917,9918,9919,9920,9921,9922,9923,9924,9925,9926,9927,9928,9929,9930,9931,9932,9933,9934,9935,9936,9937,9938,9939,9940,9941,9942,9943,9944,9945,9946,9947,9948,9949,9950,9951,9952,9953,9954,9955,9956,9957,3307,9958,-9139,-9138,-9137,-9136,3268,3269,3270,3271,3272,3273,3274,3275,3276,3277,3278,3279,3280,3281,3282,3283,3284]],"type":"Polygon","properties":{"d":"065"}},{"arcs":[[-2395,3306,-9958,9959,9960,9961,9962,9963,9964,9965,9966,9967,9968,9969,9970,9971,9972,9973,9974,9975,9976,9977,9978,-2396]],"type":"Polygon","properties":{"d":"123"}},{"arcs":[[-2024,-7750,-7749,-7748,-7747,-7746,-7745,-7744,9979,9980,9981,9982,9983,-7666,-7665,-7664,-7663,-7662,-7661,-7660,-7659,-7658,-7657,-7656,-7655,-7654,-7653,-7652,-7651,-7650,-300,-299,-298,-297,-296,-295,-2025]],"type":"Polygon","properties":{"d":"027"}},{"arcs":[[-6323,-6322,-6321,-6320,-6319,-6318,-6317,-6316,-6315,-6314,-6313,-6312,-6311,-6310,-6309,-6308,-6307,-6306,-6305,-6304,-6303,-6302,-6301,-6300,-6299,-6298,-6297,-6296,-6295,-6294,-6293,-6292,-6291,-6290,-6289,-6288,-6287,-6286,-6285,-6284,-6283,-6282,-6281,-6280,-6279,-6278,-6277,-6276,-6275,-6274,-6273,-6272,-6271,-6270,-6269,-6268,-6267,-6266,-6265,-6264,-6263,-6262,-6261,-6260,-6259,-6258,-6257,-6256,-6255,-6254,-6253,-6252,-6251,-6250,-6249,-6248,-6247,-6246,-6245,-6244,-6243,-6242,-6241,-6240,-6239,-6238,-6237,-6236,-6235,-6234,-6233,-6232,-6231,-6230,-6229,-6228,-6227,-6226,-6225,-6224,-6223,-6222,-6221,-6220,-6219,-6218,-6217,-6216,-6215,-6214,-6213,-6212,-6211,-6210,-6209,-6208,-6207,-6206,-6205,-6204,-6203,-6202,-6201,-6200,-6199,-6198,-6197,-6196,-6195,-6194,-6193,-6192,-6191,-6190,-6189,-6188,-6187,-6186,-6185,-6184,-6183,-6182,-6181,-8421,-8420,-8419,-8418,-8417,-8416,-8415,-8414,-8413,-8412,-8411,-8410,-8409,-8408,-8407,-8406,-8405,-8404,-8403,-8402,-8401,-8400,-8399,-8398,-8397,-8396,-8395,-8394,-8393,-8392,-8391,-8390,-8389,-8388,-8387,-8386,-8385,-8384,-8383,-8382,-8381,-8380,-8379,-8378,-8377,-8376,-8375,-8374,-8373,-8372,-8371,-8370,-8369,-8368,-8367,-8366,-8365,-8364,-8363,-8362,-8361,-8360,-8359,-8358,-8357,-8356,-8355,-8354,-8353,-8352,-8351,-8350,-8349,-8348,-8347,-8346,-8345,-8344,-8343,-8342,-8341,-8340,-8339,-8338,-8337,-8336,-8335,-8334,-8333,-8332,-8331,-8330,-8329,-8328,-8327,-8326,-8325,-8324,-8323,-8322,-8321,-8320,-8319,-8318,-8317,-8316,-8315,-8314,-8313,-8312,-8311,-8310,-8309,-8308,-8307,-8306,-8305,-8304,-8303,-8302,-8301,-8300,-8299,-8298,-8297,-8296,-8295,-8294,-8293,-8292,-8291,-8290,-8289,-8288,-8287,-8286,-8285,-8284,-8283,-8282,-8281,-8280,-8279,-8278,-8277,-8276,-8275,-8274,-8273,-8272,-8271,-8270,-8269,-8268,-8267,-8266,-8265,-8264,-8263,-8262,-8261,-8260,-8259,-8258,2393,2394,9984]],"type":"Polygon","properties":{"d":"029"}},{"arcs":[[-8665,-8664,-8663,-8662,-8661,-8660,-8659,-8658,-8657,-8656,-8655,-8654,-8653,-8652,-8651,-8650,-8649,-8648,-8647,-8646,-8645,-8644,-8643,-8642,-8641,-8640,-8639,-8638,-8637,-8636,-8635,-8634,-8633,-8632,-8631,-8630,-8629,-8628,-8627,-8626,-8625,-8624,-8623,-8622,-8621,-8620,-8619,-8618,-8617,-8616,-8615,-8614,-8613,-8612,-8611,-8610,-8609,-8608,-8607,-8606,-8605,-8604,-8603,-8602,-8601,-8600,-8599,-8598,-8597,-8596,-8595,-8594,-8593,-8592,-8591,-8590,-8589,-8588,-8587,-8586,-8585,-8584,-8583,-8582,-8581,-8580,9985,2465,2466,2467,2468,2469,2470,2471,2472,2473,2474,2475,2476,2477,2478,2479,2480,2481,2482,2483,2484,2485,2486,2487,2488,2489,2490,2491,2492,2493,2494,2495,2496,2497,2498,2499,2500,2501,2502,2503,2504,2505,2506,2507,2508,2509,2510,2511,2512,2513,2514,2515,2516,2517,2518,2519,2520,2521,2522,2523,2524,2525,2526,2527,2528,2529,2530,2531,2532,2533,2534,2535,2536,2537,2538,2539,2540,2541,2542,2543,2544,2545,2546,2547,2548,2549,2550,2551,2552,2553,2554,2555,2556,2557,2558,2559,2560,2561,2562,2563,2564,2565,2566,2567,2568,2569,2570,2571,2572,2573,2574,2575,2576,2577,2578,2579,2580,2581,2582,2583,2584,2585,2586,2587,2588,2589,2590,2591,2592,2593,2594,2595,2596,2597,2598,2599,2600,2601,2602,2603,2604,2605,2606,2607,2608,2609,2610,2611,2612,2613,2614,2615,2616,2617,2618,2619,2620,2621,2622,2623,2624,2625,2626,2627,2628,2629,2630,2631,2632,2633,2634,2635,2636,2637,2638,2639,2640,2641,2642,2643,2644,2645,2646,2647,2648,2649,2650,2651,2652,2653,2654,2655,2656,2657,2658,2659,2660,2661,2662,2663,2664,2665,2666,2667,2668,2669,2670,2671,2672,2673,2674,2675,2676,2677,2678,2679,2680,2681,2682,2683,2684,2685,2686,2687,2688,2689,2690,2691,2692,2693,2694,2695,2696,2697,2698,2699,2700,2701,2702,2703,2704,2705,2706,2707,2708,2709,2710,2711,2712,2713,2714,2715,2716,2717,2718,2719,2720,2721,2722,-8971,-8970,-8969,-8968,-8967,-8966,-8965,-8964,-8963,-8962,-8961,-8960,-8959,-8958,-8957,-8956,-8955,-8954,-8953,-8952,-8951,-8950,-8949,-8948,-8947,-8946,-8945,-8944,-8943,-8942,-8941,-8940,-8939,-8938,-8937,-8936,-8935,-8934,-8933,-8932,-8931,-8930,-8929,-8928,-8927,-8926,-8925,-8924,-8923,-8922,-8921,-8920,-8919,-8918,-8917,-8916,-8915,-8914,-8913,-8912,-8911,-8910,-8909,-8908,-8907,-8906,-8905,-8904,-8903,-8902,-8901,-8900,-8899,-8898,-8897,-8896,-8895,-8894,-8893,-8892,-8891,-8890,-8889,-8888,-8887,-8886,-8885,-8884,-8883,-8882,-8881,-8880,-8879,-8878,-8877,-8876,-8875,-8874,-8873,-8872,-8871,-8870,-8869,-8868,-8867,-8866,-8865,-8864,-8863,-8862,-8861,-8860,-8859,-8858,-8857,-8856,-8855,-8854,-8853,-8852,-8851,-8850,-8849,-8848,-8847,-8846,-8845,-8844,-8843,-8842,-8841,-8840,-8839,-8838,-8837,-8836,-8835,-8834,-8833,-8832,-8831,-8830,-8829,-8828,-8827,-8826,-8825,-8824,-8823,-8822,-8821,-8820,-8819,-8818,-8817,-8816,-8815,-8814,-8813,-8812,-8811,-8810,-8809,-8808,-8807,-8806,-8805,-8804,-8803,-8802,-8801,-8800,-8799,-8798,-8797,-8796,-8795,-8794,-8793,-8792,-8791,-8790,-8789,-8788,-8787,-8786,-8785,-8784,-8783,-8782,-8781,-8780,-8779,-8778,-8777,-8776,-8775,-8774,-8773,-8772,-8771,-8770,-8769,-8768,-8767,-8766,-8765,-8764,-8763,-8762,-8761,-8760,-8759,-8758,-8757,-8756,-8755,-8754,-8753,-8752,-8751,-8750,-8749,-8748,-8747,-8746,-8745,-8744,-8743,-8742,-8741,-8740,-8739,-8738,-8737,-8736,-8735,-8734,-8733,-8732,-8731,-8730,-8729,-8728,-8727,-8726,-8725,-8724,-8723,-8722,-8721,-8720,-8719,-8718,-8717,-8716,-8715,-8714,-8713,-8712,-8711,-8710,-8709,-8708,-8707,-8706,-8705,-8704,-8703,-8702,-8701,-8700,-8699,-8698,-8697,-8696,-8695,-8694,-8693,-8692,-8691,-8690,-8689,-8688,-8687,-8686,-8685,-8684,-8683,-8682,-8681,-8680,-8679,-8678,-8677,-8676,-8675,-8674,-8673,-8672,-8671,-8670,-8669,-8668,-8667,-8666]],"type":"Polygon","properties":{"d":"047"}},{"arcs":[[-631,-630,-629,-628,-627,-626,-625,-624,-623,-622,-621,-620,-619,-618,-617,-616,-615,-614,3102,3103,-6669,-6668,-6667,-6666,-6665,-6664,-6663,-6662,-6661,-6660,-6659,-6658,-6657,-6656,-6655,-6654,-6653,-6652,-6651,-6650,-6649,-6648,-6647,-6646,-6645,-6644,-6643,-6642,-6641,-6640,-6639,-644,-643,-642,-641,-640,-639,-638,-637,-636,-635,-634,-633,-632]],"type":"Polygon","properties":{"d":"111"}},{"arcs":[[2752,2753,2754,2755,2756,2757,2758,2759,2760,2761,2762,2763,2764,2765,2766,2767,2768,2769,2770,2771,2772,2773,2774,2775,2776,2777,2778,2779,2780,2781,2782,2783,2784,2785,2786,2787,2788,2789,2790,2791,2792,2793,2794,2795,2796,2797,2798,2799,2800,2801,2802,2803,2804,2805,2806,2807,2808,2809,2810,2811,2812,2813,2814,2815,2816,2817,2818,2819,2820,2821,2822,2823,2824,2825,2826,2827,2828,2829,2830,2831,2832,2833,2834,2835,2836,2837,2838,2839,2840,2841,2842,2843,2844,2845,2846,2847,2848,2849,2850,2851,2852,2853,2854,2855,2856,2857,2858,2859,2860,2861,2862,2863,2864,2865,2866,2867,2868,2869,2870,2871,2872,2873,2874,2875,2876,2877,2878,2879,2880,2881,2882,2883,2884,2885,2886,2887,2888,2889,2890,2891,2892,2893,2894,2895,2896,2897,2898,2899,2900,2901,2902,2903,2904,2905,2906,2907,2908,2909,2910,2911,-9686,-9214,-8972,2744,2745,2746,2747,2748,2749,2750,2751]],"type":"Polygon","properties":{"d":"003"}},{"arcs":[[3292,3293,3294,3295,3296,3297,3298,3299,3300,3301,3302,3303,3304,3305,-2714,-2713,-2712,-2711,-2710,-2709,-2708,-2707,-2706,-2705,-2704,-2703,-2702,-2701,-2700,-2699,-2698,-2697,-2696,-2695,-2694,-2693,-2692,-2691,-2690,-2689,-2688,-2687,-2686,-2685,-2684,-2683,-2682,-2681,-2680,-2679,-2678,-2677,-2676,-2675,-2674,-2673,-2672,-2671,-2670,-2669,-2668,-2667,-2666,-2665,-2664,-2663,-2662,-2661,-2660,-2659,-2658,-2657,-2656,-2655,-2654,-2653,-2652,-2651,-2650,-2649,-2648,-2647,-2646,-2645,-2644,-2643,-2642,-2641,-2640,-2639,-2638,-2637,-2636,-2635,-2634,-2633,-2632,-2631,-2630,-2629,-2628,-2627,-2626,-2625,-2624,-2623,-2622,-2621,-2620,-2619,-2618,-2617,-2616,-2615,-2614,-2613,-2612,-2611,-2610,-2609,-2608,-2607,-2606,-2605,-2604,-2603,-2602,-2601,-2600,-2599,-2598,-2597,-2596,-2595,-2594,-2593,-2592,-2591,-2590,-2589,-2588,-2587,-2586,-2585,-2584,-2583,-2582,-2581,-2580,-2579,-2578,-2577,-2576,-2575,-2574,-2573,-2572,-2571,-2570,-2569,-2568,-2567,-2566,-2565,-2564,-2563,-2562,-2561,-2560,-2559,-2558,-2557,-2556,-2555,-2554,-2553,-2552,-2551,-2550,-2549,-2548,-2547,-2546,-2545,-2544,-2543,-2542,-2541,-2540,-2539,-2538,-2537,-2536,-2535,-2534,-2533,-2532,-2531,-2530,-2529,-2528,-2527,-2526,-2525,-2524,-2523,-2522,-2521,-2520,-2519,-2518,-2517,-2516,-2515,-2514,-2513,-2512,-2511,-2510,-2509,-2508,-2507,-2506,-2505,-2504,-2503,-2502,-2501,-2500,-2499,-2498,-2497,-2496,-2495,-2494,-2493,-2492,-2491,-2490,-2489,-2488,-2487,-2486,-2485,-2484,-2483,-2482,-2481,-2480,-2479,-2478,-2477,-2476,-2475,-2474,-2473,-2472,-2471,-2470,-2469,-2468,-2467,-2466,-2465,-2464,-2463,-2462,-2461,-2460,-2459,-2458,-2457,-2456,-2455,-2454,-2453,-2452,-2451,-2450,-2449,-2448,-2447,-2446,-2445,-2444,-2443,-2442,-2441,-2440,-2439,-2438,-2437,-2436,-2435,-2434,-2433,-2432,-2431,-2430,-2429,-2428,-2427,-2426,-2425,-2424,-2423,-2422,-2421,-2420,-2419,-2418,-2417,-2416,-2415,-2414,-2413,-2412,-2411,-2410,-2409,-2408,-2407,-2406,-2405,-2404,-2403,-2402,-2401,-2400,-2399,-2398,9986,9987,9988,9989,-9978,-9977,-9976,-9975,-9974,-9973,-9972,-9971,-9970,-9969,-9968,-9967,-9966,-9965,-9964,-9963,-9962,-9961,-9960,-9957,-9956,-9955,-9954,-9953,-9952,-9951,-9950,-9949,-9948,-9947,-9946,-9945,-9944,-9943,-9942,-9941,-9940,-9939,-9938,-9937,-9936,-9935,-9934,-9933,-9932,-9931,-9930,-9929,-9928,-9927,-9926,-9925,-9924,-9923,-9922,-9921,-9920,-9919,-9918,-9917,-9916,-9915,-9914,-9913,-9912,-9911,-9910,-9909,-9908,-9907,-9906,-9905,-9904,-9903,-9902,-9901,-9900,-9899,-9898,-9897,-9896,-9895,-9894,-9893,-9892,-9891,-9890,-9889,-9888,-9887,-9886,-9885,-9884,-9883,-9882,-9881,-9880,-9879,-9878,-9877,-9876,-9875,-9874,-9873,-9872,-9871,-9870,-9869,-9868,-9867,-9866,-9865,-9864,-9863,-9862,-9861,-9860,-9859,-9858,-9857,-9856,-9855,-9854,-9853,-9852,-9851,-9850,-9849,-9848,3287,3288,3289,3290,3291]],"type":"Polygon","properties":{"d":"079"}},{"arcs":[[2395,-9979,-9990,-9989,-9988,-9987,2397,2398,9990,-6363,-6362,-6361,-6360,-6359,-6358,-6357,-6356,-6355,-6354,-6353,-6352,-6351,-6350,-6349,-6348,-6347,-6346,-6345,-6344,-6343,-6342,-6341,-6340,-6339,-6338,-6337,-6336,-6335,-6334,-6333,-6332,-6331,9991,-6324,-9985]],"type":"Polygon","properties":{"d":"067"}},{"arcs":[[-1995,-1994,-1993,-1992,-1991,-1990,-1989,-1988,-1987,-1986,-1985,-1984,-1983,-1982,-1981,-1980,-1979,-1978,-1977,-1976,-1975,-1974,-1973,-1972,-1971,-1970,-1969,-1968,-1967,-1966,-1965,-1964,-1963,-1962,-1961,4703,4704,-5802,-1943,-1942,-1941,-1940,-1939,-1938,-1937,-1936,-1935,-1934,-1933,-1932,-1931,-1930,-1929,-1928,-1927,-1926,-1925,-1924,-1923,-1922,-1921,-1920,-1919,-7673,-7672,-7671,-7670,-7669,-7668,-7667,-9984,-9983,-9982,-9981,-9980,-7743,-7742,-7741,-7740,-7739,-7738,-7737,-7736,-7735,-7734,-7733,-7732,-7731,-7730,-7729,-7728,-7727,-7726,-7725,-7724,-7723,-7722,-7721,-7720,-7719,-7718,-7717,-7716,-7715,-7714,-7713,-7712,-7711,-7710,-7709,-7708,-7707,-7706,-7705,-7704,-7703]],"type":"Polygon","properties":{"d":"081"}},{"arcs":[[-9756,-9755,-9754,-9753,-9752,-9751,-9750,-9749,-9748,-9747,-9746,-9745,-9744,-9743,-9742,-9741,-841,-840,-839,-838,-837,-836,-835,-834,-833,-832,-831,-830,-829,-828,-827,-9212,-9211,-9210,-9209,-9208,-9207,-9206,-9205,-9204,-9203,-9202,-9201,-9200,-9199,-9198,-9197,-9196,-9195,-9194,-9193,-9192,-9191,-9190,-9189,-9188,-9187,-9186,-9185,-9184,-9183,-9182,-9181,-9180,-9179,-9178,-9177,-9176,-9175,-9174,-9173,-9172,-9171,-9170,-9169,-9168,-9167,-9166,-9165,-9164,-9163,-9162,-9161,-9160,-9159,-9158,-9157,-9156,-9155,-9154,-9153,-9152,-9151,-9150,-9149,-9148,-9147,-9146,-9145,-9144,4198,4199,4200,4201,4202,4203,4204,4205,4206,4207,4208,4209,4210,4211,4212,4213,4214,4215,4216,4217,4218,4219,4220,4221,4222,4223,4224,4225,-7464,-7463,-7462,-7461,-7460,-7459,-7458,-7457,-7456,-7455,-7454,-7453,-7452,-7451,-7450,-7623,-7622,-7621,-7620,-7619,-7618,-7617,-7616,-7615,-7614,-7613,-7612,-7611,-7610,-7609,-7608,-7607,-7606,-7605,-7604,-7603,-7602,-7601,-7600,-7599,-7598,-7597,-7596,-7595,-7594,-7593,-7592,-7591,-7590,-7589,-7588,-7587,-7586,9992,9993,9994,9995,9996,9997,9998,9999,10000,10001,10002,10003,10004,10005,10006,10007,10008,10009,10010,10011,10012,10013,10014,10015,10016,10017,10018,10019,10020,10021,10022,10023,10024,10025,10026,10027,10028,10029,10030,10031,10032,10033,10034,10035,10036,10037,10038,10039,10040,10041,10042,10043,10044,10045,10046,10047,10048,10049,10050,10051,10052,10053,10054,10055,10056,10057,10058,10059,10060,10061,10062,10063,10064,10065,10066,10067,10068,10069,10070,10071,10072,10073,10074,10075,10076,10077,10078,10079,10080,10081,10082,10083,10084,10085,10086,10087,10088,10089,10090,10091,10092,10093,10094,10095,10096,10097,10098,10099,10100,10101,10102,10103,10104,10105,10106,10107,10108,10109,10110,10111,10112,10113,10114,10115,10116,10117,10118,10119,10120,10121,10122,10123,10124,10125,10126,10127,10128,10129,10130,10131,10132,10133,10134,10135,10136,10137,10138,10139,10140,10141,10142,10143,10144,10145,10146,10147,10148,10149,10150,10151,10152,10153,10154,10155,10156,10157,10158,10159,10160,10161,10162,10163,10164,10165,10166,10167,10168,10169,10170,10171,10172,10173,10174,10175,10176,10177,10178,10179,10180,10181,10182,10183,10184,10185,10186,10187,10188,10189,10190,10191,10192,10193,10194,10195,10196,10197,10198,10199,10200,10201,10202,10203,10204,10205,10206,10207,10208,10209,10210,10211,10212,10213,10214,10215,10216,10217,10218,10219,10220,10221,10222,10223,10224,10225,10226,10227,10228,10229,10230,10231,10232,10233,10234,10235,10236,10237,10238,10239,10240,10241,10242,10243,10244,10245,10246,10247,10248,10249,10250,10251,10252,10253,10254,10255,10256,10257,10258,10259,10260,10261,10262,10263,10264,10265,10266,10267,10268,10269,10270,10271,10272,10273,10274,10275,10276,10277,10278,10279,10280,10281,10282,10283,10284,10285,10286,10287,10288,10289,10290,10291,10292,10293,10294,10295,10296,10297,10298,10299,10300,10301,10302,10303,10304,10305,10306,10307,10308,10309,10310,10311,4086,4087,4088,4089,4090,4091,4092,4093,4094,4095,4096,4097,4098,4099,4100,4101,4102,4103,4104,4105,4106,4107,4108,4109,4110,4111,4112,4113,4114,4115,4116,4117,4118,4119,4120,4121,4122,4123,4124,4125,4126,4127,4128,4129,4130,4131,4132,4133,4134,4135,4136,4137,4138,4139,4140,4141,4142,4143,4144,4145,4146,4147,4148,4149,4150,4151,4152,4153,4154,4155,4156,4157,4158,4159,4160,4161,4162,4163,4164,4165,4166,4167,4168,4169,4170,4171,4172,4173,4174,4175,4176,4177,4178,4179,4180,4181,4182,4183,4184,4185,4186,4875,4876,4877,4878,4879,4880,4881,4882,4883,4884,-9845,-9844,-9843,-9842,-9841,-9840,-9839,-9838,-9837,-9836,-9835,-9834,-9833,-9832,-9831,4192,4193,4194,4195,4196,-9830,-9829,-9828,-9827,-9826,-9825,-9824,-9823,-9822,-9821,-9820,-9819,-9818,-9817,-9816,-9815,-9814,-9813,-9812,-9811,-9810,-9809,-9808,-9807,-9806,-9805,-9804,-9803,-9802,-9801,-9800,-9799,-9798,-9797,-9796,-9795,-9794,-9793,-9792,-9791,-9790,-9789,-9788,-9787,-9786,-9785,-9784,-9783,-9782,-9781,-9780,-9779,-9778,-9777,-9776,-9775,-9774,-9773,-9772,-9771,-9770,-9769,-9768,-9767,-9766,-9765,-9764,-9763,-9762,-9761,-9760,-9759,-9758,-9757]],"type":"Polygon","properties":{"d":"069"}},{"arcs":[[-5038,-5037,-5036,-5035,-5034,-5033,-5032,-5031,-5030,-5029,-5028,-5027,-5026,-5025,-5024,-5023,-5022,-5021,-5020,-5019,-5018,-5017,-5016,-5015,-5014,-5013,-5012,-5011,-5010,-5009,-5008,-5007,-5006,-5005,-5004,-5003,-5002,-5001,-5000,-4999,-4998,-4997,-4996,-4995,-4994,-4993,-4992,-4991,-4990,-4989,-4988,-4987,-4986,-4985,-4984,-4983,-4982,-4981,-4980,-4979,-4978,-4977,-4976,-4975,-4974,-4973,-4963,-4962,-4961,-4960,-4959,-4958,-4957,-4956,-4955,-4954,-4953,-4952,-4951,-4950,-4949,-4948,-4947,-4946,-4945,-4944,-4943,-4942,-4941,-4940,-4939,-4938,-4937,-4936,-4935,-4934,-4933,-4932,-4931,-4930,-4929,-4928,-4927,-4926,-4925,-4924,-4923,-4922,-4921,-4920,-4919,-4918,-4917,-4916,-4915,-4914,-4913,-4912,-4911,-4910,-4909,-4908,-4907,-4906,-4905,-4904,-4903,-4902,-4901,-4900,-4899,-4898,-4897,-4896,-4895,-4894,-4893,-4892,-4891,-4890,-4889,-4888,-4887,-4886,-4885,-4884,-4883,-4882,-4881,-4880,-4879,-4878,-4877,-4876,-4187,-4186,-4185,-4184,-4183,-4182,-4181,-4180,-4179,-4178,-4177,-4176,-4175,-4174,-4173,-4172,-4171,-4170,-4169,-4168,-4167,-4166,-4165,-4164,-4163,-4162,-4161,-4160,-4159,-4158,-4157,-4156,-4155,-4154,-4153,-4152,-4151,-4150,-4149,-4148,-4147,-4146,-4145,-4144,-4143,-4142,-4141,-4140,-4139,-4138,-4137,-4136,-4135,-4134,-4133,-4132,-4131,-4130,-4129,-4128,10312,10313,10314,10315,10316,10317,10318,10319,10320,10321,10322,10323,10324,10325,10326,10327,10328,10329,10330,10331,10332,10333,10334,10335,10336,10337,10338,10339,10340,10341,10342,10343,10344,10345,10346,10347,10348,10349,10350,10351,10352,10353,10354,10355,10356,10357,10358,10359,10360,10361,10362,10363,10364,10365,10366,10367,10368,10369,10370,10371,10372,10373,10374,10375,10376,10377,10378,10379,10380,10381,10382,10383,10384,10385,10386,10387,10388,10389,10390,10391,10392,10393,10394,10395,10396,10397,10398,10399,10400,10401,10402,10403,10404,10405,10406,10407,10408,10409,10410,10411,10412,10413,10414,10415,10416,10417,10418,10419,10420,10421,10422,10423,10424,10425,10426,10427,10428,10429,10430,10431,10432,10433,10434,10435,10436,10437,10438,10439,10440,10441,10442,10443,10444,10445,10446,10447,10448,10449,10450,10451,10452,10453,10454,10455,10456,10457,10458,10459,10460,10461,10462,10463,10464,10465,10466,10467,10468,10469,10470,10471,10472,10473,10474,10475,10476,10477,10478,10479,10480,10481,10482,10483,10484,10485,10486,10487,10488,10489,10490,10491,10492,10493,10494,10495,10496,10497,10498,10499,10500,10501,10502,10503,10504,10505,10506,10507,10508,10509,10510,10511,10512,10513,10514,10515,10516,10517,10518,10519,10520,10521,10522,10523,10524,10525,10526,10527,10528,10529,10530,10531,10532,10533,10534,10535,10536,10537,10538,10539,10540,10541,10542,10543,10544,10545,10546,10547,10548,10549,10550,10551,10552,10553,10554,10555,10556,10557,10558,10559,10560,10561,10562,10563,10564,10565,10566,10567,10568,10569,10570,10571,10572,-4816,-4815,-4814,-4813,-4812,-4811,-4810,-4809,-4808,-4807,-4806,-4805,-4804,-4803,-4802,-4801,-4800,-4799,-9847,-9846,-4797,-4796,-4795,-5058,-5057,-5056,-5055,-5054,-5053,-5052,-5051,-5050,-5049,-5048,-5047,-5046,-5045,-5044,-5043,-5042,-5041,-5040,-5039]],"type":"Polygon","properties":{"d":"117"}},{"arcs":[[237,238,239,240,241,242,243,244,245,246,-6816,-6815,-6814,-6813,-6812,-6811,-6810,-6809,-6808,-6807,-6806,-6805,-6804,-6803,-6802,-6801,-6800,-6799,-6798,-6797,-6796,-6795,-7847,-7846,-7845,-5064,-16,-15,-14,-13,-12,-11,-10,-9,-8,-7,-6,-5,-4,-3,-2,195,196,197,198,199,200,201,202,203,204,205,206,207,208,209,210,211,212,213,214,215,216,217,218,219,220,221,222,223,224,225,226,227,228,229,230,231,232,233,234,235,236]],"type":"Polygon","properties":{"d":"051"}},{"arcs":[[10573,10574,10575,10576,10577,10578,10579,10580,10581,10582,10583,10584,10585,10586,10587,10588,10589,10590,10591,896,897,898,899,900,901,902,903,904,905,906,907,908,909,910,911,912,913,914,-5877,-5876,-5875,-5874,-5873,-5872,-5871,-5870,-5869,-5868,-5867,-5866,-5865,-5864,-5863,-5862,-5861,-5887,-5886,-5885,-5884,-5883,-5882,-5881,-5880,-5879,-5878,1549,10592,10593,10594,10595,10596,10597,10598]],"type":"Polygon","properties":{"d":"053"}},{"arcs":[[-10573,-10572,-10571,-10570,-10569,-10568,-10567,-10566,-10565,-10564,-10563,-10562,-10561,-10560,-10559,-10558,-10557,-10556,-10555,-10554,-10553,-10552,-10551,-10550,-10549,-10548,-10547,-10546,-10545,-10544,-10543,-10542,-10541,-10540,-10539,-10538,-10537,-10536,-10535,-10534,-10533,-10532,-10531,-10530,-10529,-10528,-10527,-10526,-10525,-10524,-10523,-10522,-10521,-10520,-10519,-10518,-10517,-10516,-10515,-10514,-10513,-10512,-10511,-10510,-10509,-10508,-10507,-10506,-10505,-10504,-10503,-10502,-10501,-10500,-10499,-10498,-10497,-10496,-10495,-10494,-10493,-10492,-10491,-10490,-10489,-10488,-10487,-10486,-10485,-10484,-10483,-10482,-10481,-10480,-10479,-10478,-10477,-10476,-10475,-10474,-10473,-10472,-10471,-10470,-10469,-10468,-10467,-10466,-10465,-10464,-10463,-10462,-10461,-10460,-10459,-10458,-10457,-10456,-10455,-10454,-10453,-10452,-10451,-10450,-10449,-10448,-10447,-10446,-10445,-10444,-10443,-10442,-10441,-10440,-10439,-10438,-10437,-10436,-10435,-10434,-10433,-10432,-10431,-10430,-10429,-10428,-10427,-10426,-10425,-10424,-10423,-10422,-10421,-10420,-10419,-10418,-10417,-10416,-10415,-10414,-10413,-10412,-10411,-10410,-10409,-10408,-10407,-10406,-10405,-10404,-10403,-10402,-10401,-10400,-10399,-10398,-10397,-10396,-10395,-10394,-10393,-10392,-10391,-10390,-10389,-10388,-10387,-10386,-10385,-10384,-10383,-10382,-10381,-10380,-10379,-10378,-10377,-10376,-10375,-10374,-10373,-10372,-10371,-10370,-10369,-10368,-10367,-10366,-10365,-10364,-10363,-10362,-10361,-10360,-10359,-10358,-10357,-10356,-10355,-10354,-10353,-10352,-10351,-10350,-10349,-10348,-10347,-10346,-10345,-10344,-10343,-10342,-10341,-10340,-10339,-10338,-10337,-10336,-10335,-10334,-10333,-10332,-10331,-10330,-10329,-10328,-10327,-10326,-10325,-10324,-10323,-10322,-10321,-10320,-10319,-10318,-10317,-10316,-10315,-10314,-10313,-4127,-4126,-4125,-4124,-4123,-4122,-4121,-4120,-4119,-4118,-4117,-4116,-4115,-4114,-4113,-4112,-4111,-4110,-4109,-4108,-4107,-4106,-4105,-4104,-4103,-4102,-4101,-4100,-4099,-4098,-4097,-4096,-4095,-4094,-4093,-4092,-4091,-4090,-4089,-4088,-4087,-10312,-10311,-10310,-10309,-10308,-10307,-10306,-10305,-10304,-10303,-10302,-10301,-10300,-10299,-10298,-10297,-10296,-10295,-10294,-10293,-10292,-10291,-10290,-10289,-10288,-10287,-10286,-10285,-10284,-10283,-10282,-10281,-10280,-10279,-10278,-10277,-10276,-10275,-10274,-10273,-10272,-10271,-10270,-10269,-10268,-10267,-10266,-10265,-10264,-10263,-10262,-10261,-10260,-10259,-10258,-10257,-10256,-10255,-10254,-10253,-10252,-10251,-10250,-10249,-10248,-10247,-10246,-10245,-10244,-10243,-10242,-10241,-10240,-10239,-10238,-10237,-10236,-10235,-10234,-10233,-10232,-10231,-10230,-10229,-10228,-10227,-10226,-10225,-10224,-10223,-10222,-10221,-10220,-10219,-10218,-10217,-10216,-10215,-10214,-10213,-10212,-10211,-10210,-10209,-10208,-10207,-10206,-10205,-10204,-10203,-10202,-10201,-10200,-10199,-10198,-10197,-10196,-10195,-10194,-10193,-10192,-10191,-10190,-10189,-10188,-10187,-10186,-10185,-10184,-10183,-10182,-10181,-10180,-10179,-10178,-10177,-10176,-10175,-10174,-10173,-10172,-10171,-10170,-10169,-10168,-10167,-10166,-10165,-10164,-10163,-10162,-10161,-10160,-10159,-10158,-10157,-10156,-10155,-10154,-10153,-10152,-10151,-10150,-10149,-10148,-10147,-10146,-10145,-10144,-10143,-10142,-10141,-10140,-10139,-10138,-10137,-10136,-10135,-10134,-10133,-10132,-10131,-10130,-10129,-10128,-10127,-10126,-10125,-10124,-10123,-10122,-10121,-10120,-10119,-10118,-10117,-10116,-10115,-10114,-10113,-10112,-10111,-10110,-10109,-10108,-10107,-10106,-10105,-10104,-10103,-10102,-10101,-10100,-10099,-10098,-10097,-10096,-10095,-10094,-10093,-10092,-10091,-10090,-10089,-10088,-10087,-10086,-10085,-10084,-10083,-10082,-10081,-10080,-10079,-10078,-10077,-10076,-10075,-10074,-10073,-10072,-10071,-10070,-10069,-10068,-10067,-10066,-10065,-10064,-10063,-10062,-10061,-10060,-10059,-10058,-10057,-10056,-10055,-10054,-10053,-10052,-10051,-10050,-10049,-10048,-10047,-10046,-10045,-10044,-10043,-10042,-10041,-10040,-10039,-10038,-10037,-10036,-10035,-10034,-10033,-10032,-10031,-10030,-10029,-10028,-10027,-10026,-10025,-10024,-10023,-10022,-10021,-10020,-10019,-10018,-10017,-10016,-10015,-10014,-10013,-10012,-10011,-10010,-10009,-10008,-10007,-10006,-10005,-10004,-10003,-10002,-10001,-10000,-9999,-9998,-9997,-9996,-9995,-9994,-9993,-7585,-7584,-7583,-7582,-7581,-7580,-7579,-7578,-7577,-7576,-7575,-7574,-7573,-7572,-7571,-7570,-7569,-7568,-7567,-7566,-7565,-7564,-7563,-7562,-7561,-7560,-7559,-7558,-7557,-7556,-7555,-7554,-7553,-7552,-7551,-7550,-7549,-7548,-7547,-7546,-7545,-7544,-7543,-7542,-7541,-7540,-7056,-7055,-7054,-7053,-7052,-7051,-7050,-7049,-7048,-7047,-7046,-7045,-7044,-7043,-7042,-7041,-7040,-7039,-7038,-7037,-7036,-7035,-7034,-7033,-7032,-7031,-7030,-7029,-7028,-7027,-7026,-7025,-7024,-7023,-7022,-7021,-7020,-7019,-7018,-7017,-7016,-7015,-7014,-7013,-7012,-7011,-7010,-7009,-7008,-7007,-7006,-7005,-7004,-7003,-7002,-7001,-7000,-7836,-7835,-7834,-7833,-7832,-7831,-7830,-7829,-7828,-7827,-7826,-7825,-7824,-7823,-7822,-7821,-7820,-7819,-7818,-7817,-7816,-7815,-7814,-7813,-7812,-7811,-7810,-7809,-7808,-7807,-7806,-7805,-7804,-7803,-7802,-7801,-7800,-7799,-7798,-7797,-7796,-7795,-7794,-7793,-7792,-7791,-7790,-7789,-7788,-7787,-7786,-7785,-7784,-7783,-7782,-7781,-7780,-7779,-7778,-7777,-7776,-7775,-7774,-7773,-7772,-7771,-7770,-7769,-7768,-7767,-7766,-7765,-7764,-7763,-7762,-7761,-7760,-7759,-7758,-7757,-7756,-7755,-7754,-7753,-7752,-7751,3969,3970,5058,5059,-4817]],"type":"Polygon","properties":{"d":"127"}},{"arcs":[[4628,4629,4630,4631,4632,4633,4634,4635,4636,-9685,-9684,-9683,-9682,-9681,-9680,-9679,-9678,-9677,-9676,-9675,-9674,-9673,-9672,-9671,-9670,-9669,-9668,-9667,-9666,-9665,-9664,-9663,-9662,-9661,-9660,-9659,-9658,-9657,-9656,-9655,-9654,-9653,-9652,-9651,-9650,-9649,-9648,-9647,-9646,-9645,-9644,-9643,-9642,-9641,-9640,-9639,-9638,-9637,-9636,-9635,-9634,-9633,-9632,-9631,-9630,-9629,-9628,-9627,-9626,-9625,-9624,-9623,-9622,-9621,-9620,-9619,-9618,-9617,-9616,-9615,-9614,-9613,-9612,-9611,-9610,-9609,-9608,-9607,-9606,-9605,-9604,-9603,-9602,-9601,-9600,-9599,-9598,-9597,-9596,-9595,-9594,-9593,-9592,-9591,-9590,-9589,-9588,-9587,-9586,-9585,-9584,-9583,-9582,-9581,-9580,-9579,-9578,-9577,-9576,-9575,-9574,-9573,-9572,-9571,-9570,-9569,-9568,-9567,-9566,-9565,-9564,-9563,-9562,-9561,-9560,-9559,-9558,-9557,-9556,-9555,-9554,-9553,-9552,-9551,-9550,-9549,-9548,-9547,-9546,-9545,-9544,-9543,-9542,-9541,-9540,-9539,-9538,-9537,-9536,-9535,-9534,-9533,-9532,-9531,-9530,-9529,-9528,-9527,-9526,-9525,-9524,-9523,-9522,-9521,-9520,-9519,-9518,-9517,-9516,-9515,-9514,-9513,-9512,-9511,-9510,-9509,-9508,-9507,-9506,-9505,-9504,-9503,-9502,-9501,-9500,-9499,-9498,-9497,-9496,-9495,-9494,-9493,-9492,-9491,-9490,-9489,-9488,-9487,-9486,-9485,-9484,-9483,-9482,-9481,-9480,-9479,-9478,-9477,-9476,-9475,-9474,-9473,-9472,-9471,-9470,-9469,-9468,-9467,-9466,-9465,-9464,-9463,-9462,-9461,-9460,-9459,-9458,-9457,-9456,-9455,-9454,-9453,-9452,-9451,-9450,-9449,-9448,-9447,-9446,-9445,-9444,-9443,-9442,-9441,-9440,-9439,-9438,-9437,-9436,-9435,-9434,-9433,-9432,-9431,-9430,-9429,-9428,-9427,-9426,-9425,-9424,-9423,-9422,-9421,-9420,-9419,-9418,-9417,-9416,-9415,-9414,-9413,-9412,-9411,-9410,-9409,-9408,-9407,-9406,-9405,-9404,-9403,-9402,-9401,-9400,-9399,-9398,-9397,-9396,-9395,-9394,-9393,-9392,-9391,-9390,-9389,-9388,-9387,-9386,-9385,-9384,-9383,-9382,-9381,-9380,-9379,-9378,-9377,-9376,-9375,-9374,-9373,-9372,-9371,-9370,-9369,-9368,-9367,-9366,-9365,-9364,-9363,-9362,-9361,-9360,-9359,-9358,-9357,-9356,-9355,-9354,-9353,-9352,-9351,-9350,-9349,-9348,-9347,-9346,-9345,-9344,-9343,-9342,-9341,-9340,-9339,-9338,-9337,-9336,-9335,-9334,-9333,-9332,-9331,-9330,-9329,-9328,-9327,-9326,-9325,-9324,-9323,-9322,-9321,-9320,-9319,-9318,-9317,-9316,-9315,-9314,-9313,-9312,-9311,-9310,-9309,-9308,-9307,-9306,-9305,-9304,-9303,-9302,-9301,-9300,-9299,-9298,-9297,-9296,-9295,-9294,-9293,-9292,-9291,-9290,-9289,-9288,-9287,-9286,-9285,-9284,-9283,-9282,-9281,-9280,-9279,-9278,-9277,-9276,-9275,-9274,-9273,-9272,-9271,-9270,-9269,-9268,-9267,-9266,-9265,-9264,-9263,-9262,-9261,-9260,-9259,-9258,-9257,-9256,-9255,-9254,-9253,-9252,-9251,-9250,-9249,-9248,-9247,-9246,-9245,-9244,-9243,-9242,-9241,-9240,-9239,-9238,-9237,-9236,-9235,-9234,-9233,-9232,-9231,-9230,-9229,-9228,-9227,-9226,-9225,-9224,-9223,-9222,-9221,-9220,-9219,-9218,-9217,-9216,-9215,4700,4248,4249,4250,4251,4252,4253,4254,4255,4256,4257,4258,4259,4260,4261,4262,4263,4264,4265,4266,4267,4268,4269,4270,4271,4272,4273,4274,4275,4276,4277,4278,4279,4280,4281,4282,4283,4284,4285,4286,4287,4288,4289,4290,4291,4292,4293,4294,4295,4296,4297,4298,4299,4300,4301,4302,4303,4304,4305,4306,4307,4308,4309,4310,4311,4312,4313,4314,4315,4316,4317,4318,4319,4320,4321,4322,4323,4324,4325,4326,4327,4328,4329,4330,4331,4332,4333,4334,4335,4336,4337,4338,4339,4340,4341,4342,4343,4344,4345,4346,4347,4348,4349,4350,4351,4352,4353,4354,4355,4356,4357,4358,4359,4360,4361,4362,4363,4364,4365,4366,4367,4368,4369,4370,4371,4372,4373,4374,4375,4376,4377,4378,4379,4380,4381,4382,4383,4384,4385,4386,4387,4388,4389,4390,4391,4392,4393,4394,4395,4396,4397,4398,4399,4400,4401,4402,4403,4404,4405,4406,4407,4408,4409,4410,4411,4412,4413,4414,4415,4416,4417,4418,4419,4420,4421,4422,4423,4424,4425,4426,4427,4428,4429,4430,4431,4432,4433,4434,4435,4436,4437,4438,4439,4440,4441,4442,4443,4444,4445,4446,4447,4448,4449,4450,4451,4452,4453,4454,4455,4456,4457,4458,4459,4460,4461,4462,4463,4464,4465,4466,4467,4468,4469,4470,4471,4472,4473,4474,4475,4476,4477,4478,4479,4480,4481,4482,4483,4484,4485,4486,4487,4488,4489,4490,4491,4492,4493,4494,4495,4496,4497,4498,4499,4500,4501,4502,4503,4504,4505,4506,4507,4508,4509,4510,4511,4512,4513,4514,4515,4516,4517,4518,4519,4520,4521,4522,4523,4524,4525,4526,4527,4528,4529,4530,4531,4532,4533,4534,4535,4536,4537,4538,4539,4540,4541,4542,4543,4544,4545,4546,4547,4548,4549,4550,4551,4552,4553,4554,4555,4556,4557,4558,4559,4560,4561,4562,4563,4564,4565,4566,4567,4568,4569,4570,4571,4572,4573,4574,4575,4576,4577,4578,4579,4580,4581,4582,4583,4584,4585,4586,4587,4588,4589,4590,4591,4592,4593,4594,4595,4596,4597,4598,4599,4600,4601,4602,4603,4604,4605,4606,4607,4608,4609,4610,4611,4612,4613,4614,4615,4616,4617,4618,4619,4620,4621,4622,4623,4624,4625,4626,4627]],"type":"Polygon","properties":{"d":"033"}},{"arcs":[[[-873,-872,-5844,-5843,-5842,-5841,-5840,-5839,-5838,-5837,-5836,-5835,-5834,-5833,-5832,-5831,-5830,-5829,-5828,-5827,-5826,-5825,-5824,-5823,-5822,-5821,-5820,-5819,-5818,-5817,-5816,-5815,-5814,-5813,-5812,-5811,-5810,-5809,-5808,-5807,-5806,-5805,-5804,-5803,1889,-7700,-7699,-7698,-7697,-7696,-7695,-7694,-7693,-7692,-7691,-7690,-7689,-7688,-7687,-7686,-7685,-7684,-7683,-7682,-7681,-7680,-7679,-7678,-7677,-7676,-7675,-7674,4767,4768,1900,10599,1902,10600,1904,10601,1906,1907,1908,-914,-913,-912,-911,-910,-909,-908,-907,-906,-905,-904,-903,-902,-901,-900,-899,-898,-897,-10592,-10591,-10590,-10589,-10588,-10587,-10586,-10585,-10584,-10583,-10582,-10581,-10580,-10579,-10578,-10577,-10576,-10575,-10574,-10599,-10598,-10597,-10596,-10595,-10594,-10593,1550,1551,1552,1553,1554,-736,-735,-734,-733,-732,-731,-730,-729,-728,-727,-726,-725,-5860,-5859,-5858,-5857,-5856,-5855,-5854,-5853,-5852,-5851,-5850,-5849,-5848,-5847,-5846,-5845,-882,-881,-880,-879,-878,-877,-876,-875,-874]],[[10602,10603,4777]]],"type":"MultiPolygon","properties":{"d":"101"}},{"arcs":[[-6716,-6715,-6714,-6713,-6712,-6711,-6710,-6709,-6708,-6707,-6706,-6705,-6704,-6703,-6702,-6701,-6700,-6699,-6698,-6697,-6696,-6695,-6694,-6693,-6692,-6691,-6690,-6689,-6688,-6687,-6686,-6685,-6684,-6683,-6682,-6681,-6680,-6679,3331,-7386,-7385,-7384,-7383,-7382,-7381,-7380,-7379,-7378,-7377,-7376,-7375,-7374,-7373,10604,10605,10606,10607,10608,10609,10610,10611,10612,10613,10614,10615,10616,10617,10618,10619,10620,10621,10622,10623,10624,10625,10626,10627,10628,10629,10630,10631,10632,10633,10634,10635,10636,10637,10638,10639,10640,10641,10642,10643,10644,10645,10646,10647,10648,10649,10650,10651,10652,10653,10654,10655,10656,10657,10658,10659,10660,10661,10662,10663,10664,10665,10666,10667,10668,10669,10670,10671,10672,10673,10674,10675,10676,10677,10678,10679,10680,10681,10682,10683,10684,10685,10686,10687,10688,10689,10690,10691,10692,10693,10694,10695,10696,10697,10698,10699,10700,10701,10702,10703,10704,10705,10706,10707,10708,10709,10710,10711,10712,10713,10714,10715,10716,10717,10718,10719,10720,10721,10722,10723,10724,10725,10726,10727,10728,10729,10730,10731,10732,10733,10734,10735,10736,10737,10738,-9739,-9738,-9737,10739,10740,10741,10742,10743,10744,10745,10746,10747,10748,10749,10750,10751,10752,10753,10754,10755,10756,10757,10758,10759,10760,10761,10762,10763,10764,10765,10766,10767,10768,10769,10770,10771,10772,10773,-6728,-6727,-6726,-6725,-6724,-6723,-6722,-6721,-6720,-6719,-6718,-6717]],"type":"Polygon","properties":{"d":"005"}},{"arcs":[[[-182,-181,-6015,1789,-193,-192,-191,-190,-189,-188,-187,-186,-185,-184,-183]],[[-5933,1627]],[[1835]],[[1836]],[[1837]],[[1838]],[[1839]],[[1840]],[[1841]],[[1842]],[[1843]],[[1844]],[[1845]],[[1846]],[[1847]],[[1848]],[[1849]],[[1850]]],"type":"MultiPolygon","properties":{"d":"087"}},{"arcs":[[-7649,-7648,-7647,-7646,-7645,-7644,-7643,-7642,-5099,-5098,-5097,-5096,-5095,-5094,-5093,-5092,629,630,631,632,633,634,635,636,637,638,639,640,641,642,643,644,645,646,647,648,649,650,651,652,-9143,-7701]],"type":"Polygon","properties":{"d":"093"}},{"arcs":[[-8981,-8980,-8979,-8978,-8977,-8976,-8975,-8974,-9140,-9959,3308,10774,3310,10775,3312,10776,3314,10777,3316,10778,10779,3319,10780,3321,10781,3323,3324,10782,3326,10783,3328,-7370,10784,-8982]],"type":"Polygon","properties":{"d":"129"}},{"arcs":[[-8527,-8526,-8525,-8524,-8523,-8522,-8521,-8520,-8519,-8518,-8517,-8516,-8515,-8514,-8513,-8512,-8511,-8510,-8509,-8508,-8507,-8506,-8505,-8504,-8503,-8502,-8501,-8500,-8499,-8498,-8497,-8496,-8495,-8494,-8493,-8492,-8491,-8490,-8489,-8488,-8487,-8486,-8485,-8484,-8483,-8482,-8481,-8480,-8479,-8478,-8477,-8476,-8475,-8474,-8473,-8472,-8471,-8470,-8469,-8468,-8467,-8466,-8465,-8464,-8463,-8462,-8461,-8460,-8459,-6417,-6416,-6415,-6414,-6413,-6412,-6411,-6410,-6409,-6408,-6407,-6406,-6405,-6404,-6403,-6402,-6401,-6400,-6399,-6398,-6397,-6396,-6395,-6394,-6393,-6392,-6391,-6390,-6389,-6388,-6387,-6386,-6385,-6384,-6383,-6382,-6381,-6380,-6379,-6378,-6377,-6376,-6375,-6374,-6373,-6372,-6371,-6370,-6369,-6368,-6367,-6366,-6365,-6364,-9991,2399,2400,2401,2402,2403,2404,2405,2406,2407,2408,2409,2410,2411,2412,2413,2414,2415,2416,2417,2418,2419,2420,2421,2422,2423,2424,2425,2426,2427,2428,2429,2430,2431,2432,2433,2434,2435,2436,2437,2438,2439,2440,2441,2442,2443,2444,2445,2446,2447,2448,2449,2450,2451,2452,2453,2454,2455,2456,2457,2458,2459,2460,2461,2462,2463,2464,-9986,-8579,-8578,-8577,-8576,-8575,-8574,-8573,-8572,-8571,-8570,-8569,-8568,-8567,-8566,-8565,-8564,-8563,-8562,-8561,-8560,-8559,-8558,-8557,-8556,-8555,-8554,-8553,-8552,-8551,-8550,-8549,-8548,-8547,-8546,-8545,-8544,-8543,-8542,-8541,-8540,-8539,-8538,-8537,-8536,-8535,-8534,-8533,-8532,-8531,-8530,-8529,-8528]],"type":"Polygon","properties":{"d":"121"}},{"arcs":[[3344,-9687,10785,-7449,3337,3338,3339,3340,3341,3342,3343]],"type":"Polygon","properties":{"d":"059"}},{"arcs":[[3248,3249,3250,3251,3252,3253,3254,3255,-9135,-9134,-9133,-9132,-9131,-9130,-9129,-9128,-9127,-9126,-9125,-9124,-9123,-9122,-9121,-9120,-9119,-9118,-9117,-9116,-9115,-9114,-9113,-9112,-9111,-9110,-9109,-9108,-9107,-9106,-9105,-9104,-9103,-9102,-9101,-9100,-9099,-9098,-9097,-9096,-9095,-9094,-9093,-9092,-9091,-9090,-9089,-9088,-9087,-9086,-9085,-9084,-9083,-9082,-9081,-9080,-9079,-9078,-9077,-9076,-9075,-9074,-9073,-9072,-9071,-9070,-9069,-9068,-9067,-9066,-9065,-9064,-9063,-9062,-9061,-9060,-9059,-9058,-9057,-9056,-9055,-9054,-9053,-9052,-9051,-9050,-9049,-9048,-9047,-9046,-9045,-9044,-9043,-9042,-9041,-9040,-9039,-9038,-9037,-9036,-9035,-9034,-9033,-9032,-9031,-9030,-9029,-9028,-9027,-9026,-9025,-9024,-9023,-9022,-9021,-9020,-9019,-9018,-9017,-9016,-9015,-9014,-9013,-9012,-9011,-9010,-9009,-9008,-9007,-9006,-9005,-9004,-9003,-9002,-9001,-9000,-8999,-8998,-8997,-8996,-8995,-8994,-8993,-8992,-8991,-8990,-8989,-8988,-8987,-8986,-8985,-8984,10786,10787,10788,10789,10790,10791,10792,10793,10794,10795,10796,10797,10798,10799,10800,10801,10802,10803,10804,10805,10806,10807,10808,10809,10810,10811,10812,10813,10814,10815,10816,10817,10818,10819,10820,10821,10822,10823,10824,10825,10826,-9735,-9734,-9733,-9732,-9731,-9730,-9729,-9728,-9727,-9726,-9725,-9724,-9723,-9722,-9721,-9720,-9719,-9718,-9717,-9716,-9715,-9714,-9713,-9712,-9711,-9710,-9709,-9708,-9707,-9706,-9705,-9704,-9703,-9702,-9701,-9700,-9699,-9698,-9697,-9696,-9695,-9694,-9693,-9692,-9691,-9690,-9689,-9688,3231,3232,3233,3234,3235,3236,3237,3238,3239,3240,3241,3242,3243,3244,3245,3246,3247]],"type":"Polygon","properties":{"d":"039"}},{"arcs":[[10827,10828,10829,10830,10831,10832,10833,10834,10835,10836,10837,10838,10839,10840,10841,10842,10843,10844,10845,10846,10847,10848,10849,10850,10851,10852,10853,10854,10855,10856,10857,10858,10859,10860,10861,10862,10863,10864,10865,10866,10867,10868,10869,10870,10871,10872,10873,10874,10875,10876,10877,10878,10879,10880,10881,10882,10883,10884,10885,10886,10887,10888,10889,10890,10891,10892,10893,10894,10895,10896,10897,10898,10899,10900,10901,10902,10903,10904,10905,10906,10907,10908,10909,10910,10911,10912,10913,10914,10915,10916,10917,10918,10919,10920,10921,10922,10923,10924,10925,10926,10927,10928,10929,10930,10931,10932,10933,10934,10935,10936,10937,10938,10939,10940,10941,10942,10943,10944,10945,10946,10947,10948,10949,10950,10951,10952,10953,10954,10955,10956,10957,10958,10959,10960,10961,10962,10963,10964,10965,10966,10967,10968,10969,10970,10971,10972,10973,10974,10975,10976,10977,10978,10979,10980,10981,10982,10983,10984,10985,10986,10987,10988,10989,10990,10991,10992,10993,10994,10995,10996,10997,10998,10999,11000,11001,11002,11003,11004,11005,11006,11007,11008,11009,11010,11011,11012,11013,11014,11015,11016,11017,11018,11019,11020,11021,11022,11023,11024,11025,11026,11027,11028,11029,11030,11031,11032,11033,11034,11035,11036,11037,11038,11039,11040,11041,11042,11043,11044,11045,11046,11047,11048,11049,11050,11051,11052,11053,11054,11055,11056,11057,11058,11059,11060,11061,11062,11063,11064,11065,11066,11067,11068,11069,11070,11071,11072,11073,11074,11075,11076,11077,11078,11079,11080,-6676,-6675,-6674,-6673,-6672,-6671,-6738,-6737,-6736,-6735,-6734,-6733,-6732,-6731,-6730,-6729,-10774,-10773,-10772,-10771,-10770,-10769,-10768,-10767,-10766,-10765,-10764,-10763,-10762,-10761,-10760,-10759,-10758,-10757,-10756,-10755,-10754,-10753,-10752,-10751,-10750,-10749,-10748,-10747,-10746,-10745,-10744,-10743,-10742,-10741,-10740,-9736]],"type":"Polygon","properties":{"d":"013"}},{"arcs":[[-9740,-10739,-10738,-10737,-10736,-10735,-10734,-10733,-10732,-10731,-10730,-10729,-10728,-10727,-10726,-10725,-10724,-10723,-10722,-10721,-10720,-10719,-10718,-10717,-10716,-10715,-10714,-10713,-10712,-10711,-10710,-10709,-10708,-10707,-10706,-10705,-10704,-10703,-10702,-10701,-10700,-10699,-10698,-10697,-10696,-10695,-10694,-10693,-10692,-10691,-10690,-10689,-10688,-10687,-10686,-10685,-10684,-10683,-10682,-10681,-10680,-10679,-10678,-10677,-10676,-10675,-10674,-10673,-10672,-10671,-10670,-10669,-10668,-10667,-10666,-10665,-10664,-10663,-10662,-10661,-10660,-10659,-10658,-10657,-10656,-10655,-10654,-10653,-10652,-10651,-10650,-10649,-10648,-10647,-10646,-10645,-10644,-10643,-10642,-10641,-10640,-10639,-10638,-10637,-10636,-10635,-10634,-10633,-10632,-10631,-10630,-10629,-10628,-10627,-10626,-10625,-10624,-10623,-10622,-10621,-10620,-10619,-10618,-10617,-10616,-10615,-10614,-10613,-10612,-10611,-10610,-10609,-10608,-10607,-10606,-10605,-7372,-10786]],"type":"Polygon","properties":{"d":"133"}},{"arcs":[[-10814,-10813,-10812,-10811,-10810,-10809,-10808,-10807,-10806,-10805,-10804,-10803,-10802,-10801,-10800,-10799,-10798,-10797,-10796,-10795,-10794,-10793,-10792,-10791,-10790,-10789,-10788,-10787,-8983,-10785,-7371,-6677,-11081,-11080,-11079,-11078,-11077,-11076,-11075,-11074,-11073,-11072,-11071,-11070,-11069,-11068,-11067,-11066,-11065,-11064,-11063,-11062,-11061,-11060,-11059,-11058,-11057,-11056,-11055,-11054,-11053,-11052,-11051,-11050,-11049,-11048,-11047,-11046,-11045,-11044,-11043,-11042,-11041,-11040,-11039,-11038,-11037,-11036,-11035,-11034,-11033,-11032,-11031,-11030,-11029,-11028,-11027,-11026,-11025,-11024,-11023,-11022,-11021,-11020,-11019,-11018,-11017,-11016,-11015,-11014,-11013,-11012,-11011,-11010,-11009,-11008,-11007,-11006,-11005,-11004,-11003,-11002,-11001,-11000,-10999,-10998,-10997,-10996,-10995,-10994,-10993,-10992,-10991,-10990,-10989,-10988,-10987,-10986,-10985,-10984,-10983,-10982,-10981,-10980,-10979,-10978,-10977,-10976,-10975,-10974,-10973,-10972,-10971,-10970,-10969,-10968,-10967,-10966,-10965,-10964,-10963,-10962,-10961,-10960,-10959,-10958,-10957,-10956,-10955,-10954,-10953,-10952,-10951,-10950,-10949,-10948,-10947,-10946,-10945,-10944,-10943,-10942,-10941,-10940,-10939,-10938,-10937,-10936,-10935,-10934,-10933,-10932,-10931,-10930,-10929,-10928,-10927,-10926,-10925,-10924,-10923,-10922,-10921,-10920,-10919,-10918,-10917,-10916,-10915,-10914,-10913,-10912,-10911,-10910,-10909,-10908,-10907,-10906,-10905,-10904,-10903,-10902,-10901,-10900,-10899,-10898,-10897,-10896,-10895,-10894,-10893,-10892,-10891,-10890,-10889,-10888,-10887,-10886,-10885,-10884,-10883,-10882,-10881,-10880,-10879,-10878,-10877,-10876,-10875,-10874,-10873,-10872,-10871,-10870,-10869,-10868,-10867,-10866,-10865,-10864,-10863,-10862,-10861,-10860,-10859,-10858,-10857,-10856,-10855,-10854,-10853,-10852,-10851,-10850,-10849,-10848,-10847,-10846,-10845,-10844,-10843,-10842,-10841,-10840,-10839,-10838,-10837,-10836,-10835,-10834,-10833,-10832,-10831,-10830,-10829,-10828,-10827,-10826,-10825,-10824,-10823,-10822,-10821,-10820,-10819,-10818,-10817,-10816,-10815]],"type":"Polygon","properties":{"d":"077"}},{"arcs":[[-6930,3368,3369,11081,3967,-7844,-7843,-7842,-7841,-7840,-7839,-7838,-7837,-7369,-3929,3378,3379,3380,3381,3382,3383,3384,3385,3386,3387,3388,3389,3390,3391,3392,3393,3394,3395,3396,3397,3398,3399,3400,3401,3402,3403,3404,3405,3406,3407,3408,3409,3410,3411,3412,3413,3414,3415,3416,3417,3418,3419,3420,3421,3422,3423,3424,3425,3426,3427,3428,3429,3430,3431,3432,3433,3434,3435,3436,3437,3438,3439,3440,3441,3442,3443,3444,3445,3446,3447,3448,3449,3450,3451,3452,3453,3454,3455,3456,3457,-6869,-6868,-6867,-6866,-6865,-6864,-6863,-6862,-6861,-6860,-6859,-6858,-6857,-6856,-6855,-6854,-6853,-6852,-6851,-6850,-6849,-6848,-6847,-6846,-6845,-6844,-6843,-6842,-6841,-6840,-6839,-6838,-6837,-6836,-6835,-6834,-6833,-6832,-6831,-6830,-6829,-6828,-6827,-6826,-6825,-6824,-6823,-6822,-6821,-6820,-6819,-6818,-6817,-6945,-6944,-6943,-6942,-6941,-6940,-6939,-6938,-6937,-6936,-6935,-6934,-6933,-6932,-6931]],"type":"Polygon","properties":{"d":"109"}}]},"sd":{"type":"GeometryCollection","geometries":[{"arcs":[[[52,53,11082,11083,11084,11085,11086,11087,11088,11089,11090,11091,11092,11093,11094,11095,11096,11097,11098,11099,11100,11101,11102,11103,11104,11105,11106,11107,11108,11109,11110,11111,11112,11113,11114,-5086,11115,11116,11117,11118,11119,11120,11121,11122,11123,11124,11125,11126,11127,11128,11129,11130,11131,11132,11133,11134,47,48,49,50,51]],[[11135,11136,11137,92,11138,11139,11140,11141,97,11142,11143,11144,11145,11146,103,11147,105]],[[106]],[[107]]],"type":"MultiPolygon","properties":{"d":"33"}},{"arcs":[[11148,11149,11150,11151,11152,11153,11154,11155,11156,11157,11158,11159,11160,11161,11162,11163,11164,11165,11166,11167,11168,11169,11170,11171,11172,11173,11174,11175,11176,11177,-3525,11178,11179,11180,11181,11182,11183,11184,11185,11186,11187,11188,11189,11190,11191,11192,11193,11194,11195,11196,11197,11198,11199,11200,11201,11202,-3499,11203,11204,11205,11206,11207,11208,11209,11210,11211,11212,11213,11214,11215,11216,11217,11218,11219,11220,11221,11222,11223,11224,11225,11226,11227,11228,11229,11230,11231,11232,11233,11234,11235,11236,11237,11238,11239,11240,11241,11242,11243,-3941,11244,11245,11246,11247,11248,11249,11250,11251,11252,11253,11254,11255,11256,11257,11258,11259,11260,11261,11262,11263,11264,11265,11266,11267,11268,11269,11270,11271,11272,11273,11274,11275,11276,11277,11278,11279,11280,11281,11282,11283,11284,11285,11286,11287,11288,11289,11290,11291,11292,11293,11294,11295,11296,11297,11298,11299,11300,11301,11302,11303,11304,11305,11306,11307,11308,11309,11310,11311,11312,11313,3436,11314,11315,11316,3440,11317,11318,11319,11320,11321,11322,11323,11324,11325,11326,3451,11327,11328,11329,11330,11331,11332,11333,11334,11335,11336,11337,11338,11339,11340,-6861,11341,11342,-6858,11343,11344,11345,11346,11347,11348,11349,11350,11351,11352,11353,11354,11355,11356,11357,11358,11359,11360,11361,11362,11363,11364,11365,11366,11367,11368,11369,11370,11371,11372,11373,11374,11375,11376,11377,11378,11379,11380,11381,11382,11383,11384,11385,11386,11387,11388,11389,11390,11391,-6937,11392,-6935,11393,11394,11395,-6931,11396,3368,3369,11081,3967,3968,3969,11397,11398,11399,11400,11401,11402,11403,11404,11405,11406,11407,11408,11409,11410,11411,11412,11413,11414,11415,11416,11417,11418,11419,11420,11421,11422,11423,11424,11425,11426,11427,11428,11429,11430,11431,11432,11433,11434,11435,11436,11437,11438,11439,11440,11441,11442,11443,11444,11445,11446,11447,11448,11449,11450,11451,11452,11453,11454,11455,11456,11457,11458,11459,11460,11461,11462,11463,11464,11465,11466,11467,11468,11469,11470,11471,11472,11473,11474,11475,11476,11477,11478,11479,11480,11481,11482,11483,11484,11485,11486,11487,11488,11489,11490,11491,11492,11493,11494,11495,11496,11497,11498,11499,11500,11501,11502,11503,11504,11505,11506,11507,11508,11509,11510,11511,11512,11513,11514,11515,11516,11517,11518,11519,11520,11521,11522,11523,11524,11525,11526,11527,11528,11529,11530,11531,11532,11533,11534,11535,11536,11537,11538,11539,11540,11541,11542,11543,11544,11545,11546,11547,11548,11549,11550,11551,11552,11553,11554,11555,11556,11557,11558,11559,11560,11561,11562,11563,11564,11565,11566,11567,11568,11569,11570,11571,11572,11573,11574,11575,11576,11577,11578,11579,11580,11581,11582,11583,11584,11585,11586,11587,11588,11589,11590,11591,11592,11593,11594,11595,11596,11597,11598,11599,11600,11601,11602,11603,11604,11605,11606,11607,11608,11609,11610,11611,11612,11613,11614,11615,11616,11617,11618,11619,11620,7111,11621,11622,11623,7115,11624,11625,11626,11627,11628,11629,11630,11631,11632,11633,11634,11635,11636,11637,11638,11639,11640,11641,11642,11643,11644,11645,11646,11647,11648,11649,11650,11651,11652,11653,11654,11655,11656,11657,11658,11659,11660,11661,11662,11663,11664,11665,11666,11667,11668,11669,11670,11671,11672,11673,11674,11675,11676,11677,11678,11679,11680,11681,11682,11683,11684,11685,11686,11687,11688,11689,11690,11691,11692,11693,11694,11695,11696,11697,11698,11699,11700,11701,11702,11703,11704,11705,11706,11707,11708,11709,11710,11711,11712,11713,11714,11715,11716,11717,11718,11719,11720,11721,11722,11723,11724,11725,11726,11727,11728,11729,11730,11731,11732,11733,11734,11735,11736,11737,11738,11739,11740,11741,11742,11743,11744,11745,11746,11747,11748,11749,11750,11751,11752,11753,11754,11755,11756,11757,11758,11759,11760,11761,11762,11763,11764,11765,11766,11767,11768,11769,11770,11771,11772,11773,11774,11775,11776,11777,11778,11779,11780,11781,11782,11783,11784,11785,11786,11787,11788,11789,11790,11791,11792,11793,11794,11795,11796,11797,11798,11799,11800,11801,11802,11803,11804,11805,11806,11807,11808,11809,11810,11811,11812,11813,11814,11815,11816,11817,11818,11819,11820,11821,11822,11823,11824,11825,11826,11827,11828,11829,11830,11831,11832,11833,11834,11835,11836,11837,11838,11839,11840,11841,11842,11843,11844,11845,11846,11847,11848,11849,11850,11851,11852,11853,11854,11855,11856,11857,11858,11859,11860,11861,11862,11863,11864,11865,11866,11867,11868,11869,11870,11871,11872,11873,11874,11875,11876,-2996,11877,11878,11879,11880,11881,11882,11883,-2988,11884,11885,-2985,11886]],"type":"Polygon","properties":{"d":"7"}},{"arcs":[[11887,11888,11889,11890,11891,11892,11893,11894,11895,11896,11897,11898,11899,11900,11901,11902,11903,11904,11905,11906,11907,11908,11909,11910,11911,11912,11913,11914,11915,11916,11917,11918,11919,11920,11921,11922,11923,11924,11925,11926,11927,11928,11929,11930,11931,11932,11933,11934,11935,11936,11937,11938,11939,11940,11941,11942,11943,11944,11945,11946,11947,11948,11949,11950,11951,11952,11953,11954,11955,11956,11957,11958,11959,11960,11961,11962,11963,11964,11965,11966,11967,11968,11969,11970,11971,11972,11973,11974,11975,11976,11977,11978,11979,11980,11981,11982,11983,11984,11985,11986,11987,11988,11989,11990,11991,11992,11993,11994,11995,11996,11997,11998,11999,12000,12001,12002,12003,12004,12005,12006,12007,12008,12009,12010,12011,12012,-5671,12013,12014,12015,12016,12017,12018,12019,12020,12021,12022,12023,12024,12025,12026,12027,12028,12029,12030,12031,12032,12033,12034,12035,12036,12037,12038,12039,12040,12041,12042,12043,12044,12045,12046,12047,12048,12049,12050,12051,12052,12053,12054,12055,12056,12057,12058,12059,12060,12061,12062,12063,12064,12065,12066,12067,12068,12069,12070,12071,12072,12073,12074,12075,12076,12077,12078,12079,12080,12081,12082,12083,12084,12085,12086,12087,12088,12089,12090,12091,12092,12093,12094,12095,12096,12097,12098,12099,12100,12101,12102,12103,12104,12105,12106,12107,12108,12109,12110,12111,12112,12113,12114,12115,12116,12117,12118,12119,12120,12121,12122,12123,12124,12125,12126,12127,12128,12129,12130,12131,12132,12133,12134,12135,12136,12137,12138,12139,12140,12141,12142,12143,12144,12145,12146,12147,12148,12149,12150,12151,12152,12153,12154,12155,12156,12157,12158,12159,12160,12161,12162,12163,12164,12165,12166,12167,12168,12169,12170,12171,12172,12173,12174,12175,12176,12177,12178,12179,12180,12181,12182,12183,12184,12185,12186,12187,12188,12189,12190,12191,12192,12193,-5489,12194,12195,12196,12197,12198,12199,12200,12201,12202,12203,12204,12205,12206,12207,12208,12209,12210,12211,12212,12213,12214,12215,12216,12217,12218,12219,12220,12221,12222,12223,12224,12225,12226,12227,12228,12229,12230,12231,12232,12233,12234,12235,12236,12237,12238,12239,12240,12241,12242,12243,12244,12245,12246,12247,12248,12249,12250,12251,12252,12253,12254,12255,12256,12257,12258,12259,12260,12261,12262,12263,12264,12265,12266,12267,12268,12269,12270,12271,12272,12273,12274,12275,12276,12277,12278,12279,12280,12281,12282,12283,12284,12285,12286,12287,12288,12289,12290,12291,12292,12293,12294,12295,12296,12297,12298,12299,12300,12301,12302,12303,12304,12305,12306,12307,12308,12309,12310,12311,12312,12313,12314,12315,12316,12317,12318,12319,12320,12321,12322,12323,12324,12325,12326,12327,12328,12329,12330,12331,12332,12333,12334,12335,361,12336,12337,12338,12339,12340,12341,12342,12343,12344,12345,12346,12347,12348,12349,12350,12351,12352,12353,12354,12355,12356,12357,12358,12359,12360,12361,12362,12363,12364,12365,12366,12367,12368,12369,12370,12371,12372,12373,12374,12375,12376,12377,12378,12379,12380,12381,12382,12383,12384,12385,12386,12387,12388,12389,12390,12391,12392,12393,12394,12395,12396,12397,12398,12399,12400,12401,12402,12403,12404,12405,12406,12407,12408,12409,12410,12411,12412,12413,12414,12415,12416,12417,12418,12419,12420,12421,12422,12423,12424,12425,12426,12427,12428,12429,12430,12431,12432,12433,12434,12435,12436,12437,12438,12439,12440,12441,12442,12443,12444,12445,12446,12447,12448,12449,12450,12451,12452,12453,12454,12455,12456,12457,12458,12459,12460,12461,12462,12463,12464,12465,12466,12467,12468,12469,12470,12471,12472,12473,12474,12475,12476,12477,12478,12479,12480,12481,12482,12483,12484,12485,12486,12487,12488,12489,12490,12491,12492,12493,12494,12495,12496,12497,12498,12499,12500,12501,12502,12503,12504,12505,12506,12507,12508,12509,12510,12511,12512,12513,12514,12515,12516,12517,12518,12519,12520,12521,12522,12523,12524,12525,12526,12527,12528,12529,12530,12531,12532,12533,12534,12535,12536,12537,12538,12539,12540,12541,12542,12543,12544,12545,12546,12547,12548,12549,12550,12551,12552,12553,12554,12555,12556,12557,12558,12559,12560,12561,12562,12563,12564,12565,12566,12567,12568,12569,12570,12571,12572,12573,-5151,12574,12575,12576,12577,12578,12579,12580,12581,12582,12583,12584,12585,12586,12587,12588,12589,12590,12591,12592,12593,12594,12595,12596,12597,12598,12599,12600,12601,12602,12603,12604,12605,12606,12607,12608,12609,12610,12611,12612,12613,12614,12615,12616,12617,12618,12619,12620,12621,12622,12623,12624,12625,12626,12627,12628,12629,12630,12631,12632,12633,12634,12635,12636,12637,12638,12639,12640,12641,12642,12643,12644,12645,12646,12647,12648,12649,12650,12651,12652,12653,12654,12655,12656,12657,12658,12659,12660,12661,12662,12663,12664,12665,12666,12667,12668,12669,12670,12671,-5129,12672,12673,12674,12675,12676,12677,12678,12679,12680,12681,12682,12683,12684,12685,12686,12687,12688,12689,12690,-5793,12691,12692,12693,12694,12695,12696,12697,12698,12699,12700,12701,12702,12703,12704,12705,12706,12707,12708,12709,-5773,12710,12711,12712,12713,12714,12715,12716,12717,12718,12719,12720,12721,12722,12723,12724,12725,12726,12727,12728,12729]],"type":"Polygon","properties":{"d":"25"}},{"arcs":[[[4763,4764,4765,4766,4767,4768,1900,10599,1902,10600,1904,10601,1906,12730,12731,12732,12733,12734,12735,12736,12737,12738,12739,12740,12741,12742,12743,12744,12745,12746,12747,12748,12749,12750,12751,-1884,12752,12753,12754,12755,12756,12757,12758,12759,12760,4769,4770,12761,12762,12763]],[[4776,4777]]],"type":"MultiPolygon","properties":{"d":"21"}},{"arcs":[[4627,12764,4629,12765,4631,12766,4633,12767,12768,4636,4637,12769,4639,12770,4641,12771,4643,12772,12773,4646,12774,4648,12775,4650,12776,4652,12777,4654,12778,12779,4657,12780,4659,12781,4661,12782,12783,4664,4665,12784,4667,12785,4669,12786,4671,12787,4673,12788,4675,12789,12790,4678,12791,4680,12792,4682,12793,4684,12794,12795,12796,12797,12798,12799,12800,12801,12802,-8427,12803,12804,12805,12806,12807,12808,12809,12810,12811,12812,12813,12814,12815,12816,12817,12818,12819,12820,12821,12822,12823,4699,4700,4248,12824,4250,12825,4252,12826,4254,12827,4256,12828,12829,4259,12830,12831,12832,4263,12833,4265,12834,12835,4268,12836,4270,12837,4272,12838,4274,4275,12839,12840,4278,12841,4280,12842,4282,12843,4284,12844,4286,12845,4288,12846,4290,12847,4292,12848,4294,12849,4296,12850,4298,12851,12852,4301,12853,4303,12854,12855,4306,12856,4308,12857,4310,12858,12859,4313,12860,12861,4316,12862,12863,4319,12864,12865,4322,12866,4324,12867,4326,12868,4328,12869,12870,12871,12872,12873,4334,12874,4336,12875,4338,12876,4340,12877,12878,4343,4344,12879,4346,12880,4348,12881,12882,4351,12883,12884,4354,12885,12886,4357,12887,4359,12888,12889,4362,12890,4364,12891,4366,12892,4368,12893,4370,12894,4372,12895,4374,12896,4376,12897,12898,12899,4380,12900,4382,12901,4384,12902,4386,12903,4388,12904,4390,12905,12906,4393,12907,4395,12908,4397,12909,4399,12910,4401,4402,12911,4404,12912,4406,12913,4408,12914,4410,12915,4412,12916,4414,12917,4416,12918,4418,12919,4420,12920,4422,12921,4424,12922,4426,12923,4428,12924,4430,12925,4432,12926,4434,12927,4436,12928,4438,12929,4440,12930,4442,12931,4444,12932,4446,12933,4448,12934,4450,12935,4452,12936,4454,12937,4456,12938,4458,12939,4460,12940,4462,12941,4464,12942,4466,12943,4468,12944,4470,12945,4472,12946,4474,4475,12947,4477,12948,4479,12949,4481,12950,4483,12951,4485,12952,4487,12953,4489,12954,4491,12955,4493,12956,4495,12957,4497,12958,4499,12959,4501,12960,4503,12961,4505,12962,4507,12963,4509,12964,4511,12965,4513,12966,4515,12967,4517,12968,4519,12969,4521,12970,4523,12971,4525,12972,4527,12973,4529,12974,4531,12975,4533,12976,4535,12977,4537,12978,4539,12979,4541,12980,4543,12981,4545,12982,4547,12983,4549,12984,4551,12985,4553,12986,4555,12987,4557,12988,4559,12989,4561,12990,4563,12991,4565,12992,4567,12993,4569,12994,12995,4572,12996,4574,12997,4576,12998,4578,12999,4580,13000,4582,13001,4584,13002,4586,13003,4588,13004,4590,13005,4592,13006,4594,13007,4596,13008,4598,13009,4600,13010,4602,13011,13012,4605,13013,4607,13014,4609,13015,4611,13016,4613,13017,13018,4616,13019,4618,13020,4620,13021,4622,13022,4624,4625,13023]],"type":"Polygon","properties":{"d":"1"}},{"arcs":[[13024,13025,13026,13027,13028,13029,13030,13031,13032,13033,4818,4819,4820,4821,4822,13034,-611,13035,13036,13037,-607,13038,13039,13040,-603,13041,13042,13043,-599,13044,13045,13046,13047,13048,13049,13050,13051,13052,13053,13054,13055,13056,13057,13058,13059,13060,13061,-11957,-11956,-11955,-11954,-11953,-11952,-11951,-11950,-11949,-11948,-11947,-11946,-11945,-11944,-11943,-11942,-11941,-11940,-11939,-11938,-11937,-11936,-11935,-11934,-11933,-11932,-11931,-11930,13062,7848,13063,13064,13065,13066,13067,13068,13069,13070,13071,13072,13073,13074,13075,13076,13077,13078,13079,13080,13081,13082,13083,13084,13085,13086,13087,13088,13089,13090,7877,13091,13092,13093,13094,13095,7883,13096,13097,13098,13099,13100,13101,13102,13103,13104,13105,13106,7895,13107,13108,13109,13110,13111,13112,13113,13114,13115,13116,13117,13118,13119,7909,13120,13121,13122,13123,13124,13125,13126,13127,13128,13129,13130,13131,13132,13133,13134,13135,13136,13137,13138,13139,13140,13141,13142,13143,13144,13145,13146,13147,13148,13149,13150,13151,13152,13153,13154,13155,13156,13157,13158,13159,13160,13161,13162,13163,13164,13165,13166,13167,13168,13169,13170,13171,13172,13173,13174,13175,13176,13177,13178,13179,13180,13181,13182,13183,13184,13185,13186,13187,13188,13189,13190,13191,13192,13193,13194,13195,13196,13197,13198,13199,13200,13201,13202,13203,13204,13205,13206,13207,13208,13209,13210,13211,13212,13213,13214,13215,13216,13217,13218,13219,13220,13221,13222,13223,13224,13225,13226,13227,13228,13229,13230,13231,13232,13233,13234,13235,13236,13237,13238,13239,13240,13241,13242,13243,13244,13245,13246,13247,13248,13249,13250,8041,13251,13252,13253,13254,13255,13256,13257,13258,13259,13260,13261,13262,13263,13264,13265,13266,13267,13268,13269,13270,13271,13272,13273,13274,13275,13276,13277,13278,13279,13280,13281,13282,13283,13284,13285,13286,13287,13288,13289,13290,13291,13292,13293,13294,13295,13296,13297,13298,13299,13300,13301,13302,13303,13304,13305,13306,13307,13308,13309]],"type":"Polygon","properties":{"d":"19"}},{"arcs":[[13310,13311,13312,13313,5031,13314,13315,13316,13317,13318,13319,13320,13321,13322,13323,13324,13325,13326,13327,13328,13329,13330,13331,13332,13333,13334,13335,13336,13337,13338,13339,13340,13341,13342,13343,13344,4798,13345,13346,13347,13348,13349,13350,13351,13352,13353,13354,13355,13356,13357,13358,13359,13360,13361,13362,13363,13364,13365,13366,13367,13368,13369,13370,13371,13372,13373,13374,13375,13376,13377,13378,13379,13380,13381,13382,13383,13384,13385,13386,13387,13388,13389,13390,13391,13392,13393,13394,13395,13396,13397,13398,13399,13400,13401,13402,13403,13404,13405,13406,13407,13408,13409,13410,13411,13412,13413,13414,13415,13416,13417,13418,13419,13420,13421,13422,13423,13424,13425,13426,13427,13428,13429,13430,13431,13432,13433,13434,13435,13436,13437,13438,13439,13440,13441,13442,13443,13444,13445,13446,13447,13448,13449,13450,13451,13452,13453,13454,13455,13456,13457,13458,13459,13460,13461,13462,13463,13464,13465,13466,13467,13468,13469,13470,13471,13472,13473,13474,13475,13476,13477,13478,13479,13480,13481,13482,13483,13484,13485,13486,13487,13488,13489,13490,13491,13492,13493,13494,13495,13496,13497,13498,13499,13500,13501,13502,13503,13504,13505,13506,13507,13508,13509,13510,-13031,-13030,-13029,-13028,-13027,-13026,-13025,-13310,-13309,-13308,-13307,-13306,-13305,-13304,-13303,-13302,-13301,-13300,-13299,-13298,-13297,-13296,-13295,-13294,-13293,-13292,-13291,-13290,-13289,-13288,-13287,-13286,-13285,-13284,-13283,-13282,-13281,-13280,-13279,-13278,-13277,-13276,-13275,-13274,-13273,-13272,-13271,-13270,-13269,-13268,-13267,-13266,-13265,-13264,-13263,-13262,-13261,-13260,-13259,-13258,-13257,-13256,-13255,-13254,-13253,-13252,-8042,-13251,-13250,-13249,-13248,-13247,-13246,-13245,-13244,-13243,-13242,-13241,-13240,-13239,-13238,-13237,-13236,-13235,-13234,-13233,-13232,-13231,-13230,-13229,-13228,-13227,-13226,-13225,-13224,-13223,-13222,-13221,-13220,-13219,-13218,-13217,-13216,-13215,-13214,-13213,-13212,-13211,-13210,-13209,-13208,-13207,-13206,-13205,-13204,-13203,-13202,-13201,-13200,-13199,-13198,-13197,-13196,-13195,-13194,-13193,-13192,-13191,-13190,-13189,-13188,-13187,-13186,-13185,-13184,-13183,-13182,-13181,-13180,-13179,-13178,-13177,-13176,-13175,-13174,-13173,-13172,-13171,-13170,-13169,-13168,-13167,-13166,-13165,-13164,-13163,-13162,-13161,-13160,-13159,-13158,-13157,-13156,-13155,-13154,-13153,-13152,-13151,-13150,-13149,-13148,-13147,-13146,-13145,-13144,-13143,-13142,-13141,-13140,-13139,-13138,-13137,-13136,-13135,-13134,-13133,-13132,-13131,-13130,-13129,-13128,-13127,-13126,-13125,-13124,-13123,-13122,-13121,-7910,-13120,-13119,-13118,-13117,-13116,-13115,-13114,-13113,-13112,-13111,-13110,-13109,-13108,-7896,-13107,-13106,-13105,-13104,-13103,-13102,-13101,-13100,-13099,-13098,-13097,-7884,-13096,-13095,-13094,-13093,-13092,-7878,-13091,-13090,-13089,-13088,-13087,-13086,-13085,-13084,-13083,-13082,-13081,-13080,-13079,-13078,-13077,-13076,-13075,-13074,-13073,-13072,-13071,-13070,-13069,-13068,-13067,-13066,-13065,-13064,-7849,-13063,-11929,-11928,-11927,-11926,-11925,-11924,-11923,-11922,-11921,-11920,-11919,-11918,-11917,-11916,-11915,-11914,-11913,-11912,-11911,-11910,-11909,-11908,-11907,-11906,-11905,-11904,13511,13512,13513,13514]],"type":"Polygon","properties":{"d":"17"}},{"arcs":[[13515,13516,13517,13518,-4963,13519,13520,13521,13522,13523,13524,-4956,13525,13526,13527,13528,13529,13530,13531,13532,13533,13534,13535,13536,13537,13538,13539,13540,13541,13542,13543,13544,13545,13546,13547,13548,-4931,13549,13550,13551,13552,13553,-4925,13554,13555,13556,13557,13558,13559,13560,13561,13562,13563,13564,13565,13566,13567,13568,13569,13570,13571,13572,13573,13574,13575,13576,13577,13578,13579,13580,13581,13582,13583,13584,13585,13586,13587,13588,13589,13590,13591,13592,13593,13594,13595,13596,13597,13598,13599,13600,13601,13602,13603,13604,13605,-4184,13606,13607,13608,13609,13610,13611,13612,13613,13614,13615,13616,13617,13618,13619,13620,13621,13622,13623,13624,13625,13626,13627,13628,13629,13630,13631,13632,13633,13634,13635,13636,13637,13638,13639,13640,13641,13642,13643,13644,13645,13646,13647,13648,13649,13650,13651,13652,13653,13654,13655,13656,13657,13658,13659,13660,13661,13662,13663,13664,13665,13666,13667,13668,13669,13670,13671,13672,13673,13674,13675,13676,13677,13678,13679,13680,13681,13682,13683,13684,10335,13685,13686,13687,13688,13689,13690,13691,13692,10344,13693,13694,13695,13696,13697,13698,13699,13700,13701,13702,13703,13704,13705,13706,13707,13708,13709,13710,13711,13712,13713,13714,13715,13716,13717,13718,13719,13720,13721,13722,13723,13724,13725,13726,13727,13728,13729,13730,13731,13732,13733,13734,13735,13736,13737,13738,13739,13740,13741,13742,13743,13744,13745,13746,13747,13748,13749,13750,13751,13752,13753,13754,13755,13756,13757,13758,13759,13760,13761,13762,13763,13764,13765,13766,13767,13768,13769,13770,13771,13772,13773,13774,13775,13776,13777,13778,13779,13780,13781,13782,13783,13784,13785,13786,13787,13788,13789,13790,13791,13792,13793,13794,13795,13796,13797,13798,13799,13800,13801,13802,13803,13804,13805,13806,13807,13808,13809,13810,13811,13812,13813,13814,13815,13816,13817,13818,13819,13820,13821,13822,13823,13824,13825,13826,13827,13828,13829,13830,13831,13832,13833,13834,13835,13836,13837,13838,13839,13840,10493,13841,13842,13843,13844,13845,13846,13847,13848,13849,13850,10504,13851,13852,13853,13854,13855,13856,13857,13858,13859,13860,13861,13862,13863,13864,13865,13866,13867,13868,13869,13870,13871,13872,13873,13874,13875,13876,13877,13878,13879,13880,10535,13881,13882,10538,13883,13884,13885,13886,13887,13888,13889,10546,13890,13891,10549,13892,13893,13894,13895,13896,13897,13898,13899,13900,13901,13902,13903,13904,10563,13905,10565,13906,13907,13908,13909,13910,13911,13912,-13362,-13361,-13360,-13359,-13358,-13357,-13356,-13355,-13354,-13353,-13352,-13351,-13350,-13349,-13348,-13347,-13346,-4799,-13345,-13344,-13343,-13342,-13341,-13340,-13339,-13338,-13337,-13336,-13335,-13334,-13333,-13332,-13331,-13330,-13329,-13328,-13327,-13326,-13325,-13324,-13323,-13322,-13321,-13320,-13319,-13318,-13317,-13316,-13315,-5032,-13314,-13313,-13312,13913,13914,13915,13916,13917,13918,13919,13920,13921,-4978,13922]],"type":"Polygon","properties":{"d":"10"}},{"arcs":[[[13923,13924,13925,13926,8262,13927,13928,13929,13930,13931,13932,13933,13934,13935,13936,13937,13938,13939,13940,8277,13941,8279,13942,13943,8282,13944,8284,13945,13946,13947,13948,13949,13950,13951,8292,13952,13953,8295,13954,8297,13955,13956,13957,13958,13959,8303,13960,13961,13962,13963,13964,13965,13966,13967,13968,13969,13970,13971,13972,8317,13973,13974,13975,13976,13977,8323,13978,13979,13980,13981,13982,13983,13984,13985,13986,13987,13988,13989,13990,8337,13991,8339,13992,8341,13993,13994,13995,13996,13997,8347,13998,13999,8350,14000,8352,14001,14002,14003,14004,14005,14006,14007,14008,14009,14010,14011,14012,14013,14014,14015,14016,14017,14018,14019,14020,14021,14022,14023,14024,14025,14026,14027,8380,14028,14029,14030,14031,14032,14033,14034,8388,14035,14036,14037,14038,14039,14040,14041,14042,14043,14044,14045,14046,8401,14047,8403,14048,14049,14050,14051,14052,14053,14054,14055,14056,14057,14058,14059,14060,14061,14062,14063,14064,14065,14066,14067,14068,14069,14070,14071,14072,14073,14074,14075,14076,-6168,14077,14078,14079,14080,14081,14082,14083,14084,14085,-6158,14086,14087,14088,14089,14090,14091,14092,14093,14094,14095,14096,14097,14098,14099,14100,14101,14102,14103,14104,14105,14106,14107,14108,14109,14110,14111,14112,14113,14114,14115,14116,14117,14118,14119,14120,14121,14122,14123,14124,14125,14126,14127,14128,14129,14130,14131,14132,14133,14134,-6571,14135,14136,14137,14138,14139,14140,14141,14142,14143,14144,-11153,-11152,-11151,-11150,-11149,-11887,2984,-11886,-11885,2987,-11884,-11883,-11882,-11881,-11880,-11879,-11878,2995,-11877,-11876,-11875,-11874,-11873,-11872,-11871,-11870,-11869,-11868,-11867,-11866,-11865,-11864,-11863,-11862,-11861,-11860,-11859,-11858,-11857,-11856,-11855,-11854,-11853,-11852,-11851,-11850,-11849,-11848,-11847,-11846,-11845,-11844,-11843,-11842,-11841,-11840,-11839,-11838,-11837,-11836,-11835,-11834,-11833,-11832,-11831,-11830,-11829,-11828,-11827,-11826,-11825,-11824,-11823,-11822,-11821,-11820,-11819,-11818,-11817,-11816,-11815,-11814,-11813,-11812,-11811,-11810,-11809,-11808,-11807,-11806,-11805,-11804,-11803,-11802,-11801,-11800,-11799,-11798,-11797,-11796,-11795,-11794,-11793,-11792,-11791,-11790,-11789,-11788,-11787,-11786,-11785,-11784,-11783,-11782,-11781,-11780,-11779,-11778,-11777,-11776,-11775,-11774,-11773,-11772,-11771,-11770,-11769,-11768,-11767,-11766,-11765,-11764,-11763,-11762,-11761,-11760,-11759,-11758,-11757,-11756,-11755,-11754,-11753,-11752,-11751,-11750,-11749,-11748,-11747,-11746,-11745,-11744,-11743,-11742,-11741,-11740,-11739,-11738,-11737,-11736,-11735,-11734,-11733,-11732,-11731,-11730,-11729,-11728,-11727,-11726,-11725,-11724,-11723,-11722,-11721,-11720,-11719,-11718,-11717,-11716,-11715,-11714,-11713,-11712,-11711,-11710,-11709,-11708,-11707,-11706,-11705,-11704,-11703,-11702,-11701,-11700,-11699,-11698,-11697,-11696,-11695,-11694,-11693,-11692,-11691,-11690,-11689,-11688,-11687,-11686,-11685,-11684,-11683,-11682,-11681,-11680,-11679,-11678,-11677,-11676,-11675,-11674,-11673,-11672,-11671,-11670,-11669,-11668,-11667,-11666,-11665,-11664,-11663,-11662,-11661,-11660,-11659,-11658,-11657,-11656,-11655,-11654,-11653,-11652,-11651,-11650,-11649,-11648,-11647,-11646,-11645,-11644,-11643,-11642,-11641,-11640,-11639,-11638,-11637,-11636,-11635,-11634,-11633,-11632,-11631,-11630,-11629,-11628,-11627,-11626,-11625,-7116,-11624,-11623,-11622,-7112,-11621,-11620,-11619,-11618,-11617,-11616,-11615,-11614,-11613,-11612,-11611,-11610,-11609,-11608,-11607,-11606,-11605,-11604,-11603,-11602,-11601,-11600,-11599,-11598,-11597,-11596,-11595,-11594,-11593,-11592,-11591,-11590,-11589,-11588,-11587,-11586,-11585,-11584,-11583,-11582,-11581,-11580,-11579,-11578,-11577,-11576,-11575,-11574,-11573,-11572,-11571,-11570,-11569,-11568,-11567,-11566,-11565,-11564,-11563,-11562,-11561,-11560,-11559,-11558,-11557,-11556,-11555,-11554,-11553,-11552,-11551,-11550,-11549,-11548,-11547,-11546,-11545,-11544,-11543,-11542,-11541,-11540,-11539,-11538,-11537,-11536,-11535,-11534,-11533,-11532,-11531,-11530,-11529,-11528,-11527,-11526,-11525,-11524,-11523,-11522,-11521,14145,14146,14147,14148,14149,14150,14151,14152,7593,14153,7595,14154,14155,14156,14157,14158,14159,14160,14161,14162,14163,14164,14165,14166,14167,14168,14169,14170,14171,14172,14173,14174,14175,14176,7619,14177,7621,14178,7449,14179,14180,14181,14182,7454,14183,14184,14185,14186,14187,14188,7461,14189,14190,14191,4227,14192,4229,14193,14194,14195,14196,14197,14198,14199,14200,14201,14202,14203,14204,14205,14206,14207,14208,14209,14210,2379,14211,14212,14213,14214,14215,14216,14217,14218,2388,14219,14220,14221,14222,14223,14224,14225,14226,14227,14228,14229,14230,14231,14232,14233,14234,14235,14236,14237,14238,14239,14240,14241,14242,14243,14244,14245,14246,14247,14248,14249,14250,14251,14252,14253,14254,14255,14256,14257,14258,14259,14260,14261,14262,14263,14264,14265,14266,14267,14268,14269,14270,14271,14272,14273,14274,14275,14276,14277,14278,14279,14280,14281,14282,14283,14284,14285,14286,14287,14288,14289,14290,14291,14292,14293,14294,14295,14296,14297,14298,14299,14300,14301,14302,14303,14304,14305,14306,14307,14308,14309,14310,14311,14312,14313,14314,14315,14316,14317,14318,14319,14320,14321,14322,14323,14324,14325,14326,14327,14328,14329,14330,14331,14332,14333,14334,14335,14336,14337,14338,14339,14340,14341,14342,14343,14344,14345,14346,14347,14348,14349,14350,14351,14352,14353,14354,14355,14356,14357,14358,14359,14360,14361,14362,14363,14364,14365,14366,14367,14368,14369,14370,14371,14372,14373,14374,14375,14376,14377,14378,14379,14380,14381,14382,14383,14384,14385,14386,14387,14388,14389,14390,14391,14392,14393,14394,14395,14396,14397,14398,14399,14400,14401,14402,14403,14404,14405,14406,14407,14408,14409,14410,14411,14412,14413,14414,14415,14416,14417,14418,14419,14420,14421,14422,14423,14424,14425,14426,14427,14428,14429,14430,14431,14432,14433,14434,14435,14436,14437,14438,14439,14440,14441,14442,14443,14444,14445,14446,14447,14448,14449,14450,14451,14452,14453,14454,14455,14456,14457,14458,14459,14460,14461,14462,14463,14464,14465,14466,14467,14468,14469,-1080,14470,14471,14472,14473,14474,14475,14476,14477,14478,14479,14480,14481,14482,14483,14484,14485,14486,14487,14488,14489,14490,14491,14492,14493,14494,14495,14496,14497,14498,14499,14500,14501,14502,14503,14504,14505,14506,14507,14508,14509,-1039,14510,14511,14512,14513,14514,14515,14516,14517,14518,14519,14520,14521,14522,14523,14524,14525,14526,14527,14528,14529,14530,14531,14532,14533,14534,14535,14536,14537,14538,14539,14540,14541,14542,14543,14544,14545,14546,14547,14548,14549,14550,14551,14552,14553,14554,14555,14556,14557,14558,14559,14560,14561,14562,-985,14563,-983,14564,14565,14566,14567,14568,14569,14570,14571,14572,14573,14574,14575,14576,14577,14578,14579,14580,14581,14582,14583,14584,14585,14586,14587,14588,14589,14590,14591,14592,14593,14594,14595,14596,14597,14598,14599,14600,14601,14602,14603,14604,14605,14606,14607,14608,14609,14610,14611,14612,14613,14614,14615,14616,14617,14618,14619,14620,14621,14622,14623,14624,14625,14626,14627,14628,14629,2392,8257]],[[3093]],[[3094]],[[3095]]],"type":"MultiPolygon","properties":{"d":"9"}},{"arcs":[[14630,14631,-10114,-11399,-11398,3970,5058,5059,4817,-13034,-13033,-13032,-13511,-13510,-13509,-13508,-13507,-13506,-13505,-13504,-13503,-13502,-13501,-13500,-13499,-13498,-13497,-13496,-13495,-13494,-13493,-13492,-13491,-13490,-13489,-13488,-13487,-13486,-13485,-13484,-13483,-13482,-13481,-13480,-13479,-13478,-13477,-13476,-13475,-13474,-13473,-13472,-13471,-13470,-13469,-13468,-13467,-13466,-13465,-13464,-13463,-13462,-13461,-13460,-13459,-13458,-13457,-13456,-13455,-13454,-13453,-13452,-13451,-13450,-13449,-13448,-13447,-13446,-13445,-13444,-13443,-13442,-13441,-13440,-13439,-13438,-13437,-13436,-13435,-13434,-13433,-13432,-13431,-13430,-13429,-13428,-13427,-13426,-13425,-13424,-13423,-13422,-13421,-13420,-13419,-13418,-13417,-13416,-13415,-13414,-13413,-13412,-13411,-13410,-13409,-13408,-13407,-13406,-13405,-13404,-13403,-13402,-13401,-13400,-13399,-13398,-13397,-13396,-13395,-13394,-13393,-13392,-13391,-13390,-13389,-13388,-13387,-13386,-13385,-13384,-13383,-13382,-13381,-13380,-13379,-13378,-13377,-13376,-13375,-13374,-13373,-13372,-13371,-13370,-13369,-13368,-13367,-13366,-13365,-13364,-13363,-13913,-13912,-13911,-13910,-13909,-13908,-13907,-10566,-13906,-10564,-13905,-13904,-13903,-13902,-13901,-13900,-13899,-13898,-13897,-13896,-13895,-13894,-13893,-10550,-13892,-13891,-10547,-13890,-13889,-13888,-13887,-13886,-13885,-13884,-10539,-13883,-13882,-10536,-13881,-13880,-13879,-13878,-13877,-13876,-13875,-13874,-13873,-13872,-13871,-13870,-13869,-13868,-13867,-13866,-13865,-13864,-13863,-13862,-13861,-13860,-13859,-13858,-13857,-13856,-13855,-13854,-13853,-13852,-10505,-13851,-13850,-13849,-13848,-13847,-13846,-13845,-13844,-13843,-13842,-10494,-13841,-13840,-13839,-13838,-13837,-13836,-13835,-13834,-13833,-13832,-13831,-13830,-13829,-13828,-13827,-13826,-13825,-13824,-13823,-13822,-13821,-13820,-13819,-13818,-13817,-13816,-13815,-13814,-13813,-13812,-13811,-13810,-13809,-13808,-13807,-13806,-13805,-13804,-13803,-13802,-13801,-13800,-13799,-13798,-13797,-13796,-13795,-13794,-13793,-13792,-13791,-13790,-13789,-13788,-13787,-13786,-13785,-13784,-13783,-13782,-13781,-13780,-13779,-13778,-13777,-13776,-13775,-13774,-13773,-13772,-13771,-13770,-13769,-13768,-13767,-13766,-13765,-13764,-13763,-13762,-13761,-13760,-13759,-13758,-13757,-13756,-13755,-13754,-13753,-13752,-13751,-13750,-13749,-13748,-13747,-13746,-13745,-13744,-13743,-13742,-13741,-13740,-13739,-13738,-13737,-13736,-13735,-13734,-13733,-13732,-13731,-13730,-13729,-13728,-13727,-13726,-13725,-13724,-13723,-13722,-13721,-13720,-13719,-13718,-13717,-13716,-13715,-13714,-13713,-13712,-13711,-13710,-13709,-13708,-13707,-13706,-13705,-13704,-13703,-13702,-13701,-13700,-13699,-13698,-13697,-13696,-13695,-13694,-10345,-13693,-13692,-13691,-13690,-13689,-13688,-13687,-13686,-10336,-13685,-13684,-13683,-13682,-13681,-13680,-13679,-13678,-13677,-13676,-13675,-13674,-13673,-13672,-13671,-13670,-13669,-13668,-13667,-13666,-13665,-13664,-13663,14632,14633,14634,14635,14636,14637,14638,14639,14640,14641,14642,14643,14644,14645,14646,14647,14648,14649,14650,14651,14652,14653,14654,14655,14656,14657,14658,14659,14660,14661,14662,14663,14664,14665,14666,14667,14668,14669,14670,14671,14672,14673,14674,14675,14676,14677,14678,14679,14680,14681,14682,14683,14684,14685,14686,14687,14688,14689,14690,14691,14692,14693,14694,14695,14696,14697,14698,14699,14700,14701,14702,14703,14704,14705,14706,14707,14708,14709,14710,14711,14712,14713,14714,14715,14716,14717,14718,14719,14720,14721,14722,14723,14724,14725,14726,14727,14728,14729,14730,14731,14732,14733,14734,14735,14736,14737,14738,14739,14740,14741,14742,14743,14744,14745,14746,14747,14748,14749,14750,14751,14752,14753,14754,14755,14756,14757,14758,14759,14760,14761,14762,14763,14764,14765,14766,14767,-10217,14768,14769,14770,14771,14772,14773,14774,14775,14776,14777,14778,14779,14780,14781,14782,14783,14784,14785,14786,14787,14788,14789,14790,14791,14792,14793,14794,14795,14796,14797,14798,14799,14800,14801,14802,-10181,14803,14804,14805,14806,14807,14808,14809,14810,14811,14812,14813,14814,14815,14816,14817,14818,14819,14820,14821,14822,14823,14824,14825,14826,14827,14828,14829,14830,14831,14832,14833,14834,-10148,14835,14836,14837,14838,14839,14840,-10141,14841,14842,14843,14844,14845,14846,14847,14848,14849,14850,14851,14852,14853,14854,14855,14856,14857,14858,14859,14860,14861,14862,14863,14864]],"type":"Polygon","properties":{"d":"8"}},{"arcs":[[14865,14866,14867,14868,14869,14870,14871,14872,14873,14874,14875,14876,14877,14878,14879,14880,14881,14882,14883,14884,14885,14886,14887,14888,14889,14890,14891,14892,14893,14894,14895,14896,14897,14898,14899,14900,14901,14902,14903,14904,14905,14906,14907,14908,14909,14910,14911,14912,14913,14914,14915,14916,14917,14918,14919,14920,14921,14922,14923,14924,14925,14926,14927,14928,14929,14930,14931,14932,14933,14934,14935,14936,14937,14938,14939,14940,14941,14942,14943,14944,14945,14946,14947,14948,14949,14950,14951,14952,14953,14954,14955,14956,14957,14958,14959,14960,14961,14962,14963,14964,828,14965,14966,14967,14968,833,14969,14970,14971,14972,14973,14974,14975,-12730,-12729,-12728,-12727,-12726,-12725,-12724,-12723,-12722,-12721,-12720,-12719,-12718,-12717,-12716,-12715,-12714,-12713,-12712,-12711,5772,-12710,-12709,-12708,-12707,-12706,-12705,-12704,-12703,-12702,-12701,-12700,-12699,-12698,-12697,-12696,-12695,-12694,-12693,-12692,5792,-12691,-12690,-12689,-12688,-12687,-12686,-12685,-12684,-12683,-12682,-12681,-12680,-12679,-12678,-12677,-12676,-12675,-12674,-12673,5128,-12672,-12671,-12670,-12669,-12668,-12667,-12666,-12665,-12664,-12663,-12662,-12661,-12660,-12659,-12658,-12657,-12656,-12655,-12654,-12653,-12652,-12651,-12650,-12649,-12648,-12647,-12646,-12645,-12644,-12643,-12642,-12641,-12640,-12639,-12638,-12637,-12636,-12635,-12634,-12633,-12632,-12631,-12630,-12629,-12628,-12627,-12626,-12625,-12624,-12623,-12622,-12621,-12620,-12619,-12618,-12617,-12616,-12615,-12614,-12613,-12612,-12611,-12610,-12609,-12608,-12607,-12606,-12605,-12604,-12603,-12602,-12601,-12600,-12599,-12598,-12597,-12596,-12595,-12594,-12593,-12592,-12591,-12590,-12589,-12588,-12587,-12586,-12585,-12584,-12583,-12582,-12581,-12580,-12579,-12578,-12577,-12576,-12575,5150,-12574,-12573,-12572,-12571,-12570,-12569,-12568,-12567,-12566,-12565,-12564,-12563,-12562,-12561,-12560,-12559,-12558,-12557,-12556,-12555,-12554,-12553,-12552,-12551,-12550,-12549,-12548,-12547,-12546,-12545,-12544,-12543,-12542,-12541,-12540,-12539,-12538,-12537,-12536,-12535,-12534,-12533,-12532,-12531,-12530,-12529,-12528,-12527,-12526,-12525,-12524,-12523,-12522,-12521,-12520,-12519,-12518,-12517,-12516,-12515,-12514,-12513,-12512,-12511,-12510,-12509,-12508,-12507,-12506,-12505,-12504,-12503,-12502,-12501,-12500,-12499,-12498,-12497,-12496,-12495,-12494,-12493,-12492,-12491,-12490,-12489,-12488,-12487,-12486,-12485,-12484,-12483,-12482,-12481,-12480,-12479,-12478,-12477,-12476,-12475,-12474,-12473,-12472,-12471,-12470,-12469,-12468,-12467,-12466,-12465,-12464,-12463,-12462,-12461,-12460,-12459,-12458,-12457,-12456,-12455,-12454,-12453,-12452,-12451,-12450,-12449,-12448,-12447,-12446,-12445,-12444,-12443,-12442,-12441,-12440,-12439,-12438,-12437,-12436,-12435,-12434,-12433,-12432,-12431,-12430,-12429,-12428,-12427,-12426,-12425,-12424,-12423,-12422,-12421,-12420,-12419,-12418,-12417,-12416,-12415,-12414,-12413,-12412,-12411,-12410,-12409,-12408,-12407,-12406,-12405,-12404,-12403,-12402,-12401,-12400,-12399,-12398,-12397,-12396,-12395,-12394,-12393,-12392,-12391,-12390,-12389,-12388,-12387,-12386,-12385,-12384,-12383,-12382,-12381,-12380,-12379,-12378,-12377,-12376,-12375,-12374,-12373,-12372,-12371,-12370,-12369,-12368,-12367,-12366,-12365,-12364,-12363,-12362,-12361,-12360,-12359,-12358,-12357,-12356,-12355,-12354,-12353,-12352,-12351,-12350,-12349,-12348,-12347,-12346,-12345,-12344,-12343,-12342,-12341,-12340,-12339,-12338,-12337,-362,-12336,-12335,-12334,-12333,-12332,-12331,-12330,-12329,-12328,-12327,-12326,-12325,-12324,-12323,-12322,-12321,-12320,-12319,-12318,-12317,-12316,-12315,-12314,-12313,-12312,-12311,-12310,-12309,-12308,-12307,-12306,-12305,-12304,-12303,-12302,-12301,-12300,-12299,-12298,-12297,-12296,-12295,-12294,-12293,-12292,-12291,-12290,-12289,-12288,-12287,-12286,-12285,-12284,-12283,-12282,-12281,-12280,-12279,-12278,-12277,-12276,-12275,-12274,-12273,-12272,-12271,-12270,-12269,-12268,-12267,-12266,-12265,-12264,-12263,-12262,-12261,-12260,-12259,-12258,-12257,-12256,-12255,-12254,-12253,-12252,-12251,-12250,-12249,-12248,-12247,-12246,-12245,-12244,-12243,-12242,-12241,-12240,-12239,-12238,-12237,-12236,-12235,-12234,-12233,-12232,-12231,-12230,-12229,-12228,-12227,-12226,-12225,-12224,-12223,-12222,-12221,-12220,-12219,-12218,-12217,-12216,-12215,-12214,-12213,-12212,-12211,-12210,-12209,-12208,-12207,-12206,-12205,-12204,-12203,-12202,-12201,-12200,-12199,-12198,-12197,-12196,-12195,5488,-12194,-12193,-12192,-12191,-12190,-12189,-12188,-12187,-12186,-12185,-12184,-12183,-12182,-12181,-12180,-12179,-12178,-12177,-12176,-12175,-12174,-12173,14976,14977,14978,14979,14980,14981,14982,14983,14984,14985,14986,14987,14988,14989,14990,14991,14992,14993,14994,14995,14996,14997,14998,14999,15000,684,15001,15002,15003,15004,15005,15006,15007,15008,15009,15010,15011,15012,15013,15014,15015,15016,15017,702,15018,15019,705,15020,15021,15022,15023,15024,15025,15026,15027,15028,15029,15030,15031,15032,15033,15034,15035,15036,15037,15038,15039,15040,15041]],"type":"Polygon","properties":{"d":"12"}},{"arcs":[[[1945,1946,15042,15043,15044,15045,15046,15047,15048,15049,15050,15051,15052,15053,15054,1862,15055,15056,15057,15058,15059,15060,15061,15062,15063,15064,15065,15066,15067,15068,15069,15070,15071,15072,15073,15074,15075,15076,15077,15078,15079,15080,15081,15082,15083,15084,15085,15086,15087,15088,15089,15090,15091,15092,15093,15094,1938,15095,15096,15097,15098]],[[1951]],[[1952]],[[15099,15100,15101,15102,15103,15104,15105,15106,15107,15108,15109,15110,15111,15112,4754,15113,15114,4757,4758,4759,15115,15116,15117,15118,15119]]],"type":"MultiPolygon","properties":{"d":"16"}},{"arcs":[[[15120,15121,15122,15123,15124,15125,15126,15127,15128,15129,15130,15131,15132,15133,3099,3100,3101,1622,1623,15134,15135,15136,15137]],[[15138,3097]]],"type":"MultiPolygon","properties":{"d":"38"}},{"arcs":[[15139,15140,15141,15142,15143,6131,15144,15145,15146,15147,15148,15149,15150,15151,15152,15153,15154,15155,15156,15157,15158,15159,15160,15161,15162,15163,15164,15165,15166,15167,15168,15169,15170,15171,15172,15173,15174,15175,15176,15177,15178,6078,15179,15180,15181,15182,15183,15184,15185,15186,15187,15188,15189,15190,15191,6092,15192,15193,15194,15195,15196,15197,15198,15199,15200,15201,15202,15203,15204,15205,15206,15207,15208,15209,15210,15211,15212,15213,15214,15215,15216,15217,15218,15219,15220,15221,15222,15223,15224,15225,15226,15227,15228,15229,15230,9980,15231,15232,15233,15234,15235,15236,15237,15238,15239,15240,15241,15242,-1916,15243,15244,15245,15246,15247,15248,15249,15250,15251,15252,15253,15254,15255,15256,15257,15258,15259,15260,15261,15262,15263,15264,15265,15266,15267,15268,15269,15270,15271,15272,15273,-15001,-15000,-14999,-14998,-14997,-14996,-14995,-14994,-14993,-14992,-14991,-14990,-14989,-14988,-14987,-14986,-14985,-14984,-14983,-14982,-14981,-14980,-14979,-14978,-14977,-12172,-12171,-12170,-12169,-12168,-12167,-12166,-12165,-12164,-12163,-12162,-12161,-12160,-12159,-12158,-12157,-12156,-12155,-12154,-12153,-12152,-12151,-12150,-12149,-12148,-12147,-12146,-12145,-12144,-12143,-12142,-12141,-12140,-12139,-12138,-12137,-12136,-12135,-12134,-12133,-12132,-12131,-12130,-12129,-12128,-12127,-12126,-12125,-12124,-12123,-12122,-12121,-12120,-12119,-12118,-12117,-12116,-12115,-12114,-12113,-12112,-12111,-12110,-12109,-12108,-12107,-12106,-12105,-12104,-12103,-12102,-12101,-12100,-12099,-12098,-12097,-12096,-12095,-12094,-12093,-12092,-12091,-12090,-12089,-12088,-12087,-12086,-12085,-12084,-12083,-12082,-12081,-12080,-12079,-12078,-12077,-12076,-12075,-12074,-12073,-12072,-12071,-12070,-12069,-12068,-12067,-12066,-12065,-12064,-12063,-12062,-12061,-12060,-12059,-12058,-12057,-12056,-12055,-12054,-12053,-12052,-12051,-12050,-12049,-12048,-12047,-12046,-12045,-12044,-12043,-12042,-12041,-12040,-12039,-12038,-12037,-12036,-12035,-12034,-12033,-12032,-12031,-12030,-12029,-12028,-12027,-12026,-12025,-12024,-12023,-12022,-12021,-12020,-12019,-12018,-12017,-12016,-12015,-12014,5670,-12013,-12012,-12011,-12010,-12009,-12008,-12007,-12006,-12005,-12004,-12003,-12002,-12001,-12000,-11999,-11998,-11997,-11996,-11995,-11994,-11993,-11992,-11991,-11990,-11989,-11988,-11987,-11986,-11985,-11984,15274,15275,15276,15277,15278,15279,15280,15281,15282,15283,15284,15285,15286,15287,15288,15289,15290,15291,15292,15293,15294,15295,15296,15297,15298,15299,15300,15301,15302,15303,15304,15305,15306,-302,15307,15308,15309,15310,-297,15311,15312,15313,15314,15315,15316,-290,15317,15318,15319,15320,15321,15322,15323,15324,-200,15325,15326,15327,15328,15329,15330,15331,15332,15333,15334,15335,15336,15337,15338,15339,15340,15341,-11104,-11103,-11102,-11101,-11100,-11099,-11098,-11097,-11096,-11095,-11094,-11093,-11092,-11091,-11090,-11089,-11088,-11087,-11086,-11085,-11084,-11083,1953,1954,15342,1956,-11148,-104,-11147,-11146,-11145,-11144,-11143,-98,-11142,-11141,-11140,-11139,-93,-11138,-11137,-11136,1957]],"type":"Polygon","properties":{"d":"27"}},{"arcs":[[15343,15344,15345,15346,15347,15348,15349,15350,15351,15352,15353,15354,15355,15356,15357,15358,6221,15359,15360,15361,15362,15363,15364,15365,15366,15367,15368,15369,15370,15371,15372,15373,15374,15375,15376,15377,15378,15379,15380,15381,15382,15383,15384,15385,15386,15387,15388,15389,15390,15391,6255,15392,15393,6258,15394,15395,15396,15397,15398,15399,15400,15401,15402,15403,15404,15405,15406,15407,15408,15409,15410,15411,15412,15413,15414,15415,15416,15417,15418,15419,15420,15421,15422,15423,15424,15425,15426,15427,15428,15429,15430,15431,15432,15433,15434,6300,15435,6302,15436,15437,15438,15439,15440,15441,15442,15443,15444,15445,15446,15447,15448,6316,15449,15450,15451,15452,15453,15454,15455,15456,15457,15458,15459,15460,15461,15462,15463,15464,15465,15466,15467,15468,15469,6338,15470,15471,15472,15473,15474,15475,15476,15477,15478,15479,15480,15481,15482,15483,15484,15485,15486,15487,15488,15489,15490,15491,6361,15492,15493,15494,15495,15496,15497,15498,15499,15500,15501,15502,15503,15504,15505,15506,15507,15508,15509,15510,15511,15512,15513,15514,15515,15516,15517,15518,15519,15520,15521,15522,15523,15524,15525,15526,15527,15528,15529,15530,15531,15532,15533,15534,15535,15536,15537,15538,15539,15540,15541,15542,15543,15544,15545,15546,15547,15548,15549,15550,15551,15552,15553,15554,15555,15556,15557,15558,15559,15560,15561,15562,15563,15564,15565,15566,15567,15568,15569,15570,15571,15572,15573,15574,15575,15576,15577,15578,15579,15580,15581,15582,15583,15584,15585,15586,15587,15588,15589,15590,15591,15592,15593,15594,15595,15596,15597,15598,15599,15600,15601,15602,15603,15604,15605,15606,15607,15608,8520,15609,15610,15611,15612,15613,15614,15615,15616,15617,15618,15619,15620,15621,15622,15623,15624,15625,15626,8539,15627,15628,15629,15630,15631,15632,15633,15634,15635,15636,15637,15638,15639,15640,15641,15642,15643,15644,15645,15646,15647,15648,15649,15650,15651,15652,15653,15654,15655,15656,15657,15658,15659,15660,15661,15662,15663,15664,15665,15666,15667,15668,15669,15670,15671,15672,15673,15674,15675,15676,15677,15678,15679,15680,15681,15682,15683,15684,15685,15686,15687,15688,15689,15690,15691,15692,15693,15694,15695,15696,15697,15698,15699,15700,15701,15702,15703,15704,15705,15706,15707,15708,15709,8623,15710,15711,15712,15713,15714,8629,15715,15716,15717,15718,15719,15720,15721,15722,15723,15724,15725,15726,15727,15728,15729,15730,15731,15732,15733,15734,15735,15736,15737,15738,15739,15740,15741,15742,15743,15744,15745,15746,15747,15748,15749,15750,15751,15752,15753,15754,15755,15756,15757,15758,15759,15760,15761,15762,15763,15764,15765,15766,15767,15768,15769,15770,15771,15772,15773,15774,15775,15776,15777,15778,15779,15780,15781,15782,15783,15784,15785,15786,15787,15788,15789,15790,15791,15792,15793,15794,15795,15796,15797,15798,15799,15800,15801,15802,15803,15804,15805,15806,15807,15808,15809,15810,15811,15812,15813,15814,15815,15816,15817,15818,15819,15820,15821,15822,15823,15824,15825,15826,15827,15828,15829,15830,15831,15832,15833,15834,15835,15836,15837,15838,15839,15840,15841,15842,15843,15844,15845,15846,15847,15848,15849,15850,15851,15852,15853,15854,15855,15856,15857,15858,15859,15860,15861,15862,15863,15864,15865,15866,15867,15868,15869,15870,15871,15872,15873,15874,15875,15876,15877,15878,15879,15880,15881,15882,15883,15884,15885,15886,15887,15888,15889,15890,15891,15892,15893,15894,15895,15896,15897,15898,15899,15900,15901,15902,15903,15904,15905,15906,15907,15908,15909,15910,15911,15912,15913,15914,15915,15916,15917,15918,15919,15920,15921,15922,15923,15924,15925,15926,15927,15928,15929,15930,15931,15932,15933,15934,15935,15936,15937,15938,15939,15940,15941,15942,15943,15944,15945,15946,15947,15948,15949,15950,15951,15952,15953,15954,15955,15956,15957,15958,15959,15960,15961,15962,15963,15964,15965,15966,15967,15968,15969,15970,15971,15972,15973,15974,15975,15976,15977,15978,15979,15980,15981,15982,15983,15984,15985,15986,15987,15988,15989,15990,15991,15992,15993,15994,15995,15996,15997,15998,15999,16000,16001,16002,16003,16004,16005,16006,16007,16008,16009,16010,16011,16012,16013,16014,16015,16016,16017,16018,16019,16020,16021,16022,16023,16024,16025,16026,16027,16028,16029,16030,16031,16032,16033,16034,16035,16036,16037,16038,16039,16040,16041,16042,16043,16044,16045,16046,16047,16048,16049,16050,16051,16052,16053,16054,16055,2723,2724,16056,2726,16057,16058,2729,16059,16060,2732,16061,2734,16062,2736,16063,2738,16064,2740,16065,2742,16066,2745,16067,2747,16068,2749,16069,2751,16070,2753,16071,2755,16072,2757,16073,2759,16074,16075,2762,16076,2764,16077,2766,16078,2768,16079,2770,16080,16081,2773,16082,2775,16083,2777,16084,2779,16085,2781,16086,2783,16087,2785,16088,16089,2788,2789,16090,2791,16091,2793,16092,2795,16093,2797,16094,2799,16095,2801,16096,2803,16097,2805,16098,2807,16099,2809,16100,2811,16101,2813,16102,2815,16103,2817,16104,2819,16105,2821,16106,2823,2824,16107,2826,16108,2828,16109,2830,16110,16111,2833,16112,2835,16113,2837,16114,2839,16115,2841,16116,2843,16117,2845,16118,2847,16119,2849,16120,2851,16121,2853,16122,2855,16123,2857,16124,2859,16125,2861,16126,2863,16127,2865,16128,2867,16129,2869,16130,2871,16131,2873,16132,2875,16133,2877,16134,2879,16135,2881,16136,2883,16137,2885,16138,2887,16139,2889,16140,2891,16141,2893,16142,2895,16143,2897,16144,2899,16145,2901,16146,16147,16148,16149,16150,16151,16152,16153,16154,16155,16156,-6926,16157,16158,16159,16160,16161,16162,16163,16164,16165,16166,16167,16168,16169,16170,16171,16172,16173,16174,16175,16176,16177,-6904,16178,16179,16180,16181,16182,16183,16184,16185,16186,16187,-6893,16188,16189,16190,16191,16192,16193,16194,16195,16196,16197,16198,16199,16200,-6879,16201,16202,16203,16204,16205,16206,16207,16208,16209,16210,16211,-3468,16212,16213,16214,-3464,16215,16216,16217,-3460,16218,-11333,-11332,-11331,-11330,-11329,-11328,-3452,-11327,-11326,-11325,-11324,-11323,-11322,-11321,-11320,-11319,-11318,-3441,-11317,-11316,-11315,-3437,-11314,-11313,-11312,-11311,-11310,-11309,-11308,-11307,-11306,-11305,-11304,-11303,-11302,-11301,-11300,-11299,-11298,-11297,-11296,-11295,-11294,-11293,-11292,-11291,-11290,-11289,-11288,-11287,-11286,-11285,-11284,-11283,-11282,-11281,-11280,-11279,-11278,-11277,-11276,-11275,-11274,-11273,-11272,-11271,-11270,-11269,-11268,-11267,-11266,-11265,-11264,-11263,-11262,-11261,-11260,-11259,-11258,-11257,-11256,-11255,-11254,-11253,-11252,-11251,-11250,-11249,-11248,-11247,-11246,-11245,3940,-11244,-11243,-11242,-11241,-11240,-11239,-11238,-11237,-11236,-11235,-11234,-11233,-11232,-11231,-11230,-11229,-11228,-11227,-11226,-11225,-11224,-11223,-11222,-11221,-11220,-11219,-11218,-11217,-11216,-11215,-11214,-11213,-11212,-11211,-11210,-11209,-11208,-11207,-11206,-11205,-11204,3498,-11203,-11202,-11201,-11200,-11199,-11198,-11197,-11196,-11195,-11194,-11193,-11192,-11191,-11190,-11189,-11188,-11187,-11186,-11185,-11184,-11183,-11182,-11181,-11180,-11179,3524,-11178,-11177,-11176,-11175,-11174,-11173,-11172,-11171,-11170,-11169,-11168,-11167,-11166,-11165,-11164,-11163,-11162,-11161,-11160,-11159,-11158,-11157,-11156,-11155,-11154,-14145,-14144,-14143,-14142,-14141,-14140,-14139,-14138,-14137,-14136,6570,-14135,-14134,-14133,-14132,-14131,-14130,-14129,-14128,-14127,-14126,-14125,-14124,-14123,-14122,-14121,-14120,-14119,-14118,-14117,-14116,-14115,-14114,-14113,-14112,-14111,-14110,-14109,-14108,-14107,-14106,-14105,-14104,-14103,-14102,-14101,-14100,-14099,-14098,-14097,-14096,-14095,-14094,-14093,-14092,-14091,-14090,-14089,-14088,-14087,6157,-14086,-14085,-14084,-14083,-14082,-14081,-14080,-14079,-14078,6167,-14077,-14076,-14075,-14074,-14073,-14072,-14071,-14070,-14069,-14068,-14067,-14066,16219,16220,16221,16222,16223,16224,16225,16226,16227,16228,16229,16230,16231,16232,16233,16234,16235,16236,16237,16238,16239,16240,16241,16242,16243]],"type":"Polygon","properties":{"d":"6"}},{"arcs":[[-11135,-11134,-11133,-11132,-11131,-11130,-11129,-11128,-11127,-11126,-11125,-11124,-11123,-11122,-11121,-11120,-11119,-11118,-11117,-11116,5085,-11115,-11114,-11113,-11112,-11111,-11110,-11109,-11108,-11107,-11106,-11105,-15342,-15341,-15340,-15339,-15338,-15337,-15336,-15335,-15334,-15333,-15332,-15331,-15330,-15329,-15328,-15327,-15326,199,-15325,-15324,-15323,16244,16245,16246,16247,16248,16249,16250,16251,16252,16253,16254,16255,16256,16257,16258,16259,16260,16261,16262,16263,16264,16265,16266,16267,16268,16269,16270,16271,16272,16273,16274,16275,16276,16277,16278,16279,16280,16281,16282,16283,16284,16285,16286,246,16287,16288,16289,16290,16291,-6811,16292,16293,16294,16295,16296,16297,16298,16299,16300,-6801,16301,16302,16303,16304,16305,16306,16307,16308,16309,16310,16311,16312,16313,16314,16315,16316,16317,16318,16319,16320,16321,16322,16323,16324,16325,16326,16327,16328,16329,16330,193,194,45,46]],"type":"Polygon","properties":{"d":"28"}},{"arcs":[[[-14626,-14625,-14624,-14623,-14622,-14621,-14620,-14619,-14618,-14617,-14616,-14615,-14614,-14613,-14612,-14611,-14610,-14609,-14608,-14607,-14606,-14605,-14604,-14603,-14602,-14601,-14600,-14599,-14598,-14597,-14596,-14595,-14594,-14593,-14592,-14591,-14590,-14589,-14588,-14587,-14586,-14585,-14584,-14583,-14582,-14581,-14580,-14579,-14578,-14577,-14576,-14575,-14574,-14573,-14572,-14571,-14570,-14569,-14568,-14567,-14566,-14565,982,-14564,984,-14563,-14562,-14561,-14560,-14559,-14558,-14557,-14556,-14555,-14554,-14553,-14552,-14551,-14550,-14549,-14548,-14547,-14546,-14545,-14544,-14543,-14542,-14541,-14540,-14539,-14538,-14537,-14536,-14535,-14534,-14533,-14532,-14531,-14530,-14529,-14528,-14527,-14526,-14525,-14524,-14523,-14522,-14521,-14520,-14519,-14518,-14517,-14516,-14515,-14514,-14513,-14512,-14511,1038,-14510,-14509,-14508,-14507,-14506,-14505,-14504,-14503,-14502,-14501,-14500,-14499,-14498,-14497,-14496,-14495,-14494,-14493,-14492,-14491,-14490,-14489,-14488,-14487,-14486,-14485,-14484,-14483,-14482,-14481,-14480,-14479,-14478,-14477,-14476,-14475,-14474,-14473,-14472,-14471,1079,-14470,-14469,-14468,-14467,-14466,-14465,-14464,-14463,-14462,-14461,-14460,-14459,-14458,-14457,-14456,-14455,-14454,-14453,-14452,-14451,-14450,-14449,-14448,-14447,-14446,-14445,-14444,-14443,-14442,-14441,-14440,-14439,-14438,-14437,-14436,-14435,-14434,-14433,-14432,-14431,-14430,-14429,-14428,-14427,-14426,-14425,-14424,-14423,-14422,-14421,-14420,-14419,-14418,-14417,-14416,-14415,-14414,-14413,-14412,-14411,-14410,-14409,-14408,-14407,-14406,-14405,-14404,-14403,-14402,-14401,-14400,-14399,-14398,-14397,-14396,-14395,-14394,-14393,-14392,-14391,-14390,-14389,-14388,-14387,-14386,-14385,-14384,-14383,-14382,-14381,-14380,-14379,-14378,-14377,-14376,-14375,-14374,-14373,-14372,-14371,-14370,-14369,-14368,-14367,-14366,-14365,-14364,-14363,-14362,-14361,-14360,-14359,-14358,-14357,-14356,-14355,-14354,-14353,-14352,-14351,-14350,-14349,-14348,-14347,-14346,-14345,-14344,-14343,-14342,-14341,-14340,-14339,-14338,-14337,-14336,-14335,-14334,-14333,-14332,-14331,-14330,-14329,-14328,-14327,-14326,-14325,-14324,-14323,-14322,-14321,-14320,-14319,-14318,-14317,-14316,-14315,-14314,-14313,-14312,-14311,-14310,-14309,-14308,-14307,-14306,-14305,-14304,-14303,-14302,-14301,-14300,-14299,-14298,-14297,-14296,-14295,-14294,-14293,-14292,-14291,-14290,-14289,-14288,-14287,-14286,-14285,-14284,-14283,-14282,-14281,-14280,-14279,-14278,-14277,-14276,-14275,-14274,-14273,-14272,-14271,-14270,-14269,-14268,-14267,-14266,-14265,-14264,-14263,-14262,-14261,-14260,-14259,-14258,-14257,-14256,-14255,-14254,-14253,-14252,-14251,-14250,-14249,-14248,-14247,-14246,-14245,-14244,-14243,-14242,-14241,-14240,-14239,-14238,-14237,-14236,-14235,-14234,-14233,-14232,-14231,-14230,-14229,-14228,-14227,-14226,-14225,-14224,-14223,-14222,-14221,-14220,-2389,-14219,-14218,-14217,-14216,-14215,-14214,-14213,-14212,-2380,-14211,-14210,-14209,-14208,-14207,-14206,-14205,-14204,-14203,-14202,-14201,-14200,-14199,-14198,-14197,-14196,-14195,-14194,-4230,-14193,-4228,-14192,16331,16332,-4224,16333,16334,16335,16336,16337,16338,16339,16340,-4215,16341,16342,16343,16344,16345,16346,16347,16348,16349,16350,16351,16352,16353,16354,16355,16356,16357,16358,16359,16360,16361,16362,16363,16364,16365,9152,16366,16367,16368,16369,16370,16371,16372,16373,16374,16375,16376,16377,16378,16379,16380,16381,16382,16383,16384,16385,16386,16387,16388,16389,16390,16391,16392,16393,16394,16395,16396,16397,16398,16399,16400,16401,16402,16403,16404,16405,16406,16407,16408,16409,16410,16411,16412,16413,16414,16415,16416,16417,16418,16419,16420,16421,16422,16423,16424,-14963,-14962,-14961,-14960,-14959,-14958,-14957,-14956,-14955,-14954,-14953,-14952,-14951,-14950,-14949,-14948,-14947,-14946,-14945,-14944,-14943,-14942,-14941,-14940,-14939,-14938,-14937,-14936,-14935,-14934,-14933,-14932,-14931,-14930,-14929,-14928,-14927,-14926,-14925,-14924,-14923,-14922,-14921,-14920,-14919,-14918,-14917,-14916,-14915,-14914,-14913,-14912,-14911,-14910,-14909,-14908,-14907,-14906,-14905,-14904,-14903,-14902,-14901,-14900,-14899,-14898,-14897,-14896,-14895,-14894,-14893,-14892,-14891,-14890,-14889,-14888,-14887,-14886,-14885,-14884,-14883,-14882,-14881,-14880,-14879,-14878,-14877,-14876,-14875,-14874,16425,16426,16427,16428,16429,16430,16431,16432,16433,16434,16435,16436,16437,16438,16439,16440,16441,16442,16443,16444,16445,16446,16447,16448,16449,16450,16451,16452,16453,16454,16455,16456,16457,16458,16459,16460,16461,16462,16463,16464,16465,16466,907,16467,16468,16469,16470,16471,16472,-12732,-12731,1907,1908,914,915,-14630,-14629,-14628,-14627]],[[1576]]],"type":"MultiPolygon","properties":{"d":"11"}},{"arcs":[[16473,16474,16475,16476,16477,16478,16479,16480,2225,16481,16482,16483,2229,16484,2231,16485,16486,16487,16488,16489,16490,2238,16491,2240,16492,16493,16494,16495,16496,16497,16498,16499,16500,16501,16502,16503,16504,16505,16506,16507,16508,16509,16510,16511,16512,16513,16514,16515,16516,16517,16518,16519,16520,16521,16522,16523,16524,16525,16526,16527,16528,16529,16530,16531,16532,16533,16534,16535,16536,16537,16538,16539,16540,16541,16542,16543,16544,16545,16546,16547,16548,16549,16550,16551,16552,16553,-6751,16554,16555,16556,16557,16558,16559,16560,16561,16562,16563,16564,16565,2333,2334,2335,16566,16567,16568,16569,16570,16571,16572,16573,16574,-2070,16575,-2068,16576,16577,16578,16579,16580,16581,16582,16583,16584,16585,16586,16587,16588,16589,16590,16591,16592,-5904,16593,16594,16595,-5900,16596,16597,16598,16599,16600]],"type":"Polygon","properties":{"d":"37"}},{"arcs":[[-12764,-12763,-12762,4771,4772,4773,4774,4775,-15115,-15114,-4755,-15113,-15112,-15111,-15110,-15109,-15108,-15107,-15106,-15105,-15104,-15103,-15102,-15101,-15100,-15120,-15119,-15118,-15117,-15116,4760,4761,4762]],"type":"Polygon","properties":{"d":"18"}},{"arcs":[[-12823,-12822,-12821,-12820,-12819,-12818,-12817,-12816,-12815,-12814,-12813,-12812,-12811,-12810,-12809,-12808,-12807,-12806,-12805,-12804,8426,-12803,-12802,-12801,-12800,-12799,-12798,-12797,-12796,-12795,16601,4686,16602,4688,16603,4690,16604,4692,16605,4694,16606,4696,3334,16607,3336,3337,16608,3339,16609,3341,16610,3343,16611,3346,16612,3144,16613,16614,3147,16615,16616,3150,16617,16618,3153,16619,16620,3156,16621,3158,16622,16623,16624,16625,16626,3164,16627,3166,3167,16628,3169,16629,3171,16630,16631,3174,16632,3176,16633,16634,16635,16636,3181,16637,16638,16639,3185,16640,3187,16641,3189,16642,3191,16643,16644,3194,16645,16646,16647,16648,3199,16649,16650,16651,16652,16653,3205,16654,16655,16656,3209,16657,3211,16658,3213,16659,16660,3216,16661,16662,16663,3220,16664,16665,3223,16666,3225,16667,16668,3228,16669,3230,16670,9688,16671,16672,16673,16674,16675,16676,16677,16678,16679,16680,9699,16681,16682,16683,16684,16685,16686,16687,16688,16689,16690,16691,16692,16693,16694,16695,16696,16697,16698,16699,16700,16701,16702,16703,16704,16705,9725,16706,16707,16708,16709,16710,16711,16712,16713,16714,16715,16716,16717,16718,16719,16720,16721,16722,16723,16724,16725,16726,16727,16728,16729,16730,16731,16732,16733,10846,16734,16735,16736,16737,16738,10852,16739,16740,16741,16742,16743,16744,16745,16746,16747,16748,16749,16750,16751,16752,10867,16753,16754,16755,16756,16757,16758,16759,16760,16761,16762,16763,16764,16765,16766,16767,16768,16769,16770,16771,16772,16773,16774,16775,16776,16777,16778,16779,16780,16781,16782,16783,16784,16785,10901,16786,16787,16788,10905,16789,16790,10908,16791,16792,16793,16794,16795,10914,16796,16797,16798,16799,16800,10920,16801,16802,16803,10924,16804,10926,16805,16806,16807,16808,10931,16809,10933,16810,16811,16812,16813,10938,16814,10940,16815,16816,16817,16818,16819,10946,16820,16821,16822,16823,16824,16825,16826,16827,16828,16829,16830,16831,16832,16833,10961,16834,16835,16836,10965,16837,16838,10968,16839,16840,16841,16842,16843,10974,16844,16845,16846,16847,16848,16849,16850,16851,10983,16852,16853,16854,16855,16856,16857,16858,16859,16860,10993,16861,16862,16863,16864,16865,16866,16867,16868,16869,16870,16871,16872,11006,16873,16874,16875,16876,16877,16878,16879,16880,16881,16882,16883,16884,16885,16886,16887,16888,16889,16890,16891,16892,16893,16894,16895,16896,16897,16898,16899,16900,16901,16902,11037,16903,11039,16904,11041,16905,16906,16907,16908,16909,16910,16911,16912,16913,16914,16915,11053,16916,16917,16918,16919,16920,16921,16922,16923,16924,16925,16926,11065,16927,16928,16929,11069,16930,16931,16932,16933,16934,16935,16936,11077,16937,16938,16939,16940,16941,16942,16943,16944,16945,16946,16947,16948,16949,16950,16951,16952,16953,16954,-6729,-6728,16955,16956,16957,16958,16959,16960,-6721,16961,-6719,16962,16963,-6716,16964,16965,16966,16967,16968,16969,16970,16971,16972,-6706,16973,16974,16975,16976,16977,16978,16979,16980,16981,16982,16983,-6694,16984,16985,16986,16987,16988,16989,-6687,16990,16991,16992,16993,16994,16995,16996,16997,3331,3332,4697,4698,-12824]],"type":"Polygon","properties":{"d":"2"}},{"arcs":[[4704,4705,1944,-15099,-15098,-15097,-15096,-1939,-15095,-15094,-15093,-15092,-15091,-15090,-15089,-15088,-15087,-15086,16998,16999,17000,-15251,-15250,-15249,-15248,-15247,-15246,-15245,-15244,1915,-15243,-15242,-15241,-15240,-15239,-15238,-15237,-15236,-15235,-15234,17001,17002,17003,17004,17005,17006,-1965,17007,17008,17009,17010,4703]],"type":"Polygon","properties":{"d":"20"}},{"arcs":[[-16424,-16423,-16422,-16421,-16420,-16419,-16418,-16417,-16416,-16415,-16414,-16413,-16412,-16411,-16410,-16409,-16408,-16407,-16406,-16405,-16404,-16403,-16402,-16401,-16400,-16399,-16398,-16397,-16396,-16395,-16394,-16393,-16392,-16391,-16390,-16389,-16388,-16387,-16386,-16385,-16384,-16383,-16382,-16381,-16380,-16379,-16378,-16377,-16376,-16375,-16374,-16373,-16372,-16371,-16370,-16369,-16368,-16367,-9153,-16366,-16365,-16364,-16363,-16362,-16361,-16360,-16359,-16358,-16357,-16356,-16355,-16354,-16353,-16352,-16351,-16350,-16349,-16348,-16347,-16346,-16345,-16344,-16343,-16342,4214,-16341,-16340,-16339,-16338,-16337,-16336,-16335,-16334,4223,-16333,-16332,-14191,-14190,-7462,-14189,-14188,-14187,-14186,-14185,-14184,-7455,-14183,-14182,-14181,-14180,-7450,-14179,-7622,-14178,-7620,-14177,-14176,-14175,-14174,-14173,-14172,-14171,-14170,-14169,-14168,-14167,-14166,-14165,-14164,-14163,-14162,-14161,-14160,-14159,-14158,-14157,-14156,-14155,-7596,-14154,-7594,-14153,-14152,-14151,-14150,-14149,-14148,-14147,-14146,-11520,-11519,-11518,-11517,-11516,-11515,-11514,-11513,-11512,-11511,-11510,-11509,-11508,-11507,-11506,-11505,-11504,-11503,-11502,-11501,-11500,-11499,-11498,-11497,-11496,-11495,-11494,-11493,-11492,-11491,-11490,-11489,-11488,-11487,-11486,-11485,-11484,-11483,-11482,-11481,-11480,-11479,-11478,-11477,-11476,-11475,-11474,-11473,-11472,-11471,-11470,-11469,-11468,-11467,-11466,-11465,-11464,-11463,-11462,-11461,-11460,-11459,-11458,-11457,-11456,-11455,-11454,-11453,-11452,-11451,-11450,-11449,-11448,-11447,-11446,-11445,-11444,-11443,-11442,-11441,-11440,-11439,-11438,-11437,-11436,-11435,-11434,-11433,-11432,-11431,-11430,-11429,-11428,-11427,-11426,-11425,-11424,-11423,-11422,-11421,-11420,-11419,-11418,-11417,-11416,-11415,-11414,-11413,-11412,-11411,-11410,-11409,-11408,-11407,-11406,-11405,-11404,-11403,-11402,-11401,-11400,10113,-14632,-14631,-14865,-14864,-14863,-14862,-14861,-14860,-14859,-14858,-14857,-14856,-14855,-14854,-14853,-14852,-14851,-14850,-14849,-14848,-14847,-14846,-14845,-14844,-14843,-14842,10140,-14841,-14840,-14839,-14838,-14837,-14836,10147,-14835,-14834,-14833,-14832,-14831,-14830,-14829,-14828,-14827,-14826,-14825,-14824,-14823,-14822,-14821,-14820,-14819,-14818,-14817,-14816,-14815,-14814,-14813,-14812,-14811,-14810,-14809,-14808,-14807,-14806,-14805,-14804,10180,-14803,-14802,-14801,-14800,-14799,-14798,-14797,-14796,-14795,-14794,-14793,-14792,-14791,-14790,-14789,-14788,-14787,-14786,-14785,-14784,-14783,-14782,-14781,-14780,-14779,-14778,-14777,-14776,-14775,-14774,-14773,-14772,-14771,-14770,-14769,10216,-14768,-14767,-14766,-14765,-14764,-14763,-14762,-14761,-14760,-14759,-14758,-14757,-14756,-14755,-14754,-14753,-14752,-14751,-14750,-14749,-14748,-14747,-14746,-14745,-14744,-14743,-14742,-14741,-14740,-14739,-14738,-14737,-14736,-14735,-14734,-14733,-14732,-14731,-14730,-14729,-14728,-14727,-14726,-14725,-14724,-14723,-14722,-14721,-14720,-14719,-14718,-14717,-14716,-14715,-14714,-14713,-14712,-14711,-14710,-14709,-14708,-14707,-14706,-14705,-14704,-14703,-14702,-14701,-14700,-14699,-14698,-14697,-14696,-14695,-14694,-14693,-14692,-14691,-14690,-14689,-14688,-14687,-14686,-14685,-14684,-14683,-14682,-14681,-14680,-14679,-14678,-14677,-14676,-14675,-14674,-14673,-14672,-14671,-14670,-14669,-14668,-14667,-14666,-14665,-14664,-14663,-14662,-14661,-14660,-14659,-14658,-14657,-14656,-14655,-14654,-14653,-14652,-14651,-14650,-14649,-14648,-14647,-14646,-14645,-14644,-14643,-14642,-14641,-14640,-14639,-14638,-14637,-14636,-14635,-14634,-14633,-13662,-13661,-13660,-13659,-13658,-13657,-13656,-13655,-13654,-13653,-13652,-13651,-13650,-13649,-13648,-13647,-13646,-13645,-13644,-13643,-13642,-13641,-13640,-13639,-13638,-13637,-13636,-13635,-13634,-13633,-13632,-13631,-13630,-13629,-13628,-13627,-13626,-13625,-13624,-13623,-13622,-13621,-13620,-13619,-13618,-13617,-13616,-13615,-13614,-13613,-13612,-13611,-13610,-13609,-13608,-13607,4183,-13606,-13605,-13604,-13603,-13602,-13601,-13600,-13599,-13598,-13597,-13596,-13595,-13594,17011,17012,17013,17014,17015,17016,17017,-9838,17018,17019,17020,17021,17022,-9832,17023,4192,17024,17025,17026,17027,17028,17029,17030,17031,17032,17033,17034,17035,17036,17037,17038,17039,17040,17041,17042,17043,17044,17045,17046,17047,17048,17049,17050,17051,17052,17053,17054,17055,17056,17057,17058,17059,17060,17061,17062,17063,17064,17065,17066,17067,17068,17069,17070,17071,17072,-9785,17073,17074,17075,17076,17077,17078,17079,17080,17081,17082,17083,17084,17085,17086,17087,17088,17089,17090,17091,17092,17093,17094,17095,17096,17097,17098,17099,17100,17101,4829,17102,17103,17104,17105,17106,17107,17108,17109,17110,17111,17112,17113,17114,17115,17116,-11902,-11901,-11900,-11899,-11898,-11897,-11896,-11895,-11894,-11893,-11892,-11891,-11890,-11889,-11888,-14976,-14975,-14974,-14973,-14972,-14971,-14970,-834,-14969,-14968,-14967,-14966,-829,-14965,-14964,-16425]],"type":"Polygon","properties":{"d":"13"}},{"arcs":[[-12747,-12746,-12745,-12744,-12743,-12742,-12741,-12740,-12739,-12738,-12737,-12736,-12735,-12734,17117,17118,17119,17120,17121,17122,17123,17124,17125,17126,17127,17128,17129,17130,17131,17132,17133,5833,17134,17135,17136,17137,17138,17139,17140,17141,5842,17142,871,17143,-15075,-15074,-15073,-15072,-15071,-15070,-15069,-15068,-15067,-15066,-15065,-15064,-15063,-15062,-15061,-15060,-15059,-15058,-15057,-15056,-1863,-15055,-15054,-15053,-15052,-15051,-15050,-15049,-15048,-15047,-15046,-15045,-15044,-15043,1947,-12761,-12760,-12759,-12758,-12757,-12756,-12755,-12754,-12753,1883,-12752,-12751,-12750,-12749,-12748]],"type":"Polygon","properties":{"d":"14"}},{"arcs":[[3656,17144,3658,17145,17146,3661,17147,3663,17148,17149,3666,17150,3668,17151,3670,17152,3672,17153,17154,3675,17155,3677,17156,3679,17157,3681,17158,3683,17159,3685,17160,17161,3688,17162,17163,3691,17164,3693,17165,3695,17166,3697,17167,17168,3700,17169,3702,17170,17171,3705,17172,3707,17173,3709,17174,3711,17175,3713,17176,17177,3716,17178,3718,17179,3720,17180,17181,3723,17182,3725,17183,17184,17185,3729,17186,17187,3732,17188,3734,17189,17190,17191,3738,17192,3740,17193,3742,17194,3744,17195,3746,17196,17197,3749,17198,3751,17199,3753,17200,3755,17201,3757,17202,3759,17203,3761,17204,3763,17205,17206,17207,3767,17208,3769,17209,3771,17210,17211,17212,3775,17213,3777,17214,3779,17215,3781,17216,17217,17218,3785,17219,3787,17220,17221,3790,17222,17223,17224,3794,17225,17226,3797,17227,3799,17228,3801,17229,17230,3804,17231,3806,17232,3808,17233,17234,3811,17235,17236,17237,17238,17239,3817,17240,3819,17241,17242,3822,17243,3824,17244,17245,3827,17246,3829,17247,17248,17249,3833,17250,3835,17251,17252,3838,17253,3840,17254,3842,17255,3844,17256,17257,3847,17258,17259,17260,3851,17261,3853,17262,17263,17264,17265,3858,17266,17267,3861,17268,17269,3864,17270,3866,17271,17272,17273,17274,17275,3872,17276,17277,17278,17279,3877,17280,17281,17282,3881,17283,17284,17285,17286,3886,17287,17288,17289,3890,3891,17290,3893,17291,17292,3896,17293,17294,17295,17296,3901,17297,17298,17299,17300,17301,17302,3908,17303,3910,17304,3912,17305,3914,17306,3916,17307,3918,17308,3920,17309,3922,17310,3924,17311,3926,3927,3367,-11397,6930,-11396,-11395,-11394,6934,-11393,6936,-11392,-11391,-11390,-11389,-11388,-11387,-11386,-11385,-11384,-11383,-11382,-11381,-11380,-11379,-11378,-11377,-11376,-11375,-11374,-11373,-11372,-11371,-11370,-11369,-11368,-11367,-11366,-11365,-11364,-11363,-11362,-11361,-11360,-11359,-11358,-11357,-11356,-11355,-11354,-11353,-11352,-11351,-11350,-11349,-11348,-11347,-11346,-11345,-11344,6857,-11343,-11342,6860,-11341,-11340,-11339,-11338,-11337,-11336,-11335,-11334,-16219,3459,-16218,-16217,-16216,3463,-16215,-16214,-16213,3467,-16212,-16211,3470,17312,17313,17314,17315,17316,17317,17318,17319,17320,17321,17322,17323,17324,17325,-16173,-16172,-16171,-16170,-16169,-16168,-16167,-16166,-16165,-16164,-16163,-16162,-16161,-16160,-16159,-16158,6925,-16157,-16156,-16155,-16154,-16153,-16152,-16151,-16150,-16149,-16148,-16147,3538,17326,3540,17327,3542,17328,3544,17329,3546,17330,3548,17331,3550,17332,3552,17333,3554,17334,3556,17335,3558,17336,3560,17337,3562,17338,3564,17339,3566,17340,3568,17341,3570,17342,3572,17343,3574,17344,3576,17345,17346,3579,17347,3581,17348,3583,17349,3585,17350,3587,17351,3589,17352,3591,17353,3593,17354,3595,17355,3597,17356,3599,17357,3601,17358,3603,17359,3605,17360,3607,17361,3609,17362,3611,17363,3613,17364,3615,17365,3617,17366,3619,17367,3621,17368,3623,17369,3625,17370,3627,17371,3629,17372,3631,17373,3633,17374,3635,17375,3637,17376,3639,17377,3641,17378,17379,3644,17380,3646,17381,3648,17382,3650,17383,3652,17384,3654,17385]],"type":"Polygon","properties":{"d":"4"}},{"arcs":[[[-16998,-16997,-16996,-16995,-16994,-16993,-16992,-16991,6686,-16990,-16989,-16988,-16987,-16986,-16985,6693,-16984,-16983,-16982,-16981,-16980,-16979,-16978,-16977,-16976,-16975,-16974,6705,-16973,-16972,-16971,-16970,-16969,-16968,-16967,-16966,-16965,6715,-16964,-16963,6718,-16962,6720,-16961,-16960,-16959,-16958,-16957,-16956,6727,6728,-16955,-16954,-16953,-16952,-16951,-16950,-16949,-16948,-16947,-16946,-16945,-16944,-16943,-16942,-16941,-16940,-16939,-16938,-11078,-16937,-16936,-16935,-16934,-16933,-16932,-16931,-11070,-16930,-16929,-16928,-11066,-16927,-16926,-16925,-16924,-16923,-16922,-16921,-16920,-16919,-16918,-16917,-11054,-16916,-16915,-16914,-16913,-16912,-16911,-16910,-16909,-16908,-16907,-16906,-11042,-16905,-11040,-16904,-11038,-16903,-16902,-16901,-16900,-16899,-16898,-16897,-16896,-16895,-16894,-16893,-16892,-16891,-16890,-16889,-16888,-16887,-16886,-16885,-16884,-16883,-16882,-16881,-16880,-16879,-16878,-16877,-16876,-16875,-16874,-11007,-16873,-16872,-16871,-16870,-16869,-16868,-16867,-16866,-16865,-16864,-16863,-16862,-10994,-16861,-16860,-16859,-16858,-16857,-16856,-16855,-16854,-16853,-10984,-16852,-16851,-16850,-16849,-16848,-16847,-16846,-16845,-10975,-16844,-16843,-16842,-16841,-16840,-10969,-16839,-16838,-10966,-16837,-16836,-16835,-10962,-16834,-16833,-16832,-16831,-16830,-16829,-16828,-16827,-16826,-16825,-16824,-16823,-16822,-16821,-10947,-16820,-16819,-16818,-16817,-16816,-10941,-16815,-10939,-16814,-16813,-16812,-16811,-10934,-16810,-10932,-16809,-16808,-16807,-16806,-10927,-16805,-10925,-16804,-16803,-16802,-10921,-16801,-16800,-16799,-16798,-16797,-10915,-16796,-16795,-16794,-16793,-16792,-10909,-16791,-16790,-10906,-16789,-16788,-16787,-10902,-16786,-16785,-16784,-16783,-16782,-16781,-16780,-16779,-16778,-16777,-16776,-16775,-16774,-16773,-16772,-16771,-16770,-16769,-16768,-16767,-16766,-16765,-16764,-16763,-16762,-16761,-16760,-16759,-16758,-16757,-16756,-16755,-16754,-10868,-16753,-16752,-16751,-16750,-16749,-16748,-16747,-16746,-16745,-16744,-16743,-16742,-16741,-16740,-10853,-16739,-16738,-16737,-16736,-16735,-10847,-16734,-16733,-16732,-16731,-16730,-16729,-16728,-16727,-16726,-16725,-16724,-16723,-16722,-16721,-16720,-16719,-16718,-16717,-16716,-16715,-16714,-16713,-16712,-16711,-16710,-16709,-16708,-16707,-9726,-16706,-16705,-16704,-16703,-16702,-16701,-16700,-16699,-16698,-16697,-16696,-16695,-16694,-16693,-16692,-16691,-16690,-16689,-16688,-16687,-16686,-16685,-16684,-16683,-16682,-9700,-16681,-16680,-16679,-16678,-16677,-16676,-16675,-16674,-16673,-16672,-9689,-16671,17386,3232,17387,3234,17388,3236,17389,3238,17390,3240,17391,3242,17392,3244,17393,3246,17394,17395,3249,17396,3251,17397,3253,17398,3255,3256,17399,3258,17400,17401,3261,17402,3263,17403,3265,17404,3267,3268,17405,3270,17406,3272,17407,3274,17408,3276,17409,3278,17410,3280,17411,3282,17412,3284,17413,3286,3287,17414,3289,17415,3291,17416,3293,17417,17418,3296,17419,3298,17420,3300,3301,17421,3303,17422,3305,2714,17423,2716,17424,2718,17425,2720,17426,2722,-16056,-16055,-16054,-16053,-16052,-16051,-16050,-16049,-16048,-16047,-16046,-16045,-16044,-16043,-16042,-16041,-16040,-16039,-16038,-16037,-16036,-16035,-16034,-16033,-16032,-16031,-16030,-16029,-16028,-16027,-16026,-16025,-16024,-16023,-16022,-16021,-16020,-16019,-16018,-16017,-16016,-16015,-16014,-16013,-16012,-16011,-16010,-16009,-16008,-16007,-16006,-16005,-16004,-16003,-16002,-16001,-16000,-15999,-15998,-15997,-15996,-15995,-15994,-15993,-15992,-15991,-15990,-15989,-15988,-15987,-15986,-15985,-15984,-15983,-15982,-15981,-15980,-15979,-15978,-15977,-15976,-15975,-15974,-15973,-15972,-15971,-15970,-15969,-15968,-15967,-15966,-15965,-15964,-15963,-15962,-15961,-15960,-15959,-15958,-15957,-15956,-15955,-15954,-15953,-15952,-15951,-15950,-15949,-15948,-15947,-15946,-15945,-15944,-15943,-15942,-15941,-15940,-15939,-15938,-15937,-15936,-15935,-15934,-15933,-15932,-15931,-15930,-15929,-15928,-15927,-15926,-15925,-15924,-15923,-15922,-15921,-15920,-15919,-15918,-15917,-15916,-15915,-15914,-15913,-15912,-15911,-15910,-15909,-15908,-15907,-15906,-15905,-15904,-15903,-15902,-15901,-15900,-15899,-15898,-15897,-15896,-15895,-15894,-15893,-15892,-15891,-15890,-15889,-15888,-15887,-15886,-15885,-15884,-15883,-15882,-15881,-15880,-15879,-15878,-15877,-15876,-15875,-15874,-15873,-15872,-15871,-15870,-15869,-15868,-15867,-15866,-15865,-15864,-15863,-15862,-15861,-15860,-15859,-15858,-15857,-15856,-15855,-15854,-15853,-15852,-15851,-15850,-15849,-15848,-15847,-15846,-15845,-15844,-15843,-15842,-15841,-15840,-15839,-15838,-15837,-15836,-15835,-15834,-15833,-15832,-15831,-15830,-15829,-15828,-15827,-15826,-15825,-15824,-15823,-15822,-15821,-15820,-15819,-15818,-15817,-15816,-15815,-15814,-15813,-15812,-15811,-15810,-15809,-15808,-15807,-15806,-15805,-15804,-15803,-15802,-15801,-15800,-15799,-15798,-15797,-15796,-15795,-15794,-15793,-15792,-15791,-15790,-15789,-15788,-15787,-15786,-15785,-15784,-15783,-15782,-15781,-15780,-15779,-15778,-15777,-15776,-15775,-15774,-15773,-15772,-15771,-15770,-15769,-15768,-15767,-15766,-15765,-15764,-15763,-15762,-15761,-15760,-15759,-15758,-15757,-15756,-15755,-15754,-15753,-15752,-15751,-15750,-15749,-15748,-15747,-15746,-15745,-15744,-15743,-15742,-15741,-15740,-15739,-15738,-15737,-15736,-15735,-15734,-15733,-15732,-15731,-15730,-15729,-15728,-15727,-15726,-15725,-15724,-15723,-15722,-15721,-15720,-15719,-15718,-15717,-15716,-8630,-15715,-15714,-15713,-15712,-15711,-8624,-15710,-15709,-15708,-15707,-15706,-15705,-15704,-15703,-15702,-15701,-15700,-15699,-15698,-15697,-15696,-15695,-15694,-15693,-15692,-15691,-15690,-15689,-15688,-15687,-15686,-15685,-15684,-15683,-15682,-15681,-15680,-15679,-15678,-15677,-15676,-15675,-15674,-15673,-15672,-15671,-15670,-15669,-15668,-15667,-15666,-15665,-15664,-15663,-15662,-15661,-15660,-15659,-15658,-15657,-15656,-15655,-15654,-15653,-15652,-15651,-15650,-15649,-15648,-15647,-15646,-15645,-15644,-15643,-15642,-15641,-15640,-15639,-15638,-15637,-15636,-15635,-15634,-15633,-15632,-15631,-15630,-15629,-15628,-8540,-15627,-15626,-15625,-15624,-15623,-15622,-15621,-15620,-15619,-15618,-15617,-15616,-15615,-15614,-15613,-15612,-15611,-15610,-8521,-15609,-15608,-15607,-15606,-15605,-15604,-15603,-15602,-15601,-15600,-15599,-15598,-15597,-15596,-15595,-15594,-15593,-15592,-15591,-15590,-15589,-15588,-15587,-15586,-15585,-15584,-15583,-15582,-15581,-15580,-15579,-15578,-15577,-15576,-15575,-15574,-15573,-15572,-15571,-15570,-15569,-15568,-15567,-15566,-15565,-15564,-15563,-15562,-15561,-15560,-15559,-15558,-15557,-15556,-15555,-15554,-15553,-15552,-15551,-15550,-15549,-15548,-15547,-15546,-15545,-15544,-15543,-15542,-15541,-15540,-15539,-15538,-15537,-15536,-15535,-15534,-15533,-15532,-15531,-15530,-15529,-15528,-15527,-15526,-15525,-15524,-15523,-15522,-15521,-15520,-15519,-15518,-15517,-15516,-15515,-15514,-15513,-15512,-15511,-15510,-15509,-15508,-15507,-15506,-15505,-15504,-15503,-15502,-15501,-15500,-15499,-15498,-15497,-15496,-15495,-15494,-15493,-6362,-15492,-15491,-15490,-15489,-15488,-15487,-15486,-15485,-15484,-15483,-15482,-15481,-15480,-15479,-15478,-15477,-15476,-15475,-15474,-15473,-15472,-15471,-6339,-15470,-15469,-15468,-15467,-15466,-15465,-15464,-15463,-15462,-15461,-15460,-15459,-15458,-15457,-15456,-15455,-15454,-15453,-15452,-15451,-15450,-6317,-15449,-15448,-15447,-15446,-15445,-15444,-15443,-15442,-15441,-15440,-15439,-15438,-15437,-6303,-15436,-6301,-15435,-15434,-15433,-15432,-15431,-15430,-15429,-15428,-15427,-15426,-15425,-15424,-15423,-15422,-15421,-15420,-15419,-15418,-15417,-15416,-15415,-15414,-15413,-15412,-15411,-15410,-15409,-15408,-15407,-15406,-15405,-15404,-15403,-15402,-15401,-15400,-15399,-15398,-15397,-15396,-15395,-6259,-15394,-15393,-6256,-15392,-15391,-15390,-15389,-15388,-15387,-15386,-15385,-15384,-15383,-15382,-15381,-15380,-15379,-15378,-15377,-15376,-15375,-15374,-15373,-15372,-15371,-15370,-15369,-15368,-15367,-15366,-15365,-15364,-15363,-15362,-15361,-15360,-6222,-15359,-15358,-15357,-15356,-15355,-15354,-15353,-15352,-15351,-15350,-15349,-15348,-15347,-15346,-15345,-15344,-16244,-16243,-16242,-16241,-16240,-16239,-16238,-16237,-16236,-16235,-16234,-16233,-16232,-16231,-16230,-16229,-16228,-16227,-16226,-16225,-16224,-16223,-16222,-16221,-16220,-14065,-14064,-14063,-14062,-14061,-14060,-14059,-14058,-14057,-14056,-14055,-14054,-14053,-14052,-14051,-14050,-14049,-8404,-14048,-8402,-14047,-14046,-14045,-14044,-14043,-14042,-14041,-14040,-14039,-14038,-14037,-14036,-8389,-14035,-14034,-14033,-14032,-14031,-14030,-14029,-8381,-14028,-14027,-14026,-14025,-14024,-14023,-14022,-14021,-14020,-14019,-14018,-14017,-14016,-14015,-14014,-14013,-14012,-14011,-14010,-14009,-14008,-14007,-14006,-14005,-14004,-14003,-14002,-8353,-14001,-8351,-14000,-13999,-8348,-13998,-13997,-13996,-13995,-13994,-8342,-13993,-8340,-13992,-8338,-13991,-13990,-13989,-13988,-13987,-13986,-13985,-13984,-13983,-13982,-13981,-13980,-13979,-8324,-13978,-13977,-13976,-13975,-13974,-8318,-13973,-13972,-13971,-13970,-13969,-13968,-13967,-13966,-13965,-13964,-13963,-13962,-13961,-8304,-13960,-13959,-13958,-13957,-13956,-8298,-13955,-8296,-13954,-13953,-8293,-13952,-13951,-13950,-13949,-13948,-13947,-13946,-8285,-13945,-8283,-13944,-13943,-8280,-13942,-8278,-13941,-13940,-13939,-13938,-13937,-13936,-13935,-13934,-13933,-13932,-13931,-13930,-13929,-13928,-8263,-13927,-13926,-13925,-13924,-8258,2393,3306,3307,3308,3309,3310,3311,3312,3313,3314,3315,3316,3317,3318,3319,3320,3321,3322,3323,3324,3325,3326,3327,3328,3329,3330]],[[3347]],[[3348]],[[3349]]],"type":"MultiPolygon","properties":{"d":"3"}},{"arcs":[[17427,17428,17429,17430,17431,17432,17433,17434,17435,17436,17437,17438,17439,17440,17441,17442,17443,2025,17444,17445,17446,17447,17448,17449,17450,17451,17452,17453,17454,17455,-16599,-16598,-16597,5899,-16596,-16595,-16594,5903,-16593,-16592,-16591,-16590,-16589,-16588,-16587,-16586,-16585,-16584,-16583,-16582,-16581,-16580,-16579,-16578,-16577,2067,-16576,2069,-16575,-16574,-16573,-16572,-16571,-16570,-16569,-16568,-16567,2336,17456,17457,17458,17459,17460,2151,17461,17462,17463,17464,17465,17466,17467]],"type":"Polygon","properties":{"d":"34"}},{"arcs":[[[-16331,-16330,-16329,-16328,-16327,-16326,-16325,-16324,-16323,-16322,-16321,-16320,-16319,-16318,-16317,-16316,-16315,17468,17469,17470,17471,17472,17473,17474,17475,17476,17477,17478,17479,17480,17481,17482,17483,17484,17485,17486,17487,17488,17489,1796,17490,17491,17492,17493,17494,17495,17496,17497,17498,17499,17500,17501,17502,17503,17504,17505,-15130,-15129,-15128,-15127,-15126,-15125,-15124,-15123,-15122,-15121,-15138,-15137,-15136,-15135,1624,1625,1626,1627,1628,1629,1630,1631,1632,1633,1634,1635,1636,1637,1638,1639,1640,1641,1642,1643,1644,1645,1646,1647,1648,1649,1650,1651,1652,1653,1654,1655,1656,1657,1658,1659,1660,1661,1662,1663,1664,1665,1666,1667,1668,1669,1670,1671,1672,1673,1674,1675,1676,1677,1678,1679,1680,1681,1682,1683,1684,1685,1686,1687,1688,1689,1690,1691,1692,1693,1694,1695,1696,1697,1698,1699,1700,1701,1702,1703,1704,1705,1706,1707,1708,1709,1710,1711,1712,1713,1714,1715,1716,1717,1718,1719,1720,1721,1722,1723,1724,1725,1726,1727,1728,1729,1730,1731,1732,1733,1734,1735,1736,1737,1738,1739,1740,1741,1742,1743,1744,1745,1746,1747,1748,1749,1750,1751,1752,1753,1754,1755,1756,1757,1758,1759,1760,1761,1762,1763,1764,1765,1766,1767,1768,1769,1770,1771,1772,1773,1774,1775,1776,1777,1778,1779,1780,1781,1782,1783,1784,1785,1786,1787,1788,1789]],[[1834]],[[1835]],[[1836]],[[1837]],[[1838]],[[1839]],[[1840]],[[1841]],[[1842]],[[1843]],[[1844]],[[1845]],[[1846]],[[1847]],[[1848]],[[1849]],[[1850]]],"type":"MultiPolygon","properties":{"d":"40"}},{"arcs":[[-17011,-17010,-17009,-17008,1964,-17007,-17006,-17005,-17004,-17003,-17002,-15233,-15232,-9981,-15231,-15230,-15229,-15228,-15227,-15226,-15225,-15224,-15223,-15222,-15221,-15220,-15219,-15218,-15217,-15216,-15215,-15214,-15213,-15212,-15211,-15210,-15209,-15208,-15207,-15206,-15205,-15204,-15203,-15202,-15201,-15200,-15199,-15198,-15197,-15196,-15195,-15194,-15193,-6093,-15192,-15191,-15190,-15189,-15188,-15187,-15186,-15185,-15184,-15183,-15182,-15181,-15180,-6079,-15179,-15178,-15177,-15176,-15175,-15174,-15173,-15172,-15171,-15170,-15169,-15168,-15167,-15166,-15165,-15164,-15163,-15162,-15161,-15160,-15159,-15158,-15157,-15156,-15155,-15154,-15153,-15152,-15151,-15150,-15149,-15148,-15147,-15146,-15145,-6132,-15144,-15143,-15142,-15141,-15140,1958,1959]],"type":"Polygon","properties":{"d":"22"}},{"arcs":[[17506,17507,17508,17509,17510,17511,17512,17513,17514,17515,17516,17517,17518,17519,17520,17521,17522,17523,17524,3107,4701,17525,17526,17527,17528,17529,17530,17531,17532,17533,17534]],"type":"Polygon","properties":{"d":"24"}},{"arcs":[[-15319,-15318,289,-15317,-15316,-15315,-15314,-15313,-15312,296,-15311,-15310,-15309,-15308,301,-15307,-15306,-15305,-15304,-15303,-15302,-15301,-15300,-15299,-15298,-15297,-15296,-15295,-15294,-15293,-15292,-15291,-15290,-15289,-15288,-15287,-15286,-15285,-15284,-15283,-15282,-15281,-15280,-15279,-15278,-15277,-15276,-15275,-11983,-11982,-11981,-11980,-11979,-11978,-11977,-11976,-11975,-11974,-11973,-11972,-11971,-11970,-11969,-11968,-11967,-11966,-11965,-11964,-11963,-11962,-11961,-11960,-11959,-11958,-13062,-13061,-13060,-13059,-13058,-13057,-13056,-13055,-13054,-13053,-13052,-13051,-13050,-13049,-13048,-13047,-13046,-13045,598,-13044,-13043,-13042,602,-13041,-13040,-13039,606,-13038,-13037,-13036,610,-13035,612,3102,3103,17535,17536,17537,17538,17539,17540,17541,17542,17543,17544,17545,17546,17547,17548,17549,17550,17551,17552,17553,17554,17555,17556,17557,17558,17559,17560,17561,17562,17563,17564,17565,17566,647,17567,17568,650,17569,17570,-247,-16287,-16286,-16285,-16284,-16283,-16282,-16281,-16280,-16279,-16278,-16277,-16276,-16275,-16274,-16273,-16272,-16271,-16270,-16269,-16268,-16267,-16266,-16265,-16264,-16263,-16262,-16261,-16260,-16259,-16258,-16257,-16256,-16255,-16254,-16253,-16252,-16251,-16250,-16249,-16248,-16247,-16246,-16245,-15322,-15321,-15320]],"type":"Polygon","properties":{"d":"29"}},{"arcs":[[-16289,-16288,-17571,-17570,-651,-17569,-17568,-648,-17567,-17566,-17565,-17564,-17563,-17562,-17561,-17560,-17559,-17558,-17557,-17556,-17555,-17554,-17553,-17552,-17551,-17550,-17549,-17548,-17547,-17546,-17545,-17544,-17543,-17542,-17541,-17540,-17539,-17538,-17537,-17536,3104,3105,3106,-17525,-17524,-17523,-17522,-17521,-17520,-17519,-17518,-17517,-17516,-17515,-17514,-17513,-17512,-17511,-17510,-17509,-17508,17571,17572,17573,17574,17575,17576,17577,17578,17579,17580,17581,17582,17583,-16292,-16291,-16290]],"type":"Polygon","properties":{"d":"31"}},{"arcs":[[17584,17585,17586,17587,17588,17589,17590,17591,17592,17593,17594,17595,2332,-16566,-16565,-16564,-16563,-16562,-16561,-16560,-16559,-16558,-16557,-16556,-16555,6750,-16554,-16553,-16552,-16551,-16550,-16549,-16548,-16547,-16546,-16545,-16544,-16543,-16542,-16541,-16540,-16539,-16538,-16537,-16536,-16535,-16534,-16533,-16532,-16531,-16530,-16529,-16528,-16527,-16526,-16525,-16524,-16523,-16522,-16521,-16520,-16519,-16518,-16517,17596,17597,17598,17599,17600,17601]],"type":"Polygon","properties":{"d":"30"}},{"arcs":[[-16473,-16472,-16471,-16470,-16469,-16468,-908,-16467,-16466,-16465,-16464,-16463,-16462,-16461,-16460,-16459,-16458,-16457,-16456,-16455,-16454,-16453,-16452,-16451,-16450,-16449,-16448,-16447,-16446,-16445,-16444,-16443,-16442,-16441,-16440,-16439,-16438,-16437,-16436,-16435,-16434,-16433,-16432,-16431,-16430,-16429,-16428,-16427,-16426,-14873,-14872,-14871,-14870,-14869,-14868,-14867,-14866,-15042,-15041,-15040,-15039,-15038,-15037,-15036,-15035,-15034,-15033,-15032,-15031,-15030,-15029,-15028,-15027,-15026,-15025,-15024,-15023,-15022,-15021,-706,-15020,-15019,-703,-15018,-15017,-15016,-15015,-15014,-15013,-15012,-15011,-15010,-15009,-15008,-15007,-15006,-15005,-15004,-15003,-15002,-685,-15274,-15273,-15272,-15271,-15270,-15269,-15268,-15267,-15266,-15265,-15264,-15263,-15262,-15261,-15260,-15259,-15258,-15257,-15256,-15255,-15254,-15253,-15252,-17001,-17000,-16999,-15085,-15084,-15083,-15082,-15081,-15080,-15079,-15078,-15077,-15076,-17144,-872,-17143,-5843,-17142,-17141,-17140,-17139,-17138,-17137,-17136,-17135,-5834,-17134,-17133,-17132,-17131,-17130,-17129,-17128,-17127,-17126,-17125,-17124,-17123,-17122,-17121,-17120,-17119,-17118,-12733]],"type":"Polygon","properties":{"d":"23"}},{"arcs":[[-17484,17602,6031,17603,17604,17605,17606,17607,17608,17609,17610,17611,17612,17613,17614,17615,17616,17617,17618,17619,17620,6050,17621,17622,17623,17624,17625,17626,17627,17628,17629,17630,17631,17632,-2026,-17444,-17443,-17442,-17441,-17440,-17439,-17438,-17437,-17436,-17435,-17434,-17433,-17432,-17431,-17430,-17429,-17428,-17468,-17467,-17466,-17465,-17464,-17463,-17462,-2152,-17461,-17460,17633,17634,17635,-2119,17636,17637,17638,17639,17640,17641,-2112,17642,17643,17644,17645,17646,17647,17648,17649,17650,17651,17652,17653,17654,17655,17656,17657,17658,17659,17660,17661,17662,17663,17664,17665,17666,2201,17667,17668,17669,17670,17671,17672,17673,17674,17675,17676,17677,2213,17678,17679,17680,17681,17682,2219,17683,17684,1808,17685,17686,17687,17688,17689,17690,17691,17692,-17494,-17493,-17492,-17491,-1797,-17490,-17489,-17488,-17487,-17486,-17485]],"type":"Polygon","properties":{"d":"39"}},{"arcs":[[17693,17694,17695,17696,17697,17698,17699,17700,17701,17702,17703,-17589,-17588,-17587,-17586,-17585,-17602,17704,17705,17706,17707,17708,17709,17710,-16476,-16475,-16474,-16601,-16600,-17456,-17455,-17454,-17453,-17452,-17451,-17450,-17449,-17448,-17447,-17446,-17445,-17633,-17632,-17631,-17630,-17629,-17628,-17627,-17626,-17625,-17624,-17623,-17622,-6051,-17621,-17620,-17619,-17618,-17617,-17616,-17615,-17614,-17613,-17612,-17611,-17610,-17609,-17608,-17607,-17606,-17605,-17604,-6032,-17603,-17483,-17482,-17481,-17480,-17479,-17478,-17477,-17476,-17475,-17474,-17473,-17472,-17471,-17470,-17469,-16314,-16313,-16312,-16311,-16310,-16309,-16308]],"type":"Polygon","properties":{"d":"35"}},{"arcs":[[-16296,-16295,-16294,-16293,6810,-17584,-17583,-17582,-17581,-17580,-17579,-17578,-17577,-17576,-17575,-17574,-17573,-17572,-17507,-17535,-17534,-17533,-17532,-17531,-17530,-17529,-17528,-17527,-17526,4702,2330,2331,-17596,-17595,-17594,-17593,-17592,-17591,-17590,-17704,-17703,-17702,-17701,-17700,-17699,-17698,-17697,-17696,-17695,-17694,-16307,-16306,-16305,-16304,-16303,-16302,6800,-16301,-16300,-16299,-16298,-16297]],"type":"Polygon","properties":{"d":"26"}},{"arcs":[[-17709,-17708,-17707,-17706,-17705,-17601,-17600,-17599,-17598,-17597,-16516,-16515,-16514,-16513,-16512,-16511,-16510,-16509,-16508,-16507,-16506,-16505,-16504,-16503,-16502,-16501,-16500,-16499,-16498,-16497,-16496,-16495,-16494,-16493,-2241,-16492,-2239,-16491,-16490,-16489,-16488,-16487,-16486,-2232,-16485,-2230,-16484,-16483,-16482,-2226,-16481,-16480,-16479,-16478,-16477,-17711,-17710]],"type":"Polygon","properties":{"d":"32"}},{"arcs":[[-17325,-17324,-17323,-17322,-17321,-17320,-17319,-17318,-17317,-17316,-17315,-17314,-17313,-3471,-16210,-16209,-16208,-16207,-16206,-16205,-16204,-16203,-16202,6878,-16201,-16200,-16199,-16198,-16197,-16196,-16195,-16194,-16193,-16192,-16191,-16190,-16189,6892,-16188,-16187,-16186,-16185,-16184,-16183,-16182,-16181,-16180,-16179,6903,-16178,-16177,-16176,-16175,-16174,-17326]],"type":"Polygon","properties":{"d":"5"}},{"arcs":[[-17065,-17064,-17063,-17062,-17061,-17060,-17059,-17058,-17057,-17056,-17055,-17054,-17053,-17052,-17051,-17050,-17049,-17048,-17047,-17046,-17045,-17044,-17043,-17042,-17041,-17040,-17039,-17038,-17037,-17036,-17035,-17034,-17033,-17032,-17031,-17030,-17029,-17028,-17027,-17026,-17025,-4193,-17024,9831,-17023,-17022,-17021,-17020,-17019,9837,-17018,-17017,-17016,-17015,-17014,-17013,-17012,-13593,-13592,-13591,-13590,-13589,-13588,-13587,-13586,-13585,-13584,-13583,-13582,-13581,-13580,-13579,-13578,-13577,-13576,-13575,-13574,-13573,-13572,-13571,-13570,-13569,-13568,-13567,-13566,-13565,-13564,-13563,-13562,-13561,-13560,-13559,-13558,-13557,-13556,-13555,4924,-13554,-13553,-13552,-13551,-13550,4930,-13549,-13548,-13547,-13546,-13545,-13544,-13543,-13542,-13541,-13540,-13539,-13538,-13537,-13536,-13535,-13534,-13533,-13532,-13531,-13530,-13529,-13528,-13527,-13526,4955,-13525,-13524,-13523,-13522,-13521,-13520,4962,-13519,-13518,-13517,-13516,-13923,4977,-13922,-13921,-13920,-13919,-13918,-13917,-13916,-13915,-13914,-13311,-13515,-13514,-13513,-13512,-11903,-17117,-17116,-17115,-17114,-17113,-17112,-17111,-17110,-17109,-17108,-17107,-17106,-17105,-17104,-17103,-4830,-17102,-17101,-17100,-17099,-17098,-17097,-17096,-17095,-17094,-17093,-17092,-17091,-17090,-17089,-17088,-17087,-17086,-17085,-17084,-17083,-17082,-17081,-17080,-17079,-17078,-17077,-17076,-17075,-17074,9784,-17073,-17072,-17071,-17070,-17069,-17068,-17067,-17066]],"type":"Polygon","properties":{"d":"15"}},{"arcs":[[-17686,-1809,-17685,-17684,-2220,-17683,-17682,-17681,-17680,-17679,-2214,-17678,-17677,-17676,-17675,-17674,-17673,-17672,-17671,-17670,-17669,-17668,-2202,-17667,-17666,-17665,-17664,-17663,-17662,-17661,-17660,-17659,-17658,-17657,-17656,-17655,-17654,-17653,-17652,-17651,-17650,-17649,-17648,-17647,-17646,-17645,-17644,-17643,2111,-17642,-17641,-17640,-17639,-17638,-17637,2118,-17636,-17635,-17634,-17459,-17458,-17457,2337,3096,-15139,3098,-15134,-15133,-15132,-15131,-17506,-17505,-17504,-17503,-17502,-17501,-17500,-17499,-17498,-17497,-17496,-17495,-17693,-17692,-17691,-17690,-17689,-17688,-17687]],"type":"Polygon","properties":{"d":"36"}}]},"hd":{"type":"GeometryCollection","geometries":[{"arcs":[[-16714,-16713,-16712,-16711,-16710,-16709,-16708,-16707,-9726,-16706,-16705,-16704,-16703,-16702,-16701,-16700,-16699,-16698,-16697,-16696,-16695,-16694,-16693,-16692,-16691,-16690,-16689,-16688,-16687,-16686,-16685,-16684,-16683,-16682,-9700,-16681,-16680,-16679,-16678,-16677,-16676,-16675,-16674,-16673,-16672,-9689,-16671,17386,3232,17387,3234,17388,3236,17389,3238,17390,3240,17391,3242,17392,3244,17393,3246,17394,17395,3249,17396,3251,17397,3253,17398,3255,3256,17399,3258,17400,17711,17712,17713,17714,17715,17716,17717,17718,17719,17720,17721,17722,17723,17724,17725,17726,17727,17728,17729,17730,17731,17732,17733,17734,17735,17736,17737,17738,17739,17740,17741,17742,17743,17744,17745,17746,17747,17748,17749,17750,17751,17752,17753,17754,17755,17756,17757,17758,17759,17760,17761,17762,17763,17764,17765,17766,17767,17768,17769,17770,17771,17772,17773,17774,17775,17776,17777,17778,17779,17780,17781,17782,17783,17784,17785,17786,17787,17788,17789,17790,17791,17792,17793,17794,17795,17796,17797,17798,17799,17800,17801,17802,17803,17804,17805,17806,17807,17808,17809,17810,17811,17812,17813,17814,17815,17816,17817,17818,17819,17820,17821,17822,17823,17824,17825,17826,17827,17828,17829,17830,17831,17832,17833,17834,17835,17836,17837,17838,17839,17840,17841,17842,17843,17844,17845,17846,-9010,17847,17848,17849,17850,17851,17852,17853,17854,17855,17856,17857,17858,17859,17860,17861,17862,17863,17864,17865,17866,17867,17868,17869,17870,17871,17872,17873,17874,17875,17876,17877,17878,17879,17880,17881,17882,17883,17884,17885,17886,17887,17888,17889,17890,17891,17892,17893,17894,17895,17896,17897,17898,17899,17900,17901,17902,17903,17904,17905,17906,17907,17908,17909,17910,17911,17912,17913,-16715]],"type":"Polygon","properties":{"d":"8"}},{"arcs":[[[13923,13924,13925,13926,8262,13927,13928,13929,13930,13931,13932,13933,13934,13935,13936,13937,13938,13939,13940,8277,13941,8279,13942,13943,8282,13944,8284,13945,13946,13947,13948,13949,13950,13951,8292,13952,13953,8295,13954,8297,13955,13956,13957,13958,13959,8303,13960,13961,13962,13963,13964,13965,13966,13967,13968,13969,13970,13971,13972,8317,13973,13974,13975,13976,13977,8323,13978,13979,13980,13981,13982,13983,13984,13985,13986,13987,13988,13989,13990,8337,13991,8339,13992,8341,13993,13994,13995,13996,13997,8347,13998,13999,8350,14000,8352,14001,14002,14003,14004,14005,14006,14007,14008,14009,14010,14011,14012,14013,14014,14015,14016,14017,14018,14019,14020,14021,14022,14023,14024,14025,14026,14027,8380,14028,14029,14030,14031,14032,14033,14034,8388,14035,14036,14037,14038,14039,14040,14041,14042,14043,14044,14045,14046,8401,14047,8403,14048,14049,14050,14051,14052,14053,14054,14055,14056,14057,14058,14059,14060,14061,14062,14063,14064,16219,16220,16221,16222,16223,16224,16225,16226,16227,16228,16229,16230,16231,16232,16233,16234,16235,16236,16237,16238,16239,16240,16241,16242,16243,15343,15344,15345,15346,15347,15348,15349,15350,15351,15352,15353,15354,15355,15356,15357,15358,6221,15359,15360,15361,15362,15363,15364,15365,15366,15367,15368,15369,15370,15371,15372,15373,15374,15375,15376,15377,15378,15379,15380,15381,15382,15383,15384,15385,15386,15387,15388,15389,15390,15391,6255,15392,15393,6258,15394,15395,15396,15397,15398,15399,15400,15401,15402,15403,15404,15405,15406,15407,15408,15409,15410,15411,15412,15413,15414,15415,15416,15417,15418,15419,15420,15421,15422,15423,15424,15425,15426,15427,15428,15429,15430,15431,15432,15433,15434,6300,15435,6302,15436,15437,15438,15439,15440,15441,15442,15443,15444,15445,15446,15447,15448,6316,15449,15450,15451,15452,15453,15454,15455,15456,15457,15458,15459,15460,15461,15462,15463,15464,15465,15466,15467,15468,15469,6338,15470,15471,15472,15473,15474,15475,15476,15477,15478,15479,15480,15481,15482,15483,15484,15485,15486,15487,15488,15489,15490,15491,6361,15492,15493,15494,15495,15496,15497,15498,15499,15500,15501,15502,15503,15504,15505,15506,15507,15508,15509,15510,15511,15512,15513,15514,15515,15516,15517,15518,15519,15520,15521,15522,15523,15524,15525,15526,15527,15528,15529,15530,15531,15532,15533,15534,15535,15536,15537,15538,15539,15540,15541,15542,15543,15544,15545,15546,17914,17915,17916,17917,17918,17919,17920,17921,17922,17923,17924,17925,17926,17927,17928,17929,17930,17931,17932,17933,17934,17935,17936,17937,17938,17939,17940,17941,17942,17943,17944,17945,17946,17947,17948,17949,17950,17951,17952,17953,17954,17955,17956,17957,17958,17959,17960,17961,17962,17963,17964,17965,17966,17967,17968,17969,17970,17971,17972,17973,17974,17975,17976,17977,17978,17979,17980,17981,17982,17983,17984,17985,17986,17987,17988,17989,17990,17991,17992,17993,17994,17995,17996,17997,17998,17999,18000,18001,18002,18003,18004,18005,18006,18007,18008,18009,18010,18011,18012,18013,18014,18015,18016,18017,18018,18019,18020,18021,18022,18023,18024,18025,18026,18027,18028,18029,18030,18031,18032,18033,18034,18035,18036,18037,18038,18039,18040,18041,18042,18043,18044,18045,18046,18047,18048,18049,18050,18051,18052,18053,18054,18055,18056,18057,18058,18059,18060,18061,18062,18063,18064,18065,14142,18066,-14141,18067,-14139,18068,18069,18070,18071,18072,18073,18074,18075,18076,18077,18078,18079,18080,18081,18082,18083,18084,18085,18086,18087,18088,18089,18090,18091,18092,18093,18094,18095,18096,18097,18098,18099,18100,18101,18102,18103,18104,-7503,18105,18106,18107,18108,18109,18110,18111,18112,18113,18114,18115,18116,18117,18118,18119,18120,18121,18122,18123,18124,18125,18126,18127,18128,18129,18130,18131,18132,18133,18134,18135,18136,18137,18138,18139,18140,18141,18142,14465,14466,14467,14468,14469,-1080,14470,14471,14472,14473,14474,14475,14476,14477,14478,14479,14480,14481,14482,14483,14484,14485,14486,14487,14488,14489,14490,14491,14492,14493,14494,14495,14496,14497,14498,14499,14500,14501,14502,14503,14504,14505,14506,14507,14508,14509,-1039,14510,14511,14512,14513,14514,14515,14516,14517,14518,14519,14520,14521,14522,14523,14524,14525,14526,14527,14528,14529,14530,14531,14532,14533,14534,14535,14536,14537,14538,14539,14540,14541,14542,14543,14544,14545,14546,14547,14548,14549,14550,14551,14552,14553,14554,14555,14556,14557,14558,14559,14560,14561,14562,-985,14563,-983,14564,14565,14566,14567,14568,14569,14570,14571,14572,14573,14574,14575,14576,14577,14578,14579,14580,14581,14582,14583,14584,14585,14586,14587,14588,14589,14590,14591,14592,14593,14594,14595,14596,14597,14598,14599,14600,14601,14602,14603,14604,14605,14606,14607,14608,14609,14610,14611,14612,14613,14614,14615,14616,14617,14618,14619,14620,14621,14622,14623,14624,14625,14626,14627,14628,14629,2392,8257]],[[3093]],[[3094]],[[3095]]],"type":"MultiPolygon","properties":{"d":"22"}},{"arcs":[[4627,12764,4629,12765,4631,12766,4633,12767,12768,4636,-9685,18143,18144,18145,18146,18147,18148,18149,18150,18151,18152,18153,18154,18155,18156,18157,-9669,18158,18159,18160,18161,-9664,18162,18163,18164,18165,-9659,18166,18167,18168,18169,18170,18171,18172,18173,18174,18175,18176,18177,18178,18179,18180,18181,18182,18183,18184,18185,18186,18187,18188,18189,18190,-9633,18191,18192,18193,18194,18195,18196,18197,18198,18199,18200,18201,18202,18203,18204,-9618,18205,18206,18207,18208,18209,18210,-9611,18211,18212,18213,18214,18215,18216,18217,18218,-9602,18219,18220,18221,-9598,18222,18223,18224,18225,18226,18227,18228,18229,18230,18231,18232,18233,18234,18235,18236,18237,18238,18239,18240,18241,18242,18243,18244,-9574,18245,18246,18247,18248,18249,18250,18251,18252,18253,18254,18255,18256,18257,18258,18259,18260,18261,-9556,18262,18263,18264,18265,18266,18267,18268,18269,18270,18271,18272,18273,18274,-9542,18275,18276,18277,18278,18279,18280,18281,18282,18283,18284,18285,-9530,18286,18287,18288,18289,18290,18291,18292,18293,18294,18295,18296,18297,18298,18299,-9515,18300,18301,18302,18303,18304,18305,18306,18307,18308,18309,18310,18311,18312,18313,18314,18315,18316,18317,18318,18319,18320,18321,18322,18323,18324,18325,18326,18327,18328,18329,18330,18331,18332,18333,18334,18335,18336,18337,18338,18339,18340,18341,18342,18343,18344,18345,18346,18347,18348,18349,18350,18351,-9462,18352,-9460,18353,18354,18355,18356,18357,18358,18359,18360,18361,18362,18363,18364,18365,18366,18367,18368,18369,18370,18371,18372,18373,18374,18375,18376,18377,18378,18379,18380,18381,18382,18383,18384,18385,18386,18387,18388,18389,18390,18391,18392,18393,18394,18395,18396,18397,18398,18399,18400,18401,18402,18403,18404,18405,18406,18407,18408,18409,18410,18411,18412,18413,18414,18415,18416,18417,18418,18419,18420,18421,18422,18423,18424,18425,18426,18427,18428,18429,18430,18431,18432,18433,18434,18435,18436,18437,18438,18439,18440,18441,18442,18443,18444,18445,18446,18447,18448,18449,18450,18451,18452,18453,18454,18455,18456,18457,18458,18459,18460,18461,18462,18463,18464,18465,18466,18467,18468,18469,18470,18471,18472,18473,18474,18475,18476,18477,18478,18479,18480,18481,18482,18483,18484,18485,18486,18487,18488,18489,18490,18491,18492,18493,18494,18495,18496,18497,18498,18499,18500,18501,18502,18503,18504,18505,18506,18507,18508,18509,18510,18511,18512,18513,18514,18515,18516,18517,18518,18519,18520,18521,18522,18523,18524,18525,18526,18527,18528,18529,18530,18531,18532,18533,18534,18535,18536,18537,18538,18539,18540,18541,18542,18543,18544,18545,18546,18547,18548,18549,18550,18551,18552,18553,18554,18555,18556,18557,18558,18559,18560,18561,18562,18563,18564,18565,18566,-9245,18567,18568,18569,18570,18571,18572,18573,18574,18575,18576,-9234,18577,18578,18579,-9230,18580,-9228,18581,-9226,18582,4344,12879,4346,12880,4348,12881,12882,4351,12883,12884,4354,12885,12886,4357,12887,4359,12888,12889,4362,12890,4364,12891,4366,12892,4368,12893,4370,12894,4372,12895,4374,12896,4376,12897,12898,12899,4380,12900,4382,12901,4384,12902,4386,12903,4388,12904,4390,12905,12906,4393,12907,4395,12908,4397,12909,4399,12910,4401,4402,12911,4404,12912,4406,12913,4408,12914,4410,12915,4412,12916,4414,12917,4416,12918,4418,12919,4420,12920,4422,12921,4424,12922,4426,12923,4428,12924,4430,12925,4432,12926,4434,12927,4436,12928,4438,12929,4440,12930,4442,12931,4444,12932,4446,12933,4448,12934,4450,12935,4452,12936,4454,12937,4456,12938,4458,12939,4460,12940,4462,12941,4464,12942,4466,12943,4468,12944,4470,12945,4472,12946,4474,4475,12947,4477,12948,4479,12949,4481,12950,4483,12951,4485,12952,4487,12953,4489,12954,4491,12955,4493,12956,4495,12957,4497,12958,4499,12959,4501,12960,4503,12961,4505,12962,4507,12963,4509,12964,4511,12965,4513,12966,4515,12967,4517,12968,4519,12969,4521,12970,4523,12971,4525,12972,4527,12973,4529,12974,4531,12975,4533,12976,4535,12977,4537,12978,4539,12979,4541,12980,4543,12981,4545,12982,4547,12983,4549,12984,4551,12985,4553,12986,4555,12987,4557,12988,4559,12989,4561,12990,4563,12991,4565,12992,4567,12993,4569,12994,12995,4572,12996,4574,12997,4576,12998,4578,12999,4580,13000,4582,13001,4584,13002,4586,13003,4588,13004,4590,13005,4592,13006,4594,13007,4596,13008,4598,13009,4600,13010,4602,13011,13012,4605,13013,4607,13014,4609,13015,4611,13016,4613,13017,13018,4616,13019,4618,13020,4620,13021,4622,13022,4624,4625,13023]],"type":"Polygon","properties":{"d":"1"}},{"arcs":[[[-16998,-16997,-16996,-16995,-16994,-16993,-16992,-16991,6686,-16990,-16989,-16988,-16987,-16986,-16985,6693,-16984,-16983,-16982,-16981,-16980,-16979,-16978,-16977,-16976,-16975,-16974,6705,-16973,-16972,-16971,-16970,-16969,-16968,-16967,-16966,-16965,6715,-16964,-16963,6718,-16962,6720,-16961,-16960,-16959,-16958,-16957,-16956,6727,6728,-16955,-16954,-16953,-16952,-16951,-16950,-16949,-16948,-16947,-16946,-16945,-16944,-16943,-16942,-16941,-16940,-16939,-16938,-11078,-16937,-16936,-16935,-16934,-16933,-16932,-16931,-11070,-16930,-16929,-16928,-11066,-16927,-16926,-16925,-16924,-16923,-16922,-16921,-16920,-16919,-16918,-16917,-11054,-16916,-16915,-16914,-16913,-16912,-16911,-16910,-16909,-16908,-16907,-16906,-11042,-16905,-11040,-16904,-11038,-16903,-16902,-16901,-16900,-16899,-16898,-16897,-16896,-16895,-16894,-16893,-16892,-16891,-16890,-16889,-16888,-16887,-16886,-16885,-16884,-16883,-16882,-16881,-16880,-16879,-16878,-16877,-16876,-16875,-16874,-11007,-16873,-16872,-16871,-16870,-16869,-16868,-16867,-16866,-16865,-16864,-16863,-16862,-10994,-16861,-16860,-16859,-16858,-16857,-16856,-16855,-16854,-16853,-10984,-16852,-16851,-16850,-16849,-16848,-16847,-16846,-16845,-10975,-16844,-16843,-16842,-16841,-16840,-10969,-16839,-16838,-10966,-16837,-16836,-16835,-10962,-16834,-16833,-16832,-16831,-16830,-16829,-16828,-16827,-16826,-16825,-16824,-16823,-16822,-16821,-10947,-16820,-16819,-16818,-16817,-16816,-10941,-16815,-10939,-16814,-16813,-16812,-16811,-10934,-16810,-10932,-16809,-16808,-16807,-16806,-10927,-16805,-10925,-16804,-16803,-16802,-10921,-16801,-16800,-16799,-16798,-16797,-10915,-16796,-16795,-16794,-16793,-16792,-10909,-16791,-16790,-10906,-16789,-16788,-16787,-10902,-16786,-16785,-16784,-16783,-16782,-16781,-16780,-16779,-16778,-16777,-16776,-16775,-16774,-16773,-16772,-16771,-16770,-16769,-16768,-16767,-16766,-16765,-16764,-16763,-16762,-16761,-16760,-16759,-16758,-16757,-16756,-16755,-16754,-10868,-16753,-16752,-16751,-16750,-16749,-16748,-16747,-16746,-16745,-16744,-16743,-16742,-16741,-16740,-10853,-16739,-16738,-16737,-16736,-16735,-10847,-16734,-16733,-16732,-16731,-16730,-16729,-16728,-16727,-16726,-16725,-16724,-16723,-16722,-16721,-16720,-16719,-16718,-16717,-16716,-17914,-17913,-17912,-17911,-17910,-17909,-17908,-17907,-17906,-17905,-17904,-17903,-17902,-17901,-17900,-17899,-17898,-17897,-17896,-17895,-17894,-17893,-17892,-17891,-17890,-17889,-17888,-17887,-17886,-17885,-17884,-17883,-17882,-17881,-17880,-17879,-17878,-17877,-17876,-17875,-17874,-17873,-17872,-17871,-17870,-17869,-17868,-17867,-17866,-17865,-17864,-17863,-17862,-17861,-17860,-17859,-17858,-17857,-17856,-17855,-17854,-17853,-17852,-17851,-17850,-17849,-17848,9009,-17847,-17846,-17845,-17844,-17843,-17842,-17841,-17840,-17839,-17838,-17837,-17836,-17835,-17834,-17833,-17832,-17831,-17830,-17829,-17828,-17827,-17826,-17825,-17824,-17823,-17822,-17821,-17820,-17819,-17818,-17817,-17816,-17815,-17814,-17813,-17812,-17811,-17810,-17809,-17808,-17807,-17806,-17805,-17804,-17803,-17802,-17801,-17800,-17799,-17798,-17797,-17796,-17795,-17794,-17793,-17792,-17791,-17790,-17789,-17788,-17787,-17786,-17785,-17784,-17783,-17782,-17781,-17780,-17779,-17778,-17777,-17776,-17775,-17774,-17773,-17772,-17771,-17770,-17769,-17768,-17767,-17766,-17765,-17764,-17763,-17762,-17761,-17760,-17759,-17758,-17757,-17756,-17755,-17754,-17753,-17752,-17751,-17750,-17749,-17748,-17747,-17746,-17745,-17744,-17743,-17742,-17741,-17740,-17739,-17738,-17737,-17736,-17735,-17734,-17733,18583,18584,18585,18586,18587,18588,18589,18590,18591,18592,18593,18594,18595,18596,18597,18598,18599,18600,18601,18602,18603,18604,18605,18606,18607,18608,18609,18610,18611,18612,18613,18614,18615,18616,18617,18618,18619,18620,18621,18622,18623,18624,18625,18626,18627,18628,18629,18630,18631,18632,18633,18634,18635,18636,18637,18638,18639,18640,18641,18642,18643,18644,18645,18646,18647,18648,18649,18650,18651,18652,18653,18654,18655,18656,18657,18658,18659,18660,18661,18662,18663,18664,18665,18666,18667,18668,18669,18670,18671,18672,18673,18674,18675,18676,18677,18678,18679,18680,18681,18682,18683,18684,18685,18686,18687,18688,18689,18690,18691,18692,18693,18694,18695,18696,18697,18698,18699,18700,18701,18702,18703,18704,18705,18706,18707,18708,18709,18710,18711,18712,18713,18714,18715,18716,18717,18718,18719,18720,18721,18722,18723,18724,18725,18726,18727,18728,18729,18730,18731,18732,18733,18734,18735,18736,18737,18738,18739,18740,18741,18742,18743,2422,18744,18745,18746,18747,18748,18749,18750,18751,18752,18753,18754,18755,18756,18757,18758,18759,18760,18761,18762,2442,18763,18764,18765,18766,18767,18768,18769,18770,18771,18772,18773,18774,18775,18776,18777,18778,18779,18780,18781,18782,18783,18784,18785,18786,18787,18788,18789,18790,18791,18792,18793,18794,18795,18796,18797,18798,18799,18800,18801,18802,18803,18804,18805,18806,18807,18808,18809,18810,18811,18812,18813,18814,18815,18816,18817,18818,18819,18820,18821,18822,18823,18824,18825,18826,18827,18828,18829,18830,18831,18832,18833,18834,18835,18836,18837,18838,18839,18840,18841,18842,18843,18844,18845,18846,18847,18848,18849,18850,18851,18852,18853,18854,18855,18856,18857,18858,18859,18860,18861,18862,18863,18864,18865,18866,18867,18868,18869,18870,18871,18872,18873,18874,18875,18876,18877,18878,18879,18880,18881,18882,18883,18884,18885,18886,18887,18888,18889,18890,18891,18892,18893,18894,18895,18896,18897,18898,18899,18900,18901,18902,18903,18904,18905,18906,18907,18908,18909,18910,18911,18912,18913,18914,18915,18916,18917,18918,18919,18920,18921,18922,18923,18924,18925,18926,18927,18928,18929,18930,18931,18932,18933,18934,18935,18936,18937,18938,18939,18940,18941,18942,18943,18944,18945,18946,18947,18948,18949,18950,18951,18952,18953,18954,18955,18956,18957,18958,18959,18960,18961,18962,18963,18964,18965,18966,18967,18968,18969,18970,18971,18972,18973,18974,18975,18976,18977,18978,18979,18980,18981,18982,18983,18984,18985,18986,18987,18988,18989,18990,18991,18992,18993,18994,18995,18996,18997,18998,18999,19000,19001,19002,19003,19004,19005,19006,19007,19008,19009,19010,19011,19012,19013,19014,19015,19016,19017,19018,19019,19020,19021,19022,19023,19024,19025,19026,19027,19028,19029,19030,19031,19032,19033,2714,17423,2716,17424,2718,17425,2720,17426,2722,-16056,-16055,-16054,-16053,-16052,-16051,-16050,-16049,-16048,-16047,-16046,-16045,-16044,-16043,-16042,-16041,-16040,-16039,-16038,-16037,-16036,-16035,-16034,-16033,-16032,-16031,-16030,-16029,-16028,-16027,-16026,-16025,-16024,-16023,-16022,-16021,-16020,-16019,-16018,-16017,-16016,-16015,-16014,-16013,-16012,-16011,-16010,-16009,-16008,-16007,-16006,-16005,-16004,-16003,-16002,-16001,-16000,-15999,-15998,-15997,-15996,-15995,-15994,-15993,-15992,-15991,-15990,-15989,-15988,-15987,-15986,-15985,-15984,-15983,-15982,-15981,-15980,-15979,-15978,-15977,-15976,-15975,-15974,-15973,-15972,-15971,-15970,-15969,-15968,-15967,-15966,-15965,-15964,-15963,-15962,-15961,-15960,-15959,-15958,-15957,-15956,-15955,-15954,-15953,-15952,-15951,-15950,-15949,-15948,-15947,-15946,-15945,-15944,-15943,-15942,-15941,-15940,-15939,-15938,-15937,-15936,-15935,-15934,-15933,-15932,-15931,-15930,-15929,-15928,-15927,-15926,-15925,-15924,-15923,-15922,-15921,-15920,-15919,-15918,-15917,-15916,-15915,-15914,-15913,-15912,-15911,-15910,-15909,-15908,-15907,-15906,-15905,-15904,-15903,-15902,-15901,-15900,-15899,-15898,-15897,-15896,-15895,-15894,-15893,-15892,-15891,-15890,-15889,-15888,-15887,-15886,-15885,-15884,-15883,-15882,-15881,-15880,-15879,-15878,-15877,-15876,-15875,-15874,-15873,-15872,-15871,-15870,-15869,-15868,-15867,-15866,-15865,-15864,-15863,-15862,-15861,-15860,-15859,-15858,-15857,-15856,-15855,-15854,-15853,-15852,-15851,-15850,-15849,-15848,-15847,-15846,-15845,-15844,-15843,-15842,-15841,-15840,-15839,-15838,-15837,-15836,-15835,-15834,-15833,-15832,-15831,-15830,-15829,-15828,-15827,-15826,-15825,-15824,-15823,-15822,-15821,-15820,-15819,-15818,-15817,-15816,-15815,-15814,-15813,-15812,-15811,-15810,-15809,-15808,-15807,-15806,-15805,-15804,-15803,-15802,-15801,-15800,-15799,-15798,-15797,-15796,-15795,-15794,-15793,-15792,-15791,-15790,-15789,-15788,-15787,-15786,-15785,-15784,-15783,-15782,-15781,-15780,-15779,-15778,-15777,-15776,-15775,-15774,-15773,-15772,-15771,-15770,-15769,-15768,-15767,-15766,-15765,-15764,-15763,-15762,-15761,-15760,-15759,-15758,-15757,-15756,-15755,-15754,-15753,-15752,-15751,-15750,-15749,-15748,-15747,-15746,-15745,-15744,-15743,-15742,-15741,-15740,-15739,-15738,-15737,-15736,-15735,-15734,-15733,-15732,-15731,-15730,-15729,-15728,-15727,-15726,-15725,-15724,-15723,-15722,-15721,-15720,-15719,-15718,-15717,-15716,-8630,-15715,-15714,-15713,-15712,-15711,-8624,-15710,-15709,-15708,-15707,-15706,-15705,-15704,-15703,-15702,-15701,-15700,-15699,-15698,-15697,-15696,-15695,-15694,-15693,-15692,-15691,-15690,-15689,-15688,-15687,-15686,-15685,-15684,-15683,-15682,-15681,-15680,-15679,-15678,-15677,-15676,-15675,-15674,-15673,-15672,-15671,-15670,-15669,-15668,-15667,-15666,-15665,-15664,-15663,-15662,-15661,-15660,-15659,-15658,-15657,-15656,-15655,-15654,-15653,-15652,-15651,-15650,-15649,-15648,-15647,-15646,-15645,-15644,-15643,-15642,-15641,-15640,-15639,-15638,-15637,-15636,-15635,-15634,-15633,-15632,-15631,-15630,-15629,-15628,-8540,-15627,-15626,-15625,-15624,-15623,-15622,-15621,-15620,-15619,-15618,-15617,-15616,-15615,-15614,-15613,-15612,-15611,-15610,-8521,-15609,-15608,-15607,-15606,-15605,-15604,-15603,-15602,-15601,-15600,-15599,-15598,-15597,-15596,-15595,-15594,-15593,-15592,-15591,-15590,-15589,-15588,-15587,-15586,-15585,-15584,-15583,-15582,-15581,-15580,-15579,-15578,-15577,-15576,-15575,-15574,-15573,-15572,-15571,-15570,-15569,-15568,-15567,-15566,-15565,-15564,-15563,-15562,-15561,-15560,-15559,-15558,-15557,-15556,-15555,-15554,-15553,-15552,-15551,-15550,-15549,-15548,-15547,-15546,-15545,-15544,-15543,-15542,-15541,-15540,-15539,-15538,-15537,-15536,-15535,-15534,-15533,-15532,-15531,-15530,-15529,-15528,-15527,-15526,-15525,-15524,-15523,-15522,-15521,-15520,-15519,-15518,-15517,-15516,-15515,-15514,-15513,-15512,-15511,-15510,-15509,-15508,-15507,-15506,-15505,-15504,-15503,-15502,-15501,-15500,-15499,-15498,-15497,-15496,-15495,-15494,-15493,-6362,-15492,-15491,-15490,-15489,-15488,-15487,-15486,-15485,-15484,-15483,-15482,-15481,-15480,-15479,-15478,-15477,-15476,-15475,-15474,-15473,-15472,-15471,-6339,-15470,-15469,-15468,-15467,-15466,-15465,-15464,-15463,-15462,-15461,-15460,-15459,-15458,-15457,-15456,-15455,-15454,-15453,-15452,-15451,-15450,-6317,-15449,-15448,-15447,-15446,-15445,-15444,-15443,-15442,-15441,-15440,-15439,-15438,-15437,-6303,-15436,-6301,-15435,-15434,-15433,-15432,-15431,-15430,-15429,-15428,-15427,-15426,-15425,-15424,-15423,-15422,-15421,-15420,-15419,-15418,-15417,-15416,-15415,-15414,-15413,-15412,-15411,-15410,-15409,-15408,-15407,-15406,-15405,-15404,-15403,-15402,-15401,-15400,-15399,-15398,-15397,-15396,-15395,-6259,-15394,-15393,-6256,-15392,-15391,-15390,-15389,-15388,-15387,-15386,-15385,-15384,-15383,-15382,-15381,-15380,-15379,-15378,-15377,-15376,-15375,-15374,-15373,-15372,-15371,-15370,-15369,-15368,-15367,-15366,-15365,-15364,-15363,-15362,-15361,-15360,-6222,-15359,-15358,-15357,-15356,-15355,-15354,-15353,-15352,-15351,-15350,-15349,-15348,-15347,-15346,-15345,-15344,-16244,-16243,-16242,-16241,-16240,-16239,-16238,-16237,-16236,-16235,-16234,-16233,-16232,-16231,-16230,-16229,-16228,-16227,-16226,-16225,-16224,-16223,-16222,-16221,-16220,-14065,-14064,-14063,-14062,-14061,-14060,-14059,-14058,-14057,-14056,-14055,-14054,-14053,-14052,-14051,-14050,-14049,-8404,-14048,-8402,-14047,-14046,-14045,-14044,-14043,-14042,-14041,-14040,-14039,-14038,-14037,-14036,-8389,-14035,-14034,-14033,-14032,-14031,-14030,-14029,-8381,-14028,-14027,-14026,-14025,-14024,-14023,-14022,-14021,-14020,-14019,-14018,-14017,-14016,-14015,-14014,-14013,-14012,-14011,-14010,-14009,-14008,-14007,-14006,-14005,-14004,-14003,-14002,-8353,-14001,-8351,-14000,-13999,-8348,-13998,-13997,-13996,-13995,-13994,-8342,-13993,-8340,-13992,-8338,-13991,-13990,-13989,-13988,-13987,-13986,-13985,-13984,-13983,-13982,-13981,-13980,-13979,-8324,-13978,-13977,-13976,-13975,-13974,-8318,-13973,-13972,-13971,-13970,-13969,-13968,-13967,-13966,-13965,-13964,-13963,-13962,-13961,-8304,-13960,-13959,-13958,-13957,-13956,-8298,-13955,-8296,-13954,-13953,-8293,-13952,-13951,-13950,-13949,-13948,-13947,-13946,-8285,-13945,-8283,-13944,-13943,-8280,-13942,-8278,-13941,-13940,-13939,-13938,-13937,-13936,-13935,-13934,-13933,-13932,-13931,-13930,-13929,-13928,-8263,-13927,-13926,-13925,-13924,-8258,2393,3306,3307,3308,3309,3310,3311,3312,3313,3314,3315,3316,3317,3318,3319,3320,3321,3322,3323,3324,3325,3326,3327,3328,3329,3330]],[[3347]],[[3348]],[[3349]]],"type":"MultiPolygon","properties":{"d":"7"}},{"arcs":[[-12757,-12756,19034,19035,19036,19037,19038,19039,19040,-15059,-15058,-15057,-15056,19041,-15046,19042,19043,19044,-15043,1947,-12761,-12760,-12759,-12758]],"type":"Polygon","properties":{"d":"65"}},{"arcs":[[19045,19046,19047,19048,19049,19050,19051,912,19052,16471,19053,19054,1908,914]],"type":"Polygon","properties":{"d":"53"}},{"arcs":[[14865,14866,14867,14868,14869,14870,14871,14872,14873,14874,14875,14876,14877,14878,14879,14880,14881,14882,14883,14884,14885,14886,14887,14888,14889,14890,14891,14892,14893,14894,14895,14896,14897,14898,14899,14900,14901,14902,14903,14904,14905,14906,14907,14908,14909,14910,14911,14912,14913,14914,14915,14916,14917,14918,14919,14920,14921,14922,14923,14924,14925,14926,14927,14928,14929,14930,14931,14932,14933,14934,14935,14936,14937,14938,14939,14940,14941,14942,14943,14944,14945,14946,14947,14948,14949,14950,14951,14952,14953,14954,14955,14956,14957,14958,14959,14960,14961,14962,14963,14964,828,14965,14966,14967,14968,833,14969,14970,14971,14972,14973,14974,14975,-12730,-12729,-12728,-12727,-12726,-12725,-12724,-12723,-12722,-12721,-12720,-12719,-12718,-12717,-12716,-12715,-12714,-12713,-12712,-12711,5772,-12710,-12709,-12708,-12707,-12706,-12705,-12704,-12703,-12702,-12701,-12700,-12699,-12698,-12697,-12696,-12695,-12694,-12693,19055,19056,19057,15035,15036,15037,15038,15039,15040,15041]],"type":"Polygon","properties":{"d":"51"}},{"arcs":[[[-14626,-14625,-14624,-14623,-14622,-14621,-14620,-14619,-14618,-14617,-14616,-14615,-14614,-14613,-14612,-14611,-14610,-14609,-14608,-14607,-14606,-14605,-14604,-14603,-14602,-14601,-14600,-14599,-14598,-14597,-14596,-14595,-14594,-14593,-14592,-14591,-14590,-14589,-14588,-14587,-14586,-14585,-14584,-14583,-14582,-14581,-14580,-14579,-14578,-14577,-14576,-14575,-14574,-14573,-14572,-14571,-14570,-14569,-14568,-14567,-14566,-14565,982,-14564,984,-14563,-14562,-14561,-14560,-14559,-14558,-14557,-14556,-14555,-14554,-14553,-14552,-14551,-14550,-14549,-14548,-14547,-14546,-14545,-14544,-14543,-14542,-14541,-14540,-14539,-14538,-14537,-14536,-14535,-14534,-14533,-14532,-14531,-14530,-14529,-14528,-14527,-14526,-14525,-14524,-14523,-14522,-14521,-14520,-14519,-14518,-14517,-14516,-14515,-14514,-14513,-14512,-14511,1038,-14510,-14509,-14508,-14507,-14506,-14505,-14504,-14503,-14502,-14501,-14500,-14499,-14498,-14497,-14496,-14495,-14494,-14493,-14492,-14491,-14490,-14489,-14488,-14487,-14486,-14485,-14484,-14483,-14482,-14481,-14480,-14479,-14478,-14477,-14476,-14475,-14474,-14473,-14472,-14471,1079,-14470,-14469,-14468,-14467,-14466,-18143,-18142,-18141,-18140,-18139,-18138,-18137,-18136,-18135,-18134,-18133,-18132,-18131,-18130,-18129,-18128,-18127,-18126,-18125,-18124,-18123,-18122,-18121,-18120,-18119,-18118,-18117,-18116,-18115,-18114,-18113,-18112,-18111,-18110,-18109,-18108,-18107,-18106,19058,-14265,-14264,-14263,-14262,-14261,-14260,-14259,-14258,-14257,-14256,-14255,-14254,-14253,-14252,-14251,-14250,-14249,-14248,-14247,-14246,-14245,-14244,-14243,-14242,-14241,-14240,-14239,-14238,-14237,-14236,-14235,-14234,-14233,-14232,-14231,-14230,-14229,-14228,-14227,-14226,-14225,-14224,-14223,19059,19060,19061,19062,19063,19064,19065,19066,19067,19068,19069,19070,19071,19072,19073,19074,19075,19076,19077,1347,19078,19079,19080,19081,19082,19083,19084,19085,19086,19087,19088,19089,19090,19091,19092,19093,19094,19095,19096,19097,19098,19099,19100,19101,19102,19103,19104,19105,19106,19107,19108,19109,19110,19111,19112,19113,19114,19115,19116,19117,19118,19119,19120,19121,19122,19123,19124,19125,19126,19127,19128,19129,19130,19131,19132,19133,19134,19135,19136,19137,19138,19139,19140,19141,19142,19143,19144,19145,19146,19147,19148,19149,19150,19151,19152,19153,19154,19155,19156,19157,19158,19159,19160,19161,19162,19163,19164,19165,19166,19167,1438,19168,19169,19170,19171,19172,19173,19174,19175,19176,19177,19178,19179,19180,19181,19182,19183,19184,19185,19186,19187,19188,19189,19190,19191,19192,19193,19194,19195,19196,19197,19198,19199,19200,19201,19202,19203,19204,19205,19206,19207,19208,19209,19210,19211,19212,19213,19214,19215,19216,19217,19218,19219,19220,19221,19222,19223,19224,19225,19226,19227,19228,19229,1501,19230,19231,19232,19233,19234,19235,19236,19237,19238,19239,19240,19241,19242,19243,19244,19245,19246,19247,19248,19249,19250,19251,19252,19253,19254,19255,19256,19257,19258,19259,19260,19261,19262,19263,19264,19265,19266,19267,19268,19269,19270,19271,19272,19273,19274,19275,19276,19277,19278,19279,19280,19281,19282,19283,19284,19285,19286,19287,19288,19289,19290,19291,19292,19293,19294,19295,19296,19297,-19051,-19050,-19049,-19048,-19047,-19046,915,-14630,-14629,-14628,-14627]],[[1576]]],"type":"MultiPolygon","properties":{"d":"23"}},{"arcs":[[17485,17486,17487,17488,19298,-15122,19299,19300,19301]],"type":"Polygon","properties":{"d":"119"}},{"arcs":[[12824,4250,12825,4252,12826,4254,12827,4256,12828,12829,4259,12830,12831,12832,4263,12833,4265,12834,12835,4268,12836,4270,12837,4272,12838,4274,4275,12839,12840,4278,12841,4280,12842,4282,12843,4284,12844,4286,12845,4288,12846,4290,12847,4292,12848,4294,12849,4296,12850,4298,12851,12852,4301,12853,4303,12854,12855,4306,12856,4308,12857,4310,12858,12859,4313,12860,12861,4316,12862,12863,4319,12864,12865,4322,12866,4324,12867,4326,12868,4328,12869,12870,12871,12872,12873,4334,12874,4336,12875,4338,12876,4340,12877,12878,4343,-18583,-9225,19302,19303,19304,19305,19306,-9219,19307,19308,-9216,19309,12820,12821,12822,12823,4699,4700,4248]],"type":"Polygon","properties":{"d":"2"}},{"arcs":[[-18275,-18274,-18273,-18272,-18271,-18270,-18269,-18268,-18267,-18266,-18265,-18264,-18263,9555,-18262,-18261,-18260,-18259,-18258,-18257,-18256,-18255,-18254,-18253,-18252,-18251,-18250,-18249,-18248,-18247,-18246,9573,-18245,-18244,-18243,-18242,-18241,-18240,-18239,-18238,-18237,-18236,-18235,-18234,-18233,-18232,-18231,-18230,-18229,-18228,-18227,-18226,-18225,-18224,-18223,9597,-18222,-18221,-18220,9601,-18219,-18218,-18217,-18216,-18215,-18214,-18213,-18212,9610,-18211,-18210,-18209,-18208,-18207,-18206,9617,-18205,-18204,-18203,-18202,-18201,-18200,-18199,-18198,-18197,-18196,-18195,-18194,-18193,-18192,9632,-18191,-18190,-18189,-18188,-18187,-18186,-18185,-18184,-18183,-18182,-18181,-18180,-18179,-18178,-18177,-18176,-18175,-18174,-18173,-18172,-18171,-18170,-18169,-18168,-18167,9658,-18166,-18165,-18164,-18163,9663,-18162,-18161,-18160,-18159,9668,-18158,-18157,-18156,-18155,-18154,-18153,-18152,-18151,-18150,-18149,-18148,-18147,-18146,-18145,-18144,9684,4637,12769,4639,12770,4641,12771,4643,12772,12773,4646,12774,4648,12775,4650,12776,4652,12777,4654,12778,12779,4657,12780,4659,12781,4661,12782,12783,4664,4665,12784,4667,12785,4669,12786,4671,12787,4673,12788,4675,12789,12790,4678,12791,4680,12792,4682,12793,4684,12794,12795,12796,19310,19311,19312,19313,19314,-7440,19315,19316,19317,19318,19319,-7434,19320,19321,-12799,19322,12800,19323,19324,19325,19326,19327,19328,19329,19330,19331,19332,19333,12802,-8427,12803,12804,12805,12806,12807,12808,12809,12810,12811,12812,12813,12814,12815,12816,12817,12818,12819,-19310,9215,-19309,-19308,9218,-19307,-19306,-19305,-19304,-19303,9224,9225,-18582,9227,-18581,9229,-18580,-18579,-18578,9233,-18577,-18576,-18575,-18574,-18573,-18572,-18571,-18570,-18569,-18568,9244,-18567,-18566,-18565,-18564,-18563,-18562,-18561,-18560,-18559,-18558,-18557,-18556,-18555,-18554,-18553,-18552,-18551,-18550,-18549,-18548,-18547,-18546,-18545,-18544,-18543,-18542,-18541,-18540,-18539,-18538,-18537,-18536,-18535,-18534,-18533,-18532,-18531,-18530,-18529,-18528,-18527,-18526,-18525,-18524,-18523,-18522,-18521,-18520,-18519,-18518,-18517,-18516,-18515,-18514,-18513,-18512,-18511,-18510,-18509,-18508,-18507,-18506,-18505,-18504,-18503,-18502,-18501,-18500,-18499,-18498,-18497,-18496,-18495,-18494,-18493,-18492,-18491,-18490,-18489,-18488,-18487,-18486,-18485,-18484,-18483,-18482,-18481,-18480,-18479,-18478,-18477,-18476,-18475,-18474,-18473,-18472,-18471,-18470,-18469,-18468,-18467,-18466,-18465,-18464,-18463,-18462,-18461,-18460,-18459,-18458,-18457,-18456,-18455,-18454,-18453,-18452,-18451,-18450,-18449,-18448,-18447,-18446,-18445,-18444,-18443,-18442,-18441,-18440,-18439,-18438,-18437,-18436,-18435,-18434,-18433,-18432,-18431,-18430,-18429,-18428,-18427,-18426,-18425,-18424,-18423,-18422,-18421,-18420,-18419,-18418,-18417,-18416,-18415,-18414,-18413,-18412,-18411,-18410,-18409,-18408,-18407,-18406,-18405,-18404,-18403,-18402,-18401,-18400,-18399,-18398,-18397,-18396,-18395,-18394,-18393,-18392,-18391,-18390,-18389,-18388,-18387,-18386,-18385,-18384,-18383,-18382,-18381,-18380,-18379,-18378,-18377,-18376,-18375,-18374,-18373,-18372,-18371,-18370,-18369,-18368,-18367,-18366,-18365,-18364,-18363,-18362,-18361,-18360,-18359,-18358,-18357,-18356,-18355,-18354,9459,-18353,9461,-18352,-18351,-18350,-18349,-18348,-18347,-18346,-18345,-18344,-18343,-18342,-18341,-18340,-18339,-18338,-18337,-18336,-18335,-18334,-18333,-18332,-18331,-18330,-18329,-18328,-18327,-18326,-18325,-18324,-18323,-18322,-18321,-18320,-18319,-18318,-18317,-18316,-18315,-18314,-18313,-18312,-18311,-18310,-18309,-18308,-18307,-18306,-18305,-18304,-18303,-18302,-18301,9514,-18300,-18299,-18298,-18297,-18296,-18295,-18294,-18293,-18292,-18291,-18290,-18289,-18288,-18287,9529,-18286,-18285,-18284,-18283,-18282,-18281,-18280,-18279,-18278,-18277,-18276,9541]],"type":"Polygon","properties":{"d":"3"}},{"arcs":[[19334,19335,19336,19337,19338,19339,19340,19341,19342,19343,19344,19345,19346,19347,19348,19349,19350,19351,19352,19353,19354,19355,19356,19357,19358,7416,19359,19360,19361,19362,19363,19364,19365,19366,19367,7426,19368,19369,19370,19371,19372,-19321,7433,-19320,-19319,-19318,-19317,-19316,7439,-19315,-19314,-19313,-19312,-19311,-12797,-12796,-12795,16601,4686,16602,4688,16603,4690,16604,4692,16605,4694,16606,4696,3334,16607,3336,3337,16608,3339,16609,3341,16610,3343,16611,3346,16612,3144,16613,16614,3147,16615,16616,3150,16617,16618,3153,16619,16620,3156,16621,3158,16622,16623,16624,16625,16626,3164,16627,3166,3167,16628,3169,16629,3171,16630,16631,3174,16632,3176,16633,16634,16635,16636,3181,16637,16638,16639,3185,16640,3187,16641,3189,16642,3191,16643,16644,3194,16645,16646,16647,16648,3199,16649,16650,16651,16652,16653,3205,16654,16655,16656,3209,16657,3211,16658,3213,16659,16660,3216,16661,16662,16663,3220,16664,16665,3223,16666,3225,16667,16668,3228,16669,3230,16670,9688,16671,16672,16673,16674,16675,16676,16677,16678,16679,16680,9699,16681,16682,16683,16684,16685,16686,16687,16688,16689,16690,16691,16692,16693,16694,16695,16696,16697,16698,16699,16700,16701,16702,16703,16704,16705,9725,16706,16707,16708,16709,16710,16711,16712,16713,16714,16715,16716,16717,16718,16719,16720,16721,16722,16723,16724,16725,16726,16727,16728,16729,16730,16731,16732,16733,10846,16734,16735,16736,16737,16738,10852,16739,16740,16741,16742,16743,16744,16745,16746,16747,16748,16749,16750,16751,16752,10867,16753,16754,16755,16756,16757,16758,16759,16760,16761,16762,16763,16764,16765,16766,16767,16768,16769,16770,16771,16772,16773,16774,16775,16776,16777,16778,16779,16780,16781,16782,16783,16784,16785,10901,16786,16787,16788,10905,16789,16790,10908,16791,16792,16793,16794,16795,10914,16796,16797,16798,16799,16800,10920,16801,16802,16803,10924,16804,10926,16805,16806,16807,16808,10931,16809,10933,16810,16811,16812,16813,10938,16814,10940,16815,16816,16817,16818,16819,10946,16820,16821,16822,16823,16824,16825,16826,16827,16828,16829,16830,16831,16832,16833,10961,16834,16835,16836,10965,16837,16838,10968,16839,16840,16841,16842,16843,10974,16844,16845,16846,16847,16848,16849,16850,16851,10983,16852,16853,16854,16855,16856,16857,16858,16859,16860,10993,16861,16862,16863,16864,16865,16866,16867,16868,16869,16870,16871,16872,11006,16873,16874,16875,16876,16877,16878,16879,16880,16881,16882,16883,16884,16885,16886,16887,16888,16889,16890,16891,16892,16893,16894,16895,16896,16897,16898,16899,16900,16901,16902,11037,16903,11039,16904,11041,16905,16906,16907,16908,16909,16910,16911,16912,16913,16914,16915,11053,16916,16917,16918,16919,16920,16921,16922,16923,16924,16925,16926,11065,16927,16928,16929,11069,16930,16931,16932,16933,16934,16935,16936,11077,16937,16938,16939,16940,16941,16942,16943,16944,16945,16946,16947,16948,16949,16950,16951,16952,16953,16954,-6729,19373,19374,19375,19376,19377,19378,19379,19380,19381,19382,19383,19384,19385,19386,19387,19388,19389,19390,19391,19392,19393,19394,19395,19396,19397,19398,19399,19400,19401,19402,19403,19404,19405,19406,-10740,19407,19408,19409,19410,19411,19412,19413,19414,19415,19416,19417,19418,19419,-10729,19420,19421,-10726,19422,-10724,19423,19424,19425,-10720,19426,19427,19428,19429,19430,19431,19432,19433,19434,19435,19436,19437,19438,19439,19440,19441,-10703,19442,19443,19444,19445,19446,19447,19448,-10695,19449,-10693,19450,19451,19452,19453,19454,19455,-10686,19456,19457,19458,-10682,19459,19460,19461,19462,19463,19464,19465,19466,19467,19468,19469,19470,19471,19472,19473,19474,-10665,19475,19476,19477,19478,19479,19480,19481,19482,19483,19484,19485,19486,19487,19488,19489,19490,19491,19492,19493,19494,19495,19496,19497,19498,19499,19500,-10638,19501,19502,-10635,19503,19504,19505,19506,19507,19508,19509,19510,-10626,19511,19512,19513,19514,19515,19516,19517,19518,19519,19520,19521,19522,19523,19524,19525,19526,19527,19528,19529,19530,19531,19532,19533,19534,19535,19536,19537,19538,19539,19540,19541,19542,19543,19544,19545,3332,4697,19546,19547,19548,19549,19550]],"type":"Polygon","properties":{"d":"5"}},{"arcs":[[3656,17144,3658,17145,17146,3661,17147,3663,17148,17149,3666,17150,3668,17151,3670,17152,3672,17153,17154,3675,17155,3677,17156,3679,17157,3681,17158,3683,17159,3685,17160,17161,3688,17162,17163,3691,17164,3693,17165,3695,17166,3697,17167,17168,3700,17169,3702,17170,17171,3705,17172,3707,17173,3709,17174,3711,17175,3713,17176,17177,3716,17178,3718,17179,3720,17180,17181,3723,17182,3725,17183,17184,17185,3729,17186,17187,3732,17188,3734,17189,17190,17191,3738,17192,3740,17193,3742,17194,3744,17195,3746,17196,17197,3749,17198,3751,17199,3753,17200,3755,17201,3757,17202,3759,17203,3761,17204,3763,17205,17206,17207,3767,17208,3769,17209,3771,17210,17211,17212,3775,17213,3777,17214,3779,17215,3781,17216,17217,17218,3785,17219,3787,17220,17221,3790,17222,17223,17224,3794,17225,17226,3797,17227,3799,17228,3801,17229,17230,3804,17231,3806,17232,3808,17233,17234,3811,17235,17236,17237,17238,17239,3817,17240,3819,17241,17242,3822,17243,3824,17244,17245,3827,17246,3829,17247,17248,17249,3833,17250,3835,17251,17252,3838,17253,3840,17254,3842,17255,3844,17256,17257,3847,17258,17259,17260,3851,17261,3853,17262,17263,17264,17265,3858,17266,17267,3861,17268,17269,3864,17270,3866,17271,17272,17273,17274,17275,3872,17276,17277,17278,17279,3877,17280,17281,17282,3881,17283,17284,17285,17286,3886,17287,17288,17289,3890,3891,17290,3893,17291,17292,3896,17293,17294,17295,17296,3901,17297,17298,17299,17300,17301,17302,3908,17303,3910,17304,3912,17305,3914,17306,3916,17307,3918,17308,3920,17309,3922,17310,3924,17311,3926,3927,-3367,19551,-3365,19552,19553,-3362,19554,19555,-3359,19556,19557,-3356,17322,17323,19558,19559,19560,-16178,-16177,-16176,-16175,-16174,-16173,-16172,-16171,-16170,-16169,-16168,-16167,-16166,-16165,-16164,-16163,-16162,-16161,-16160,-16159,-16158,6925,-16157,-16156,-16155,-16154,-16153,-16152,-16151,-16150,-16149,-16148,-16147,3538,17326,3540,17327,3542,17328,3544,17329,3546,17330,3548,17331,3550,17332,3552,17333,3554,17334,3556,17335,3558,17336,3560,17337,3562,17338,3564,17339,3566,17340,3568,17341,3570,17342,3572,17343,3574,17344,3576,17345,17346,3579,17347,3581,17348,3583,17349,3585,17350,3587,17351,3589,17352,3591,17353,3593,17354,3595,17355,3597,17356,3599,17357,3601,17358,3603,17359,3605,17360,3607,17361,3609,17362,3611,17363,3613,17364,3615,17365,3617,17366,3619,17367,3621,17368,3623,17369,3625,17370,3627,17371,3629,17372,3631,17373,3633,17374,3635,17375,3637,17376,3639,17377,3641,17378,17379,3644,17380,3646,17381,3648,17382,3650,17383,3652,17384,3654,17385]],"type":"Polygon","properties":{"d":"15"}},{"arcs":[[14138,-18068,14140,-18067,-14143,-18066,19561,14144,-11153,-11152,-11151,-11150,-11149,-11887,2984,-11886,-11885,2987,-11884,-11883,-11882,-11881,-11880,-11879,-11878,2995,-11877,19562,19563,19564,19565,19566,19567,19568,19569,19570,19571,19572,19573,19574,19575,19576,19577,19578,19579,19580,19581,19582,19583,19584,19585,19586,19587,19588,19589,19590,19591,19592,19593,19594,19595,19596,19597,19598,3034,19599,19600,19601,19602,19603,19604,19605,19606,19607,19608,19609,19610,19611,19612,19613,19614,19615,19616,19617,19618,19619,3056,19620,19621,19622,19623,19624,19625,19626,19627,19628,19629,19630,19631,19632,19633,19634,19635,19636,19637,19638,19639,19640,19641,19642,19643,19644,19645,19646,19647,19648,19649,19650,19651,19652,19653,19654,19655,19656,19657,19658,19659,19660,19661,-18100,-18099,-18098,-18097,-18096,-18095,-18094,-18093,-18092,-18091,-18090,-18089,-18088,-18087,-18086,-18085,-18084,-18083,-18082,-18081,-18080,-18079,-18078,-18077,-18076,-18075,-18074,-18073,-18072,-18071,-18070,-18069]],"type":"Polygon","properties":{"d":"21"}},{"arcs":[[-14146,11520,11521,11522,11523,11524,11525,11526,11527,11528,11529,11530,11531,11532,11533,11534,11535,11536,11537,11538,11539,11540,11541,11542,11543,11544,11545,11546,11547,11548,11549,11550,11551,11552,11553,11554,11555,11556,11557,11558,11559,11560,11561,11562,11563,11564,11565,19662,19663,19664,19665,19666,19667,19668,19669,19670,19671,-7046,19672,19673,19674,19675,19676,19677,19678,19679,19680,19681,19682,19683,19684,19685,19686,19687,19688,19689,19690,19691,19692,19693,19694,19695,19696,19697,19698,19699,19700,19701,19702,19703,19704,19705,19706,19707,19708,19709,19710,19711,19712,19713,19714,19715,19716,19717,19718,19719,19720,19721,19722,19723,19724,19725,19726,19727,19728,19729,19730,19731,19732,19733,19734,-7819,19735,19736,19737,19738,19739,19740,19741,19742,19743,19744,19745,19746,19747,-4080,19748,19749,19750,19751,19752,19753,19754,19755,19756,-10345,-13693,-13692,-13691,-13690,-13689,-13688,-13687,-13686,-10336,-13685,-13684,-13683,-13682,-13681,-13680,-13679,-13678,-13677,-13676,-13675,-13674,-13673,-13672,-13671,-13670,-13669,-13668,-13667,-13666,-13665,-13664,-13663,-13662,-13661,-13660,-13659,-13658,-13657,-13656,-13655,-13654,-13653,-13652,-13651,-13650,-13649,-13648,-13647,-13646,-13645,-13644,-13643,-13642,-13641,-13640,-13639,-13638,-13637,-13636,-13635,-13634,-13633,-13632,-13631,-13630,-13629,-13628,-13627,-13626,-13625,-13624,-13623,-13622,-13621,-13620,-13619,-13618,-13617,-13616,-13615,-13614,-13613,-13612,-13611,-13610,-13609,-13608,-13607,4183,-13606,-13605,-13604,-13603,-13602,-13601,-13600,-13599,-13598,-13597,-13596,-13595,-13594,17011,17012,17013,17014,17015,17016,17017,-9838,17018,17019,17020,17021,17022,-9832,17023,19757,19758,19759,19760,19761,14159,14160,14161,14162,14163,14164,14165,14166,14167,14168,14169,14170,14171,14172,14173,14174,14175,14176,7619,14177,7621,14178,7449,14179,14180,14181,14182,7454,14183,14184,14185,14186,14187,14188,7461,14189,14190,14191,4227,14192,4229,14193,14194,14195,14196,14197,14198,19762,19763,19764,19765,19766,19767,19768]],"type":"Polygon","properties":{"d":"27"}},{"arcs":[[19769,19770,19771,19772,19773,19774,19775,19776,19777,19778,19779,19780,19781,19782,19783,-13809,-13808,-13807,-13806,-13805,-13804,-13803,-13802,-13801,-13800,-13799,-13798,-13797,-13796,-13795,-13794,-13793,-13792,-13791,-13790,-13789,-13788,-13787,-13786,-13785,-13784,-13783,-13782,-13781,-13780,-13779,-13778,-13777,-13776,-13775,-13774,-13773,-13772,-13771,-13770,-13769,-13768,-13767,-13766,-13765,-13764,-13763,-13762,-13761,-13760,-13759,-13758,-13757,-13756,-13755,-13754,-13753,-13752,-13751,-13750,-13749,-13748,-13747,-13746,-13745,-13744,-13743,-13742,-13741,-13740,-13739,-13738,-13737,-13736,-13735,-13734,-13733,-13732,-13731,-13730,-13729,-13728,-13727,-13726,-13725,-13724,-13723,-13722,-13721,-13720,-13719,-13718,-13717,-13716,-13715,-13714,-13713,-13712,-13711,-13710,-13709,-13708,-13707,-13706,-13705,-13704,-13703,-13702,-13701,-13700,-13699,-13698,-13697,-13696,-13695,-13694,-19757,-19756,-19755,-19754,-19753,-19752,-19751,-19750,-19749,4079,-19748,-19747,-19746,-19745,-19744,-19743]],"type":"Polygon","properties":{"d":"29"}},{"arcs":[[12473,12474,12475,12476,12477,12478,12479,12480,12481,12482,12483,12484,12485,12486,12487,12488,12489,12490,12491,12492,12493,12494,12495,12496,12497,12498,12499,12500,12501,12502,12503,12504,12505,12506,12507,12508,12509,12510,12511,12512,12513,12514,12515,12516,12517,12518,12519,12520,12521,12522,12523,12524,12525,12526,12527,12528,12529,12530,12531,12532,12533,12534,12535,12536,12537,12538,12539,12540,12541,12542,12543,12544,12545,12546,12547,12548,12549,12550,12551,12552,12553,12554,12555,12556,12557,12558,12559,12560,12561,12562,12563,12564,12565,12566,12567,12568,12569,12570,12571,12572,12573,-5151,12574,12575,12576,12577,12578,12579,12580,12581,12582,12583,12584,12585,12586,12587,12588,12589,12590,12591,12592,12593,12594,12595,12596,12597,12598,12599,12600,12601,12602,12603,12604,12605,12606,12607,12608,12609,12610,12611,12612,12613,12614,12615,12616,12617,12618,12619,12620,12621,12622,12623,12624,12625,12626,12627,12628,12629,12630,12631,12632,12633,12634,12635,12636,12637,12638,12639,12640,12641,12642,12643,12644,12645,12646,12647,12648,12649,12650,12651,12652,12653,12654,12655,12656,12657,12658,12659,12660,12661,12662,12663,12664,12665,19784,19785,-11916,-11915,-11914,-11913,-11912,-11911,-11910,-11909,19786,19787,19788,19789,19790,19791,19792,19793,19794,19795,19796,19797,19798,19799,19800,19801,19802,19803,19804,13356,13357,13358,13359,13360,13361,13362,13363,13364,13365,13366,13367,13368,13369,13370,13371,13372,13373,13374,13375,13376,13377,13378,13379,13380,13381,13382,13383,13384,13385,13386,13387,13388,13389,13390,13391,13392,13393,13394,13395,13396,13397,13398,13399,13400,13401,13402,13403,13404,13405,13406,13407,13408,13409,13410,13411,13412,13413,13414,13415,13416,13417,13418,13419,13420,13421,13422,13423,13424,13425,13426,13427,13428,13429,13430,13431,13432,13433,13434,13435,13436,13437,13438,13439,13440,13441,13442,13443,13444,13445,13446,13447,13448,13449,13450,13451,13452,13453,13454,13455,13456,13457,13458,13459,13460,13461,13462,13463,13464,13465,13466,13467,13468,13469,13470,13471,13472,13473,13474,13475,13476,13477,13478,13479,13480,13481,13482,13483,13484,13485,13486,13487,13488,13489,13490,13491,13492,13493,13494,13495,13496,13497,13498,13499,13500,13501,13502,13503,13504,13505,13506,13507,13508,13509,13510,-13031,-13030,-13029,-13028,-13027,-13026,-13025,-13310,-13309,-13308,-13307,-13306,-13305,-13304,-13303,-13302,-13301,-13300,-13299,-13298,-13297,-13296,-13295,-13294,-13293,-13292,-13291,-13290,-13289,-13288,-13287,-13286,-13285,-13284,-13283,-13282,-13281,-13280,-13279,-13278,-13277,-13276,-13275,-13274,-13273,-13272,-13271,-13270,-13269,-13268,-13267,-13266,-13265,-13264,-13263,-13262,-13261,-13260,-13259,-13258,-13257,-13256,-13255,-13254,-13253,-13252,-8042,-13251,-13250,-13249,-13248,-13247,-13246,-13245,-13244,-13243,-13242,-13241,-13240,-13239,-13238,-13237,-13236,-13235,-13234,-13233,-13232,-13231,-13230,-13229,-13228,-13227,-13226,-13225,-13224,-13223,-13222,-13221,-13220,-13219,-13218,-13217,-13216,-13215,-13214,-13213,-13212,-13211,-13210,-13209,-13208,-13207,-13206,-13205,-13204,-13203,-13202,-13201,-13200,-13199,-13198,-13197,-13196,-13195,-13194,-13193,-13192,-13191,-13190,-13189,-13188,-13187,-13186,-13185,-13184,-13183,-13182,-13181,-13180,-13179,-13178,-13177,-13176,-13175,-13174,-13173,-13172,-13171,-13170,-13169,-13168,-13167,-13166,-13165,-13164,-13163,-13162,-13161,-13160,-13159,-13158,-13157,-13156,-13155,-13154,-13153,-13152,-13151,-13150,-13149,-13148,-13147,-13146,-13145,-13144,-13143,-13142,-13141,-13140,-13139,-13138,-13137,-13136,-13135,-13134,-13133,-13132,-13131,-13130,-13129,-13128,-13127,-13126,-13125,-13124,-13123,-13122,-13121,-7910,-13120,-13119,-13118,-13117,-13116,-13115,-13114,-13113,-13112,-13111,-13110,-13109,-13108,-7896,-13107,-13106,-13105,-13104,-13103,-13102,-13101,-13100,-13099,-13098,-13097,-7884,-13096,-13095,-13094,-13093,-13092,-7878,-13091,-13090,-13089,-13088,-13087,-13086,-13085,-13084,-13083,-13082,-13081,-13080,-13079,-13078,-13077,-13076,-13075,-13074,-13073,-13072,-13071,-13070,-13069,-13068,-13067,-13066,-13065,-13064,-7849,-13063,11929,11930,11931,11932,11933,11934,11935,11936,11937,11938,11939,11940,11941,11942,11943,11944,11945,11946,11947,11948,11949,11950,11951,11952,11953,11954,11955,11956,11957,11958,11959,11960,11961,11962,11963,11964,11965,11966,11967,11968,11969,11970,11971,11972,11973,11974,11975,11976,11977,11978,11979,11980,11981,11982,11983,11984,11985,11986,11987,11988,11989,11990,11991,11992,11993,11994,11995,11996,11997,11998,11999,12000,12001,12002,12003,12004,12005,12006,12007,12008,12009,12010,12011,12012,-5671,12013,12014,12015,12016,12017,12018,12019,12020,12021,12022,12023,12024,12025,12026,12027,12028,12029,12030,12031,12032,12033,12034,12035,12036,12037,12038,12039,12040,12041,12042,12043,12044,12045,12046,12047,12048,12049,12050,12051,12052,12053,12054,12055,12056,12057,12058,12059,12060,12061,12062,12063,12064,12065,12066,12067,12068,12069,12070,12071,12072,12073,12074,12075,12076,12077,12078,12079,12080,12081,12082,12083,12084,12085,12086,12087,12088,12089,12090,12091,12092,12093,12094,12095,12096,12097,12098,12099,12100,12101,12102,12103,12104,12105,12106,12107,12108,12109,12110,12111,12112,12113,12114,12115,12116,12117,12118,12119,12120,12121,12122,12123,12124,12125,12126,12127,12128,12129,12130,12131,12132,12133,12134,12135,12136,12137,12138,12139,12140,12141,12142,12143,12144,12145,12146,12147,12148,12149,12150,12151,12152,12153,12154,12155,12156,12157,12158,12159,12160,12161,12162,12163,12164,12165,12166,12167,12168,12169,12170,12171,12172,12173,12174,12175,12176,12177,12178,12179,12180,12181,12182,12183,12184,12185,12186,12187,12188,12189,12190,12191,12192,12193,-5489,12194,12195,12196,12197,12198,12199,12200,12201,12202,12203,12204,12205,12206,12207,12208,12209,12210,12211,12212,12213,12214,12215,12216,12217,12218,12219,12220,12221,12222,12223,12224,12225,12226,12227,12228,12229,12230,12231,12232,12233,12234,12235,12236,12237,12238,12239,12240,12241,12242,12243,12244,12245,12246,12247,12248,12249,12250,12251,12252,12253,12254,12255,12256,12257,12258,12259,12260,12261,12262,12263,12264,12265,12266,12267,12268,12269,12270,12271,12272,12273,12274,12275,12276,12277,12278,12279,12280,12281,12282,12283,12284,12285,12286,12287,12288,12289,12290,12291,12292,12293,12294,12295,12296,12297,12298,12299,12300,12301,12302,12303,12304,12305,12306,12307,12308,12309,12310,12311,12312,12313,12314,12315,12316,12317,12318,12319,12320,12321,12322,12323,12324,12325,12326,12327,12328,12329,12330,12331,12332,12333,12334,12335,361,12336,12337,12338,12339,12340,12341,12342,12343,12344,12345,12346,12347,12348,12349,12350,12351,12352,12353,12354,12355,12356,12357,12358,12359,12360,12361,12362,12363,12364,12365,12366,12367,12368,12369,12370,12371,12372,12373,12374,12375,12376,12377,12378,12379,12380,12381,12382,12383,12384,12385,12386,12387,12388,12389,12390,12391,12392,12393,12394,12395,12396,12397,12398,12399,12400,12401,12402,12403,12404,12405,12406,12407,12408,12409,12410,12411,12412,12413,12414,12415,12416,12417,12418,12419,12420,12421,12422,12423,12424,12425,12426,12427,12428,12429,12430,12431,12432,12433,12434,12435,12436,12437,12438,12439,12440,12441,12442,12443,12444,12445,12446,12447,12448,12449,12450,12451,12452,12453,12454,12455,12456,12457,12458,12459,12460,12461,12462,12463,12464,12465,12466,12467,12468,12469,12470,12471,12472]],"type":"Polygon","properties":{"d":"35"}},{"arcs":[[13604,13605,-4184,13606,13607,13608,13609,13610,13611,13612,13613,13614,13615,13616,13617,13618,13619,13620,13621,13622,13623,13624,13625,13626,13627,13628,13629,13630,13631,13632,13633,13634,13635,13636,13637,13638,13639,13640,13641,13642,13643,13644,13645,13646,13647,13648,13649,13650,13651,13652,13653,13654,13655,13656,13657,13658,13659,13660,13661,13662,13663,13664,13665,13666,13667,13668,13669,13670,13671,13672,13673,13674,13675,13676,13677,13678,13679,13680,13681,13682,13683,13684,10335,13685,13686,13687,13688,13689,13690,13691,13692,10344,13693,13694,13695,13696,13697,13698,13699,13700,13701,13702,13703,13704,13705,13706,13707,13708,13709,13710,13711,13712,13713,13714,13715,13716,13717,13718,13719,13720,13721,13722,13723,13724,13725,13726,13727,13728,13729,13730,13731,13732,13733,13734,13735,13736,13737,13738,13739,13740,13741,13742,13743,13744,13745,13746,13747,13748,13749,13750,13751,13752,13753,13754,13755,13756,13757,13758,13759,13760,13761,13762,13763,13764,13765,13766,13767,13768,13769,13770,13771,13772,13773,13774,13775,13776,13777,13778,13779,13780,13781,13782,13783,13784,13785,13786,13787,13788,13789,13790,13791,13792,13793,13794,13795,13796,13797,13798,13799,13800,13801,13802,13803,13804,13805,13806,13807,13808,13809,13810,13811,13812,13813,13814,13815,13816,13817,13818,13819,13820,13821,13822,13823,13824,13825,13826,13827,13828,13829,13830,13831,13832,13833,13834,13835,13836,13837,13838,13839,13840,10493,13841,13842,13843,13844,13845,13846,13847,13848,13849,13850,10504,13851,13852,13853,13854,13855,19805,19806,19807,13596,13597,13598,13599,13600,13601,13602,13603]],"type":"Polygon","properties":{"d":"36"}},{"arcs":[[19808,19809,19810,19811,19812,19813,19814,19815,19816,19817,19818,19819,500,19820,19821,19822,19823,19824,19825,19826,19827,19828,19829,19830,19831,19832,19833,19834,19835,19836,19837,19838,19839,19840,19841,19842,19843,-19785,12666,12667,12668,12669,12670,12671,-5129,12672,12673,12674,12675,12676,12677,12678,12679,12680,12681,12682,12683,12684,12685,12686,12687,12688,12689,12690,-5793,12691,12692,12693,12694,12695,12696,12697,12698,12699,12700,12701,12702,12703,12704,12705,12706,12707,12708,12709,-5773,19844]],"type":"Polygon","properties":{"d":"46"}},{"arcs":[[19845,14999,19846,-19057,19847,-14998,19848,-14996,19849,-14994,19850,-14992,19851,-14990,19852,-14988,19853,-14986,19854,19855,19856,19857,19858,19859,19860,19861,19862,19863,19864,19865,19866,19867,19868,19869,19870,19871,19872,19873,19874,19875,19876,19877,19878,19879,19880,19881,19882,19883,19884,19885,19886,15287,15288,15289,15290,15291,15292,19887,5715,19888,19889,19890,19891,19892,19893,19894,19895,19896,19897,19898,19899,19900,19901,19902,19903,19904,19905,19906,19907,19908,19909,19910,19911,19912,19913,19914,19915,19916,19917,19918,19919,19920,19921,19922,19923,15241,15242,-1916,15243,15244,15245,15246,15247,15248,15249,15250,15251,15252,15253,15254,15255,15256,15257,15258,15259,15260,15261]],"type":"Polygon","properties":{"d":"49"}},{"arcs":[[-12692,5792,-12691,-12690,-12689,-12688,-12687,-12686,-12685,-12684,-12683,-12682,-12681,-12680,-12679,-12678,-12677,-12676,-12675,-12674,-12673,5128,-12672,-12671,-12670,-12669,-12668,-12667,-12666,-12665,-12664,-12663,-12662,-12661,-12660,-12659,-12658,-12657,-12656,-12655,-12654,-12653,-12652,-12651,-12650,-12649,-12648,-12647,-12646,-12645,-12644,-12643,-12642,-12641,-12640,-12639,-12638,-12637,-12636,-12635,-12634,-12633,-12632,-12631,-12630,-12629,-12628,-12627,-12626,-12625,-12624,-12623,-12622,-12621,-12620,-12619,-12618,-12617,-12616,-12615,-12614,-12613,-12612,-12611,-12610,-12609,-12608,-12607,-12606,-12605,-12604,-12603,-12602,-12601,-12600,-12599,-12598,-12597,-12596,-12595,-12594,-12593,-12592,-12591,-12590,-12589,-12588,-12587,-12586,-12585,-12584,-12583,-12582,-12581,-12580,-12579,-12578,-12577,-12576,-12575,5150,-12574,-12573,-12572,-12571,-12570,-12569,-12568,-12567,-12566,-12565,-12564,-12563,-12562,-12561,-12560,-12559,-12558,-12557,-12556,-12555,-12554,-12553,-12552,-12551,-12550,-12549,-12548,-12547,-12546,-12545,-12544,-12543,-12542,-12541,-12540,-12539,-12538,-12537,-12536,-12535,-12534,-12533,-12532,-12531,-12530,-12529,-12528,-12527,-12526,-12525,-12524,-12523,-12522,-12521,-12520,-12519,-12518,-12517,-12516,-12515,-12514,-12513,-12512,-12511,-12510,-12509,-12508,-12507,-12506,-12505,-12504,-12503,-12502,-12501,-12500,-12499,-12498,-12497,-12496,-12495,-12494,-12493,-12492,-12491,-12490,-12489,-12488,-12487,-12486,-12485,-12484,-12483,-12482,-12481,-12480,-12479,-12478,-12477,-12476,-12475,-12474,-12473,-12472,-12471,-12470,-12469,-12468,-12467,-12466,-12465,-12464,-12463,-12462,-12461,-12460,-12459,-12458,-12457,-12456,-12455,-12454,-12453,-12452,-12451,-12450,-12449,-12448,-12447,-12446,-12445,-12444,-12443,-12442,-12441,-12440,-12439,-12438,-12437,-12436,-12435,-12434,-12433,-12432,-12431,-12430,-12429,-12428,-12427,-12426,-12425,-12424,-12423,-12422,-12421,-12420,-12419,-12418,-12417,-12416,-12415,-12414,-12413,-12412,-12411,-12410,-12409,-12408,-12407,-12406,-12405,-12404,-12403,-12402,-12401,-12400,-12399,-12398,-12397,-12396,-12395,-12394,-12393,-12392,-12391,-12390,-12389,-12388,-12387,-12386,-12385,-12384,-12383,-12382,-12381,-12380,-12379,-12378,-12377,-12376,-12375,-12374,-12373,-12372,-12371,-12370,-12369,-12368,-12367,-12366,-12365,-12364,-12363,-12362,-12361,-12360,-12359,-12358,-12357,-12356,-12355,-12354,-12353,-12352,-12351,-12350,-12349,-12348,-12347,-12346,-12345,-12344,-12343,-12342,-12341,-12340,-12339,-12338,-12337,-362,-12336,-12335,-12334,-12333,-12332,-12331,-12330,-12329,-12328,-12327,-12326,-12325,-12324,-12323,-12322,-12321,-12320,-12319,-12318,-12317,-12316,-12315,-12314,-12313,-12312,-12311,-12310,-12309,-12308,-12307,-12306,-12305,-12304,-12303,-12302,-12301,-12300,-12299,-12298,-12297,-12296,-12295,-12294,-12293,-12292,-12291,-12290,-12289,-12288,-12287,-12286,-12285,-12284,-12283,-12282,-12281,-12280,-12279,-12278,-12277,-12276,-12275,-12274,-12273,-12272,-12271,-12270,-12269,-12268,-12267,-12266,-12265,-12264,-12263,-12262,-12261,-12260,-12259,-12258,-12257,-12256,-12255,-12254,-12253,-12252,-12251,-12250,-12249,-12248,-12247,-12246,-12245,-12244,-12243,-12242,-12241,-12240,-12239,-12238,-12237,-12236,-12235,-12234,-12233,-12232,-12231,-12230,-12229,-12228,-12227,-12226,-12225,-12224,-12223,-12222,-12221,-12220,-12219,-12218,-12217,-12216,-12215,-12214,-12213,-12212,-12211,-12210,-12209,-12208,-12207,-12206,-12205,-12204,-12203,-12202,-12201,-12200,-12199,-12198,-12197,-12196,-12195,5488,-12194,-12193,-12192,-12191,-12190,-12189,-12188,-12187,-12186,-12185,-12184,-12183,-12182,-12181,-12180,-12179,-12178,-12177,-12176,-12175,-12174,-12173,-12172,-12171,-12170,-12169,-12168,-12167,-12166,-12165,-12164,-12163,-12162,-12161,-12160,-12159,-12158,-12157,-12156,-12155,-12154,-12153,-12152,-12151,-12150,-12149,-12148,-12147,-12146,-12145,-12144,-12143,-12142,-12141,-12140,-12139,-12138,-12137,-12136,-12135,-12134,-12133,-12132,-12131,-12130,-12129,-12128,-12127,-12126,-12125,-12124,-12123,-12122,-12121,-12120,-12119,-12118,-12117,-12116,-12115,-12114,-12113,-12112,-12111,-12110,-12109,-12108,-12107,-12106,-12105,-12104,-12103,-12102,-12101,-12100,-12099,-12098,-12097,-12096,-12095,-12094,-12093,-12092,-12091,-12090,-12089,-12088,-12087,-12086,-12085,-12084,-12083,-12082,-12081,-12080,-12079,-12078,-12077,-12076,-12075,-12074,-12073,-12072,-12071,-12070,-12069,-12068,-12067,-12066,-12065,-12064,-12063,-12062,-12061,-12060,-12059,-12058,-12057,-12056,-12055,-12054,-12053,-12052,-12051,-12050,-12049,-12048,-12047,-12046,-12045,-12044,-12043,-12042,-12041,-12040,-12039,-12038,-12037,-12036,-12035,-12034,-12033,-12032,-12031,-12030,-12029,-12028,-12027,-12026,-12025,-12024,-12023,-12022,-12021,-12020,-12019,-12018,-12017,-12016,-12015,-12014,5670,-12013,-12012,-12011,-12010,-12009,-12008,-12007,-12006,-12005,-12004,-12003,-12002,-12001,-12000,-11999,-11998,-11997,-11996,-11995,-11994,-11993,-11992,-11991,-11990,-11989,-11988,-11987,-11986,-11985,-11984,15274,15275,15276,15277,15278,15279,15280,15281,15282,15283,15284,15285,15286,-19887,-19886,-19885,-19884,-19883,-19882,-19881,-19880,-19879,-19878,-19877,-19876,-19875,-19874,-19873,-19872,-19871,-19870,-19869,-19868,-19867,-19866,-19865,-19864,-19863,-19862,-19861,-19860,-19859,-19858,-19857,-19856,-19855,14985,-19854,14987,-19853,14989,-19852,14991,-19851,14993,-19850,14995,-19849,14997,-19848,-19056]],"type":"Polygon","properties":{"d":"48"}},{"arcs":[[15549,15550,15551,15552,15553,15554,15555,15556,15557,15558,15559,15560,15561,15562,15563,15564,15565,15566,15567,15568,15569,15570,15571,15572,15573,15574,15575,15576,15577,15578,15579,15580,15581,15582,15583,15584,15585,15586,15587,15588,15589,15590,15591,15592,15593,15594,15595,15596,15597,15598,15599,15600,15601,15602,15603,15604,15605,15606,15607,15608,8520,15609,15610,15611,15612,15613,15614,15615,15616,15617,15618,15619,15620,15621,15622,15623,15624,15625,15626,8539,15627,15628,15629,15630,15631,15632,15633,15634,15635,15636,15637,15638,15639,15640,15641,15642,15643,15644,15645,15646,15647,15648,15649,15650,15651,15652,15653,15654,15655,15656,15657,15658,15659,15660,15661,15662,15663,15664,15665,15666,15667,15668,15669,15670,15671,15672,15673,15674,15675,15676,15677,15678,15679,15680,15681,15682,15683,15684,15685,15686,15687,15688,15689,15690,15691,15692,15693,15694,15695,15696,15697,15698,15699,15700,15701,15702,15703,15704,15705,15706,15707,15708,15709,8623,15710,15711,15712,15713,15714,8629,15715,15716,15717,15718,15719,15720,15721,15722,15723,15724,15725,15726,15727,15728,15729,15730,15731,15732,15733,15734,15735,15736,15737,15738,15739,15740,15741,15742,15743,15744,15745,15746,15747,15748,15749,15750,15751,15752,15753,15754,15755,15756,15757,15758,15759,15760,15761,15762,15763,15764,15765,15766,15767,15768,15769,15770,15771,15772,15773,15774,15775,15776,15777,15778,15779,15780,15781,15782,15783,15784,15785,15786,15787,15788,15789,15790,15791,15792,15793,15794,15795,15796,15797,15798,15799,15800,15801,15802,15803,15804,15805,15806,15807,15808,15809,15810,15811,15812,15813,15814,15815,15816,15817,15818,15819,15820,15821,15822,15823,15824,15825,15826,15827,15828,15829,15830,15831,15832,15833,15834,15835,15836,15837,15838,15839,15840,15841,15842,15843,15844,15845,15846,15847,15848,15849,15850,15851,15852,15853,15854,15855,15856,15857,15858,15859,15860,15861,15862,15863,15864,15865,15866,15867,15868,15869,15870,15871,15872,15873,15874,15875,15876,15877,15878,15879,15880,15881,15882,15883,15884,15885,15886,15887,15888,15889,15890,15891,15892,15893,15894,15895,15896,15897,15898,15899,15900,15901,15902,15903,15904,15905,15906,15907,15908,15909,15910,15911,15912,15913,15914,15915,15916,15917,15918,15919,15920,15921,15922,15923,15924,15925,15926,15927,15928,15929,15930,15931,15932,15933,15934,15935,15936,15937,15938,15939,15940,15941,15942,15943,15944,15945,15946,15947,15948,15949,15950,15951,15952,15953,15954,15955,15956,15957,15958,15959,15960,15961,15962,15963,15964,15965,15966,15967,15968,15969,15970,15971,15972,15973,15974,15975,15976,15977,15978,15979,15980,15981,15982,15983,15984,15985,15986,15987,15988,15989,15990,15991,15992,15993,15994,15995,15996,15997,15998,15999,16000,16001,16002,16003,16004,16005,16006,16007,16008,16009,16010,16011,16012,16013,16014,16015,16016,16017,16018,16019,16020,16021,16022,16023,16024,16025,16026,16027,16028,16029,16030,16031,16032,16033,16034,16035,16036,16037,16038,16039,16040,16041,16042,16043,16044,16045,16046,16047,16048,16049,16050,16051,16052,16053,16054,16055,2723,2724,16056,2726,16057,16058,2729,16059,16060,2732,16061,2734,16062,2736,16063,2738,16064,2740,16065,2742,16066,2745,16067,2747,16068,2749,16069,2751,16070,2753,16071,2755,16072,2757,16073,2759,16074,16075,2762,16076,2764,16077,2766,16078,2768,16079,2770,16080,16081,2773,16082,2775,16083,2777,16084,2779,16085,2781,16086,2783,16087,2785,16088,16089,2788,2789,16090,2791,16091,2793,16092,2795,16093,2797,16094,2799,16095,2801,16096,2803,16097,2805,16098,2807,16099,2809,16100,2811,16101,2813,16102,2815,16103,2817,16104,2819,16105,2821,16106,2823,2824,16107,2826,16108,2828,16109,2830,16110,16111,2833,16112,2835,16113,2837,16114,2839,16115,2841,16116,2843,16117,2845,16118,2847,16119,2849,16120,2851,16121,2853,16122,2855,16123,2857,16124,2859,16125,2861,16126,2863,16127,2865,16128,2867,16129,2869,16130,2871,16131,2873,16132,2875,16133,2877,16134,2879,16135,2881,16136,2883,16137,2885,16138,2887,16139,2889,16140,2891,16141,2893,16142,2895,16143,2897,16144,2899,16145,2901,16146,16147,16148,16149,16150,16151,16152,16153,16154,19924,19925,19926,19927,19928,19929,19930,19931,19932,19933,19934,19935,19936,19937,19938,19939,19940,19941,19942,19943,19944,19945,19946,19947,19948,19949,19950,19951,19952,19953,19954,19955,19956,19957,19958,19959,19960,19961,19962,19963,19964,19965,19966,19967,19968,19969,19970,19971,19972,19973,19974,19975,19976,19977,19978,-11165,-11164,-11163,-11162,-11161,-11160,-11159,-11158,-11157,-11156,-11155,-11154,-14145,-19562,-18065,-18064,-18063,-18062,-18061,-18060,-18059,-18058,-18057,-18056,-18055,-18054,-18053,-18052,-18051,-18050,-18049,-18048,-18047,-18046,-18045,-18044,-18043,-18042,-18041,-18040,-18039,-18038,-18037,-18036,-18035,-18034,-18033,-18032,-18031,-18030,-18029,-18028,-18027,-18026,-18025,-18024,-18023,-18022,-18021,-18020,-18019,-18018,-18017,-18016,-18015,-18014,-18013,-18012,-18011,-18010,-18009,-18008,-18007,-18006,-18005,-18004,-18003,-18002,-18001,-18000,-17999,-17998,-17997,-17996,-17995,-17994,-17993,-17992,-17991,-17990,-17989,-17988,-17987,-17986,-17985,-17984,-17983,-17982,-17981,-17980,-17979,-17978,-17977,-17976,-17975,-17974,-17973,-17972,-17971,-17970,-17969,-17968,-17967,-17966,-17965,-17964,-17963,-17962,-17961,-17960,-17959,-17958,-17957,-17956,-17955,-17954,-17953,-17952,-17951,-17950,-17949,-17948,-17947,-17946,-17945,-17944,-17943,-17942,-17941,-17940,-17939,-17938,-17937,-17936,-17935,-17934,-17933,-17932,-17931,-17930,-17929,-17928,-17927,-17926,-17925,-17924,-17923,-17922,-17921,-17920,-17919,-17918,-17917,-17916,-17915,15547,15548]],"type":"Polygon","properties":{"d":"10"}},{"arcs":[[-19654,-19653,-19652,-19651,-19650,-19649,-19648,-19647,-19646,-19645,-19644,-19643,-19642,-19641,-19640,-19639,-19638,-19637,-19636,-19635,-19634,-19633,-19632,-19631,-19630,-19629,-19628,-19627,-19626,-19625,-19624,-19623,-19622,-19621,-3057,-19620,-19619,-19618,-19617,-19616,-19615,-19614,-19613,-19612,-19611,-19610,-19609,-19608,-19607,-19606,-19605,-19604,-19603,-19602,-19601,-19600,-3035,-19599,-19598,-19597,-19596,-19595,-19594,-19593,-19592,-19591,-19590,-19589,-19588,-19587,-19586,-19585,-19584,-19583,-19582,-19581,-19580,-19579,-19578,-19577,-19576,-19575,-19574,-19573,-19572,-19571,-19570,-19569,-19568,-19567,-19566,-19565,-19564,-19563,11876,-2996,11877,11878,11879,11880,11881,11882,11883,-2988,11884,11885,-2985,11886,11148,11149,11150,11151,11152,11153,11154,11155,11156,11157,11158,11159,11160,11161,11162,11163,11164,-19979,-19978,-19977,-19976,-19975,-19974,-19973,-19972,-19971,-19970,-19969,-19968,-19967,-19966,-19965,-19964,-19963,-19962,-19961,-19960,-19959,-19958,-19957,-19956,-19955,-19954,-19953,-19952,-19951,-19950,-19949,-19948,-19947,-19946,-19945,-19944,-19943,-19942,-19941,-19940,-19939,-19938,-19937,-19936,-19935,-19934,-19933,-19932,-19931,-19930,19979,-11320,-11319,-11318,-3441,-11317,-11316,-11315,-3437,-11314,-11313,-11312,-11311,-11310,-11309,-11308,-11307,19980,19981,19982,19983,19984,19985,19986,19987,19988,19989,19990,19991,19992,19993,19994,19995,19996,19997,19998,19999,20000,20001,20002,20003,20004,20005,20006,20007,20008,20009,20010,20011,20012,20013,20014,20015,20016,20017,20018,20019,20020,20021,20022,20023,20024,20025,20026,20027,20028,20029,20030,20031,20032,20033,20034,20035,20036,20037,20038,20039,20040,20041,20042,20043,20044,20045,20046,20047,20048,-19718,-19717,-19716,-19715,-19714,-19713,-19712,-19711,-19710,-19709,-19708,-19707,-19706,-19705,-19704,-19703,-19702,-19701,-19700,-19699,-19698,-19697,-19696,-19695,-19694,-19693,-19692,-19691,-19690,-19689,-19688,-19687,-19686,-19685,-19684,-19683,-19682,-19681,-19680,-19679,-19678,-19677,-19676,-19675,-19674,-19673,7045,-19672,-19671,-19670,-19669,-19668,-19667,-19666,-19665,-19664,-19663,-11566,-11565,-11564,-11563,-11562,-11561,-11560,-11559,-11558,-11557,-11556,-11555,-11554,-11553,-11552,-11551,-11550,-11549,-11548,-11547,-11546,-11545,-11544,-11543,-11542,-11541,-11540,-11539,-11538,-11537,-11536,-11535,-11534,-11533,-11532,-11531,-11530,-11529,-11528,-11527,-11526,-11525,-11524,-11523,-11522,-11521,14145,-19769,20049,20050,20051,20052,20053,20054,20055,20056,20057,20058,20059,20060,20061,20062,20063,20064,20065,-19661,-19660,-19659,-19658,-19657,-19656,-19655]],"type":"Polygon","properties":{"d":"20"}},{"arcs":[[-19783,-19782,-19781,-19780,-19779,-19778,-19777,-19776,-19775,-19774,-19773,-19772,-19771,20066,20067,20068,20069,20070,20071,20072,20073,20074,20075,20076,20077,20078,20079,20080,20081,20082,20083,20084,20085,20086,20087,-4035,20088,20089,20090,20091,20092,20093,20094,20095,20096,20097,20098,20099,20100,20101,20102,20103,20104,20105,20106,20107,20108,20109,-4012,20110,20111,20112,20113,20114,20115,20116,20117,20118,20119,20120,20121,20122,20123,20124,20125,20126,20127,20128,20129,20130,20131,20132,20133,20134,20135,20136,20137,20138,20139,20140,20141,20142,20143,20144,20145,20146,20147,20148,20149,5059,4817,4818,20150,13032,20151,-13510,-13509,-13508,-13507,-13506,-13505,-13504,-13503,-13502,-13501,-13500,-13499,-13498,-13497,-13496,-13495,-13494,-13493,-13492,-13491,-13490,-13489,-13488,-13487,-13486,-13485,-13484,-13483,-13482,-13481,-13480,-13479,-13478,-13477,-13476,-13475,-13474,-13473,-13472,-13471,-13470,-13469,-13468,-13467,-13466,-13465,-13464,-13463,-13462,-13461,-13460,-13459,-13458,-13457,-13456,-13455,-13454,-13453,-13452,-13451,-13450,-13449,-13448,-13447,-13446,-13445,-13444,-13443,-13442,-13441,-13440,-13439,-13438,-13437,-13436,-13435,-13434,-13433,-13432,-13431,-13430,-13429,-13428,-13427,-13426,-13425,-13424,-13423,-13422,-13421,-13420,-13419,-13418,-13417,-13416,-13415,-13414,-13413,-13412,-13411,-13410,-13409,-13408,-13407,-13406,-13405,-13404,-13403,-13402,-13401,-13400,-13399,-13398,-13397,-13396,-13395,-13394,-13393,-13392,-13391,-13390,-13389,-13388,-13387,-13386,-13385,-13384,-13383,-13382,-13381,-13380,-13379,-13378,-13377,-13376,-13375,-13374,-13373,-13372,-13371,-13370,-13369,-13368,-13367,-13366,-13365,-13364,-13363,-13913,-13912,-13911,-13910,-13909,-13908,-13907,-10566,-13906,-10564,-13905,-13904,-13903,-13902,-13901,-13900,-13899,-13898,-13897,-13896,-13895,-13894,-13893,-10550,-13892,-13891,-10547,-13890,-13889,-13888,-13887,-13886,-13885,-13884,-10539,-13883,-13882,-10536,-13881,-13880,-13879,-13878,-13877,-13876,-13875,-13874,-13873,-13872,-13871,-13870,-13869,-13868,-13867,-13866,-13865,-13864,-13863,-13862,-13861,-13860,-13859,-13858,-13857,-13856,-13855,-13854,-13853,-13852,-10505,-13851,-13850,-13849,-13848,-13847,-13846,-13845,-13844,-13843,-13842,-10494,-13841,-13840,-13839,-13838,-13837,-13836,-13835,-13834,-13833,-13832,-13831,-13830,-13829,-13828,-13827,-13826,-13825,-13824,-13823,-13822,-13821,-13820,-13819,-13818,-13817,-13816,-13815,-13814,-13813,-13812,-13811,-13810,-19784]],"type":"Polygon","properties":{"d":"30"}},{"arcs":[[[20152,20153,20154,20155,24,20156,20157,20158,20159,20160,20161,31,20162,20163,20164,20165,20166,20167,20168,20169,20170,20171,20172,46,47]],[[20173,51]],[[11135,11136,11137,92,11138,11139,11140,11141,97,11142,11143,11144,11145,11146,103,11147,105]],[[106]],[[107]]],"type":"MultiPolygon","properties":{"d":"80"}},{"arcs":[[13024,13025,13026,13027,13028,13029,13030,-13511,-20152,-13033,-20151,4819,20174,-11930,13062,7848,13063,13064,13065,13066,13067,13068,13069,13070,13071,13072,13073,13074,13075,13076,13077,13078,13079,13080,13081,13082,13083,13084,13085,13086,13087,13088,13089,13090,7877,13091,13092,13093,13094,13095,7883,13096,13097,13098,13099,13100,13101,13102,13103,13104,13105,13106,7895,13107,13108,13109,13110,13111,13112,13113,13114,13115,13116,13117,13118,13119,7909,13120,13121,13122,13123,13124,13125,13126,13127,13128,13129,13130,13131,13132,13133,13134,13135,13136,13137,13138,13139,13140,13141,13142,13143,13144,13145,13146,13147,13148,13149,13150,13151,13152,13153,13154,13155,13156,13157,13158,13159,13160,13161,13162,13163,13164,13165,13166,13167,13168,13169,13170,13171,13172,13173,13174,13175,13176,13177,13178,13179,13180,13181,13182,13183,13184,13185,13186,13187,13188,13189,13190,13191,13192,13193,13194,13195,13196,13197,13198,13199,13200,13201,13202,13203,13204,13205,13206,13207,13208,13209,13210,13211,13212,13213,13214,13215,13216,13217,13218,13219,13220,13221,13222,13223,13224,13225,13226,13227,13228,13229,13230,13231,13232,13233,13234,13235,13236,13237,13238,13239,13240,13241,13242,13243,13244,13245,13246,13247,13248,13249,13250,8041,13251,13252,13253,13254,13255,13256,13257,13258,13259,13260,13261,13262,13263,13264,13265,13266,13267,13268,13269,13270,13271,13272,13273,13274,13275,13276,13277,13278,13279,13280,13281,13282,13283,13284,13285,13286,13287,13288,13289,13290,13291,13292,13293,13294,13295,13296,13297,13298,13299,13300,13301,13302,13303,13304,13305,13306,13307,13308,13309]],"type":"Polygon","properties":{"d":"31"}},{"arcs":[[[20175,20176,20177,20178,20179,20180,20181,20182,20183,20184,20185,20186,7685,20187,20188,20189,20190,20191,20192,20193,20194,20195,20196,20197,20198,20199,20200,-1890,12747,12748,12749,12750,12751,-1884,12752,12753,12754,12755,12756,12757,12758,12759,12760,4769,20201,4766,4767]],[[20202,4764]]],"type":"MultiPolygon","properties":{"d":"57"}},{"arcs":[[20203,-2104,20204,20205,20206,20207,-2099,-2098,20208,20209,20210,20211,-2093,20212,20213,20214,20215,-2088,20216,-2086,20217,20218,-2083,20219,-2081,20220,20221,20222,20223,20224,20225,-2074,20226,-16570,20227,-16568,20228,-16572,20229,20230,20231,20232,20233,20234,20235,20236,5921,20237,5923,20238,20239,20240,20241,20242,20243,20244,2335,2336,2337,20245,20246,20247,2341,20248,20249,20250,20251,20252,20253,2348,20254,20255]],"type":"Polygon","properties":{"d":"106"}},{"arcs":[[20256,15223,15224,15225,15226,15227,15228,15229,15230,9980,15231,15232,15233,20257,20258,20259,20260,20261,20262,20263,20264,20265,20266,20267,-7655,20268,20269,20270,20271,20272,15308,15309,15310,-297,15311,15312,15313,15314,15315,15316,-290,15317,15318,15319,15320,15321,15322,15323,15324,-200,20273,-11102,20274,20275,20276,20277,20278,20279,20280,78,20281,53,1953]],"type":"Polygon","properties":{"d":"76"}},{"arcs":[[11320,11321,11322,11323,11324,11325,11326,3451,11327,11328,11329,11330,11331,11332,11333,11334,11335,11336,11337,11338,11339,11340,-6861,11341,11342,-6858,11343,11344,11345,11346,11347,11348,11349,11350,11351,11352,11353,11354,11355,11356,11357,11358,11359,11360,11361,11362,11363,11364,11365,11366,11367,11368,11369,11370,11371,11372,11373,11374,11375,11376,11377,11378,11379,11380,11381,11382,11383,11384,11385,11386,11387,11388,11389,11390,11391,-6937,11392,-6935,11393,11394,11395,-6931,11396,3368,20282,-19981,11306,11307,11308,11309,11310,11311,11312,11313,3436,11314,11315,11316,3440,11317,11318,11319]],"type":"Polygon","properties":{"d":"18"}},{"arcs":[[15236,15237,15238,15239,15240,-19924,-19923,-19922,-19921,-19920,-19919,-19918,-19917,-19916,-19915,-19914,-19913,-19912,-19911,-19910,-19909,-19908,-19907,-19906,-19905,-19904,-19903,-19902,-19901,-19900,-19899,-19898,-19897,-19896,-19895,-19894,-19893,-19892,-19891,-19890,-19889,-5716,-19888,-15293,-15292,-15291,-15290,-15289,-15288,-15287,-15286,-15285,-15284,-15283,-15282,-15281,-15280,-15279,-15278,-15277,-15276,-15275,-11983,-11982,-11981,-11980,-11979,-11978,-11977,-11976,20283,20284,20285,20286,20287,20288,20289,20290,20291,20292,20293,20294,20295,20296,20297,20298,20299,20300,638,20301,20302,20303,20304,20305,17564,17565,17566,647,17567,17568,650,17569,17570,-247,-16287,-16286,-16285,-16284,-16283,-16282,-16281,-16280,-16279,-16278,-16277,-16276,-16275,-16274,-16273,-16272,-16271,-16270,-16269,-16268,-16267,-16266,-16265,-16264,-16263,-16262,-16261,-16260,-16259,-16258,-16257,-16256,-16255,-16254,-16253,-16252,-16251,-16250,-16249,-16248,-16247,-16246,-16245,-15322,-15321,-15320,-15319,-15318,289,-15317,-15316,-15315,-15314,-15313,-15312,296,-15311,-15310,-15309,-20273,-20272,-20271,-20270,-20269,7654,-20268,-20267,-20266,-20265,-20264,-20263,-20262,-20261,-20260,-20259,-20258,15234,15235]],"type":"Polygon","properties":{"d":"83"}},{"arcs":[[-17065,-17064,-17063,-17062,-17061,-17060,-17059,-17058,-17057,-17056,-17055,-17054,-17053,-17052,-17051,-17050,-17049,-17048,-17047,-17046,-17045,-17044,-17043,-17042,-17041,-17040,-17039,-17038,-17037,-17036,-17035,-17034,-17033,-17032,-17031,-17030,-17029,-17028,-17027,-17026,-17025,-4193,-17024,9831,-17023,-17022,-17021,-17020,-17019,9837,-17018,-17017,-17016,-17015,-17014,-17013,-17012,13593,13594,13595,-19808,20306,20307,20308,20309,20310,20311,20312,20313,20314,20315,20316,20317,20318,-17095,-17094,-17093,-17092,-17091,-17090,-17089,-17088,-17087,-17086,-17085,-17084,-17083,-17082,-17081,-17080,-17079,-17078,-17077,-17076,-17075,-17074,9784,-17073,-17072,-17071,-17070,-17069,-17068,-17067,-17066]],"type":"Polygon","properties":{"d":"39"}},{"arcs":[[20319,20320,20321,20322,20323,20324,20325,3478,20326,20327,3481,20328,20329,-17315,20330,6857,-11343,-11342,6860,-11341,-11340,-11339,-11338,-11337,-11336,-11335,-11334,-16219,3459,-16218,-16217,-16216,3463,-16215,-16214,-16213,3467,-16212,-16211,-16210,-16209,-16208,-16207,-16206,-16205,-16204,-16203,-16202,6878,-16201,-16200,-16199,-16198,-16197,-16196,-16195,-16194,-16193,-16192,-16191,-16190,-16189,6892,-16188,-16187,-16186,-16185,-16184,-16183,-16182,-16181,-16180,-16179,6903,-19561]],"type":"Polygon","properties":{"d":"12"}},{"arcs":[[20331,20332,20333,20334,20335,20336,20337,20338,20339,20340,20341,1807,1808,20342,20343,20344,20345,20346,20347,15123]],"type":"Polygon","properties":{"d":"116"}},{"arcs":[[-19298,-19297,-19296,-19295,-19294,-19293,-19292,-19291,-19290,-19289,-19288,-19287,-19286,-19285,-19284,-19283,-19282,-19281,-19280,-19279,-19278,-19277,-19276,-19275,-19274,-19273,-19272,-19271,-19270,-19269,-19268,-19267,-19266,-19265,-19264,-19263,-19262,-19261,-19260,-19259,-19258,-19257,-19256,-19255,-19254,-19253,-19252,-19251,-19250,-19249,-19248,-19247,-19246,-19245,-19244,-19243,-19242,-19241,-19240,-19239,-19238,-19237,-19236,-19235,-19234,-19233,-19232,-19231,-1502,-19230,-19229,-19228,-19227,-19226,-19225,-19224,-19223,-19222,-19221,-19220,-19219,-19218,-19217,-19216,-19215,-19214,-19213,-19212,-19211,-19210,-19209,-19208,-19207,-19206,-19205,-19204,-19203,-19202,-19201,-19200,-19199,-19198,-19197,-19196,-19195,-19194,-19193,-19192,-19191,-19190,-19189,-19188,-19187,-19186,-19185,-19184,-19183,-19182,-19181,-19180,-19179,-19178,-19177,-19176,-19175,-19174,-19173,-19172,-19171,-19170,-19169,-1439,-19168,-19167,-19166,-19165,-19164,-19163,-19162,-19161,-19160,-19159,-19158,-19157,-19156,-19155,-19154,-19153,-19152,-19151,-19150,-19149,-19148,-19147,-19146,-19145,-19144,-19143,-19142,-19141,-19140,-19139,-19138,-19137,-19136,-19135,-19134,-19133,-19132,-19131,-19130,-19129,-19128,-19127,-19126,-19125,-19124,-19123,-19122,-19121,-19120,-19119,-19118,-19117,-19116,-19115,-19114,-19113,-19112,-19111,-19110,-19109,-19108,-19107,-19106,-19105,-19104,-19103,-19102,-19101,-19100,-19099,-19098,-19097,-19096,-19095,-19094,-19093,-19092,-19091,-19090,-19089,-19088,-19087,-19086,-19085,-19084,-19083,-19082,-19081,-19080,-19079,-1348,-19078,-19077,-19076,-19075,-19074,-19073,-19072,-19071,-19070,-19069,-19068,-19067,-19066,-19065,-19064,-19063,-19062,-19061,-19060,-14222,-14221,-14220,-2389,-14219,-14218,-14217,-14216,-14215,-14214,-14213,-14212,-2380,-14211,-14210,-14209,-14208,-14207,-14206,-14205,-14204,-14203,-14202,-14201,-14200,-14199,-14198,-14197,-14196,-14195,-14194,-4230,-14193,-4228,-14192,16331,16332,-4224,16333,16334,16335,16336,16337,16338,16339,16340,-4215,16341,16342,16343,16344,16345,16346,16347,16348,16349,16350,16351,16352,16353,16354,16355,16356,16357,16358,16359,16360,16361,16362,16363,16364,16365,9152,16366,16367,16368,16369,16370,16371,16372,16373,16374,16375,16376,16377,16378,16379,16380,16381,16382,16383,16384,16385,16386,16387,16388,16389,16390,16391,16392,16393,16394,16395,16396,16397,16398,16399,16400,16401,16402,16403,16404,16405,16406,16407,16408,16409,16410,16411,16412,16413,16414,16415,16416,16417,16418,16419,16420,16421,16422,16423,16424,-14963,-14962,-14961,-14960,-14959,-14958,-14957,-14956,-14955,-14954,-14953,-14952,-14951,-14950,-14949,-14948,-14947,-14946,-14945,-14944,-14943,-14942,-14941,-14940,-14939,-14938,-14937,-14936,-14935,-14934,-14933,-14932,-14931,-14930,-14929,-14928,-14927,-14926,-14925,-14924,-14923,-14922,-14921,-14920,-14919,-14918,-14917,-14916,-14915,-14914,-14913,-14912,-14911,-14910,-14909,-14908,-14907,-14906,-14905,-14904,-14903,-14902,-14901,-14900,-14899,-14898,-14897,-14896,-14895,-14894,-14893,-14892,-14891,-14890,-14889,-14888,-14887,-14886,-14885,-14884,-14883,-14882,-14881,-14880,-14879,-14878,-14877,-14876,-14875,-14874,16425,16426,16427,16428,16429,16430,16431,16432,16433,16434,16435,16436,16437,16438,16439,16440,16441,16442,16443,16444,16445,16446,16447,16448,16449,16450,16451,16452,16453,16454,16455,16456,16457,16458,16459,16460,16461,16462,16463,16464,16465,16466,907,16467,16468,16469,911,-19052]],"type":"Polygon","properties":{"d":"52"}},{"arcs":[[20348,20349,20350,20351,20352,20353,20354,20355,20356,20357,20358,20359,20360,20361,20362,20363,20364,20365,20366,20367,20368,20369,20370,20371,20372,20373,20374,20375,20376,20377,20378,20379,20380,20381,16582,16583,16584,16585,16586,16587,16588,20382,16591,16592,-5904,16593,16594,16595,-5900,16596,20383,16598,16599,20384,-17453,-17452,20385]],"type":"Polygon","properties":{"d":"105"}},{"arcs":[[20386,-17004,20387,20388,20389,20390,20391,20392,20393,20394,20395,20396,20397,20398,20399,20400,20401,20402,-15241,-15240,-15239,-15238,-15237,-15236,-15235,-15234,-15233,-15232,-9981,-15231,20403,20404,20405,20406,20407,20408,20409,20410,20411,20412,20413,20414,-7731,20415,20416,20417,20418,20419,20420,20421,20422,20423,20424,-7720,20425,20426,20427,20428,20429,20430,20431,20432,20433,20434,20435,20436,20437,20438,20439,20440,20441,20442,20443,20444,20445,20446,20447,20448,20449,20450,20451,20452,20453,-1983,20454,20455,20456,20457,20458,20459,20460,20461,20462,20463,20464,20465,20466,20467,20468,20469,-17006]],"type":"Polygon","properties":{"d":"72"}},{"arcs":[[-17583,20470,20471,20472,20473,20474,20475,20476,20477,20478,20479,20480,17528,20481,281,20482,20483]],"type":"Polygon","properties":{"d":"93"}},{"arcs":[[20484,20485,20486,20487,20488,20489,20490,20491,5859,-15038,-15037,-15036,-15035,-15034,-15033,-15032,-15031,-15030,-15029,-15028,-15027,-15026,-15025,-15024,-15023,-15022,-15021,-706,-15020,-15019,-703,-15018,-15017,-15016,-15015,-15014,-15013,-15012,-15011,-15010,-15009,-15008,-15007,-15006,-15005,-15004,-15003,-15002,-685,-15274,-15273,-15272,-15271,-15270,-15269,-15268,-15267,-15266,-15265,-15264,-15263,-15262,-15261,-15260,-15259,-15258,-15257,-15256,-15255,-15254,-15253,-15252,-15251,-15250,-15249,-15248,-15247,20492,-17000,20493,20494]],"type":"Polygon","properties":{"d":"68"}},{"arcs":[[20495,3106,3107,4701,17525,20496,20497,20498,20499,20500,20501,20502,20503,3115,20504,20505,20506,20507,20508,20509,17523,20510]],"type":"Polygon","properties":{"d":"87"}},{"arcs":[[-11946,-11945,-11944,-11943,-11942,-11941,-11940,20511,4821,20512,13059,13060,13061,-11957,-11956,-11955,-11954,-11953,-11952,-11951,-11950,-11949,-11948,-11947]],"type":"Polygon","properties":{"d":"33"}},{"arcs":[[17611,17612,17613,17614,17615,17616,17617,17618,17619,17620,6050,17621,17622,17623,17624,17625,17626,17627,20513,-17438,-17437,-17436,-17435,-17434,-17433,-17432,-17431,-17430,-17429,-17428,-17468,-17467,-17466,-17465,-17464,-17463,-17462,-2152,-17461,20514,20515,20516,20517,20518,-2146,20519,20520,20521,20522,20523,20524]],"type":"Polygon","properties":{"d":"110"}},{"arcs":[[20525,20526,6092,15192,15193,15194,15195,15196,15197,15198,15199,15200,15201,15202,15203,15204,15205,15206,15207,15208,15209,15210,15211,15212,15213,15214,15215,15216,15217,15218,15219,15220,15221,15222,-20257,1954,15342,1956,-11148,-104,-11147,-11146,-11145,-11144,-11143,-98,-11142,-11141,-11140,-11139,-93,-11138,-11137,-11136,1957,1958]],"type":"Polygon","properties":{"d":"75"}},{"arcs":[[-20172,-20171,-20170,-20169,-20168,-20167,-20166,-20165,-20164,-20163,-32,-20162,-20161,-20160,-20159,-20158,-20157,-25,20527,20528,20529,20530,20531,20532,20533,20534,-16,20535,20536,20537,20538,20539,20540,-15337,-15336,-15335,-15334,-15333,-15332,-15331,-15330,-15329,-15328,-15327,-15326,199,-15325,-15324,-15323,16244,16245,16246,16247,16248,16249,16250,16251,16252,16253,16254,16255,16256,16257,16258,16259,16260,16261,16262,16263,16264,16265,16266,16267,16268,16269,16270,16271,16272,16273,16274,16275,16276,16277,16278,16279,16280,16281,16282,16283,16284,16285,16286,246,16287,16288,16289,16290,16291,-6811,16292,16293,16294,16295,16296,16297,16298,16299,16300,-6801,16301,16302,16303,16304,16305,16306,16307,16308,16309,16310,16311,16312,16313,16314,16315,16316,16317,16318,16319,16320,16321,16322,16323,16324,16325,16326,16327,16328,16329,16330,193,20541,20542,20543,20544]],"type":"Polygon","properties":{"d":"82"}},{"arcs":[[-17322,-17321,-17320,-17319,-17318,-17317,20545,-20329,-3482,-20328,-20327,-3479,-20326,-20325,-20324,-20323,-20322,-20321,20546,-17323]],"type":"Polygon","properties":{"d":"14"}},{"arcs":[[20547,2073,-20226,-20225,-20224,-20223,-20222,-20221,2080,-20220,2082,-20219,-20218,2085,-20217,2087,-20216,-20215,-20214,-20213,2092,-20212,-20211,-20210,-20209,2097,20548,20549,20550,20551]],"type":"Polygon","properties":{"d":"108"}},{"arcs":[[-12747,-12746,-12745,-12744,-12743,-12742,-12741,-12740,-12739,-12738,-12737,-12736,-12735,-12734,17117,17118,17119,17120,17121,17122,17123,17124,17125,17126,17127,17128,17129,17130,17131,17132,17133,5833,17134,17135,17136,17137,17138,17139,17140,17141,5842,17142,20552,-870,20553,20554,20555,20556,20557,-864,20558,20559,20560,20561,20562,-19035,-12755,-12754,-12753,1883,-12752,-12751,-12750,-12749,-12748]],"type":"Polygon","properties":{"d":"66"}},{"arcs":[[20563,-17600,-17599,-17598,20564,20565,20566]],"type":"Polygon","properties":{"d":"97"}},{"arcs":[[-20461,-20460,-20459,-20458,-20457,-20456,-20455,1982,-20454,-20453,-20452,-20451,-20450,-20449,-20448,-20447,-20446,-20445,-20444,-20443,-20442,-20441,-20440,-20439,-20438,-20437,-20436,-20435,-20434,-20433,-20432,-20431,-20430,-20429,-20428,-20427,-20426,7719,-20425,-20424,-20423,-20422,-20421,-20420,-20419,-20418,-20417,-20416,7730,-20415,-20414,-20413,-20412,-20411,-20410,-20409,-20408,-20407,-20406,-20405,-20404,-15230,-15229,-15228,-15227,-15226,-15225,-15224,-15223,-15222,-15221,-15220,-15219,-15218,-15217,-15216,-15215,-15214,-15213,-15212,-15211,-15210,-15209,-15208,-15207,-15206,-15205,-15204,-15203,-15202,-15201,-15200,-15199,-15198,-15197,-15196,-15195,-15194,-15193,-6093,-20527,20567,20568,20569,20570,20571,20572,20573,20574,20575,20576,20577,20578,20579,20580,20581,20582,20583,20584,20585,20586,20587,20588,20589,20590,20591,20592,20593,20594]],"type":"Polygon","properties":{"d":"74"}},{"arcs":[[20595,20596,20597,-15341,20598,20599,-11103,-20274,15325,15326,15327,15328,15329,15330,15331,15332,15333,15334,15335,15336,-20541,-20540,-20539,-20538,-20537,-20536,15,-20535,-20534,-20533,-20532,-20531,-20530,-20529,-20528,-20156,-20155,20600]],"type":"Polygon","properties":{"d":"77"}},{"arcs":[[20601,20602,20603,20604,-82,20605,20606,-79,-20281,-20280,-20279,-20278,-20277,-20276,-20275,11101,11102,-20600,-20599,15340,-20598,-20597,-20596,-20601,-20154]],"type":"Polygon","properties":{"d":"78"}},{"arcs":[[20607,20608,20609,11908,11909,11910,11911,11912,11913,11914,11915,-19786,-19844]],"type":"Polygon","properties":{"d":"47"}},{"arcs":[[17427,17428,17429,17430,17431,17432,17433,20610,-16594,5903,-16593,-16592,-20383,-16589,-16588,-16587,-16586,-16585,-16584,-16583,-20382,-20381,-20380,-20379,-20378,-20377,-20376,-20375,-20374,-20231,-20230,16571,-20229,16567,-20228,16569,-20227,-20548,-20552,20611,17466,17467]],"type":"Polygon","properties":{"d":"107"}},{"arcs":[[-20282,-20607,-20606,81,-20605,-20604,-20603,-20602,-20153,48,20612,50,-20174,52]],"type":"Polygon","properties":{"d":"79"}},{"arcs":[[20613,20614,20615,20616,20617,-20549,2098,-20208,-20207,-20206,-20205,2103,-20204,-20256,-20255,-2349,-20254,-20253,-20252,-20251,-20250,-20249,-2342,-20248,-20247,-20246,3096,3097,3098,3099,20618,20619]],"type":"Polygon","properties":{"d":"113"}},{"arcs":[[17489,1796,17490,17491,20620,-20332,-15124,-20348,-20347,20621,20622,20623,20624,20625,20626,20627,20628,20629,20630,1587,20631,20632,20633,20634,20635,20636,-19300,15121,-19299]],"type":"Polygon","properties":{"d":"118"}},{"arcs":[[20637,20638,20639,20640,20641,20642,20643,20644,20645,20646,20647,20648,20649,20650,20651,3103,17535,17536,17537,17538,17539,17540,17541,17542,17543,20652,17561,20653,20654,20655,20656,20657,17563,-20306,-20305,-20304,-20303,-20302,-639,-20301,-20300,-20299,-20298,-20297,-20296,-20295,-20294,-20293,-20292]],"type":"Polygon","properties":{"d":"84"}},{"arcs":[[20658,20659,20660,20661,3136,20662,20663,20664,17515,17516,17517,17518,17519,17520,17521,17522,-20510,-20509,-20508,-20507,-20506,-20505,-3116,-20504,-20503,-20502,-20501,-20500,-20499,-20498,20665,-20480,-20479,-20478,-20477,-20476,-20475,-20474,-20473,-20472,20666]],"type":"Polygon","properties":{"d":"88"}},{"arcs":[[-20666,-20497,17526,17527,-20481]],"type":"Polygon","properties":{"d":"89"}},{"arcs":[[-19544,-19543,-19542,-19541,-19540,-19539,-19538,-19537,-19536,-19535,-19534,-19533,-19532,-19531,-19530,-19529,-19528,-19527,-19526,-19525,-19524,-19523,-19522,-19521,-19520,-19519,-19518,-19517,-19516,-19515,-19514,-19513,-19512,10625,-19511,-19510,-19509,-19508,-19507,-19506,-19505,-19504,10634,-19503,-19502,10637,-19501,-19500,-19499,-19498,-19497,-19496,-19495,-19494,-19493,-19492,-19491,-19490,-19489,-19488,-19487,-19486,-19485,-19484,-19483,-19482,-19481,-19480,-19479,-19478,-19477,-19476,10664,-19475,-19474,-19473,-19472,-19471,-19470,-19469,-19468,-19467,-19466,-19465,-19464,-19463,-19462,-19461,-19460,10681,-19459,-19458,-19457,10685,-19456,-19455,-19454,-19453,-19452,-19451,10692,-19450,10694,-19449,-19448,-19447,-19446,-19445,-19444,-19443,10702,-19442,-19441,-19440,-19439,-19438,-19437,-19436,-19435,-19434,-19433,-19432,-19431,-19430,-19429,-19428,-19427,10719,-19426,-19425,-19424,10723,-19423,10725,-19422,-19421,10728,-19420,-19419,-19418,-19417,-19416,-19415,-19414,-19413,-19412,-19411,-19410,-19409,-19408,10739,-19407,-19406,-19405,-19404,-19403,-19402,-19401,-19400,-19399,-19398,-19397,-19396,-19395,-19394,-19393,-19392,-19391,-19390,-19389,-19388,-19387,-19386,-19385,-19384,-19383,-19382,-19381,-19380,-19379,-19378,-19377,-19376,-19375,-19374,-6728,16955,16956,16957,16958,16959,16960,-6721,16961,-6719,16962,16963,-6716,16964,16965,16966,16967,16968,16969,16970,16971,16972,-6706,16973,16974,16975,16976,16977,16978,16979,16980,16981,16982,16983,-6694,16984,16985,16986,16987,16988,16989,-6687,16990,16991,16992,16993,16994,16995,16996,16997,3331,-19546,-19545]],"type":"Polygon","properties":{"d":"6"}},{"arcs":[[17594,20667,20668,20669,2324,20670,2331,2332,-16566,-16565,-16564,20671,-16562,-16561,-16560,-16559,-16558,-16557,-16556,-16555,6750,-16554,-16553,-16552,-16551,-16550,-16549,-16548,20672,20673,20674,20675,20676,20677,20678,20679,20680,20681,20682,20683,20684,20685,20686,20687,20688,6759,20689,20690,20691,20692,20693,20694,20695,20696,20697,20698,20699,20700,20701,20702,20703,20704,20705,20706,20707,20708,20709,20710,20711,20712,20713,20714,20715,20716,20717,20718,20719,20720,-115,20721,20722,-112,20723,20724,-109]],"type":"Polygon","properties":{"d":"91"}},{"arcs":[[20725,-20483,-282,-20482,-17529,-17528,20726,20727,20728,20729,20730,-20669,-20668,-17595,108,-20725,-20724,111,-20723,-20722,114,-20721,-20720,20731,20732,20733,20734,20735,20736,20737,20738,20739,20740,20741,-17593]],"type":"Polygon","properties":{"d":"92"}},{"arcs":[[-16472,-19053,-913,-912,-16470,-16469,-16468,-908,-16467,-16466,-16465,-16464,-16463,-16462,-16461,-16460,-16459,-16458,20742,20743,20744,20745,20746,20747,20748,20749,20750,20751,20752,20753,20754,20755,-17140,-17139,-17138,-17137,-17136,-17135,-5834,-17134,-17133,-17132,-17131,-17130,-17129,-17128,-17127,-17126,-17125,-17124,-17123,-17122,-17121,-17120,-17119,-17118,12733,12734,12735,12736,12737,12738,12739,12740,12741,12742,12743,12744,12745,12746,1889,-20201,20756,20757,20758,20759,20760,20761,20762,20763,20764,20765,20766,-19054]],"type":"Polygon","properties":{"d":"55"}},{"arcs":[[4763,-20203,4765,-20202,4770,4771,20767,4773,20768,12762,20769,20770,4762]],"type":"Polygon","properties":{"d":"58"}},{"arcs":[[-16296,-16295,-16294,-16293,6810,-16292,-16291,-16290,-16289,-16288,20771,20772,20773,20774,20775,20776,20777,20778,20779,20780,20781,20782,20783,20784,20785,20786,20787,20788,20789,20790,20791,20792,-6625,20793,20794,20795,20796,20797,20798,20799,-20511,-17524,-17523,-17522,-17521,-17520,-17519,-17518,-17517,-17516,-20665,-20664,-20663,-3137,-20662,-20661,-20660,-20659,-20667,-20471,17582,-20484,-20726,17592,-20742,20800,20801,20802,-17591,-17590,-17704,-17703,-17702,-17701,-17700,-17699,-17698,-17697,-17696,-17695,-17694,-16307,-16306,-16305,-16304,-16303,-16302,6800,-16301,-16300,-16299,-16298,-16297]],"type":"Polygon","properties":{"d":"94"}},{"arcs":[[17589,17590,-20803,-20802,-20801,-20741,-20740,-20739,-20738,-20737,-20736,-20735,-20734,-20733,-20732,-20719,-20718,-20717,-20716,-20715,-20714,-20713,-20712,-20711,-20710,-20709,-20708,-20707,-20706,-20705,-20704,-20703,-20702,-20701,-20700,20803,20804,17598,20805,20806,17588]],"type":"Polygon","properties":{"d":"95"}},{"arcs":[[17597,-20805,-20804,-20699,-20698,-20697,-20696,-20695,-20694,-20693,-20692,-20691,-20690,-6760,-20689,-20688,-20687,-20686,-20685,-20684,-20683,-20682,-20681,-20680,-20679,-20678,-20677,-20676,-20675,-20674,-20673,-16547,-16546,-16545,-16544,20807,20808,20809,20810,20811,20812,20813,20814,20815,20816,20817,-16520,-16519,-16518,-16517,-16516,-16515,-16514,-16513,-16512,-16511,-16510,-16509,-16508,-16507,-16506,-16505,-16504,-16503,-16502,20818,-20565]],"type":"Polygon","properties":{"d":"98"}},{"arcs":[[4775,4757,20819,20820,15099,20821,-4741,20822,20823,-4738,20824,20825,20826]],"type":"Polygon","properties":{"d":"60"}},{"arcs":[[[-19045,20827,20828,20829,1560,20830,20831,1563,20832,20833,20834,20835,20836,15086,20837,1946,15042]],[[1951]],[[1952]],[[-20820,4758,20838,15116,20839,15118,20840]]],"type":"MultiPolygon","properties":{"d":"62"}},{"arcs":[[16155,16156,-6926,16157,16158,16159,16160,16161,16162,16163,16164,16165,16166,16167,16168,16169,16170,16171,16172,16173,16174,16175,16176,16177,-6904,16178,16179,16180,16181,16182,16183,16184,16185,16186,16187,-6893,16188,16189,16190,16191,16192,16193,16194,16195,16196,16197,16198,16199,16200,-6879,16201,16202,16203,16204,16205,16206,16207,16208,16209,16210,16211,-3468,16212,16213,16214,-3464,16215,16216,16217,-3460,16218,-11333,-11332,-11331,-11330,-11329,-11328,-3452,-11327,-11326,-11325,-11324,-11323,-11322,-11321,-19980,-19929,-19928,-19927,-19926,-19925]],"type":"Polygon","properties":{"d":"11"}},{"arcs":[[17317,17318,17319,17320,17321,3355,-19558,-19557,3358,-19556,-19555,3361,-19554,-19553,3364,-19552,3366,3367,-11397,6930,-11396,-11395,-11394,6934,-11393,6936,20841,17316]],"type":"Polygon","properties":{"d":"16"}},{"arcs":[[-19995,-19994,-19993,-19992,-19991,-19990,-19989,-19988,-19987,-19986,-19985,-19984,-19983,-19982,-20283,3369,11081,3967,3968,20842,20843,20844,20845,20846,20847,20848,20849,20850,20851,20852,20853,20854,20855,20856,20857,20858,20859,20860,20861,20862,20863,20864,20865,20866,20867,20868,20869,20870,20871,20872,20873,20874,20875,7784,20876,20877,20878,20879,20880,20881,20882,20883,20884,20885,20886,20887,20888,20889,20890,20891,20892,20893,20894,20895,20896,20897,20898,20899,20900,20901,20902,20903,-19740,-19739,-19738,-19737,-19736,7818,-19735,-19734,-19733,-19732,-19731,-19730,-19729,-19728,-19727,-19726,-19725,-19724,-19723,-19722,-19721,-19720,-19719,-20049,-20048,-20047,-20046,-20045,-20044,-20043,-20042,-20041,-20040,-20039,-20038,-20037,-20036,-20035,-20034,-20033,-20032,-20031,-20030,-20029,-20028,-20027,-20026,-20025,-20024,-20023,-20022,-20021,-20020,-20019,-20018,-20017,-20016,-20015,-20014,-20013,-20012,-20011,-20010,-20009,-20008,-20007,-20006,-20005,-20004,-20003,-20002,-20001,-20000,-19999,-19998,-19997,-19996]],"type":"Polygon","properties":{"d":"19"}},{"arcs":[[16499,20904,16502,16503,16504,16505,16506,16507,16508,16509,16510,16511,16512,16513,16514,16515,16516,16517,16518,16519,-20818,-20817,-20816,-20815,-20814,-20813,-20812,-20811,-20810,-20809,-20808,16543,16544,16545,16546,16547,16548,16549,16550,16551,16552,16553,-6751,16554,16555,16556,16557,16558,16559,16560,16561,-20672,16563,16564,16565,2333,20905,20906,20907,20908,20909]],"type":"Polygon","properties":{"d":"100"}},{"arcs":[[20910,-17709,20911,20912,20913,20914,20915,-20567,20916,20917,20918,20919,20920,20921,20922,20923,20924,20925]],"type":"Polygon","properties":{"d":"102"}},{"arcs":[[-16424,-16423,-16422,-16421,-16420,-16419,-16418,-16417,-16416,-16415,-16414,-16413,-16412,-16411,-16410,-16409,-16408,-16407,-16406,-16405,-16404,-16403,-16402,-16401,-16400,-16399,-16398,-16397,-16396,-16395,-16394,-16393,-16392,-16391,20926,17066,17067,17068,17069,17070,17071,17072,-9785,17073,17074,17075,17076,17077,17078,17079,17080,17081,17082,17083,17084,17085,17086,17087,17088,17089,17090,17091,17092,17093,17094,17095,17096,17097,20927,20928,20929,20930,20931,20932,20933,20934,20935,20936,-9749,20937,20938,20939,20940,20941,20942,20943,20944,-14976,-14975,-14974,-14973,-14972,-14971,-14970,-834,-14969,-14968,-14967,-14966,-829,-14965,-14964,-16425]],"type":"Polygon","properties":{"d":"25"}},{"arcs":[[-20904,-20903,-20902,-20901,-20900,-20899,-20898,-20897,-20896,-20895,-20894,-20893,-20892,-20891,-20890,-20889,-20888,-20887,-20886,-20885,-20884,-20883,-20882,-20881,-20880,-20879,-20878,-20877,-7785,-20876,-20875,-20874,-20873,-20872,-20871,-20870,-20869,-20868,-20867,-20866,-20865,-20864,-20863,-20862,-20861,-20860,-20859,-20858,-20857,-20856,-20855,-20854,-20853,-20852,-20851,-20850,-20849,-20848,-20847,-20846,-20845,-20844,-20843,3969,3970,5058,-20150,-20149,-20148,-20147,-20146,-20145,-20144,-20143,-20142,-20141,-20140,-20139,-20138,-20137,-20136,-20135,-20134,-20133,-20132,-20131,-20130,-20129,-20128,-20127,-20126,-20125,-20124,-20123,-20122,-20121,-20120,-20119,-20118,-20117,-20116,-20115,-20114,-20113,-20112,-20111,4011,-20110,-20109,-20108,-20107,-20106,-20105,-20104,-20103,-20102,-20101,-20100,-20099,-20098,-20097,-20096,-20095,-20094,-20093,-20092,-20091,-20090,-20089,4034,-20088,-20087,-20086,-20085,-20084,-20083,-20082,-20081,-20080,-20079,-20078,-20077,-20076,-20075,-20074,-20073,-20072,-20071,-20070,-20069,-20068,-20067,-19770,-19742,-19741]],"type":"Polygon","properties":{"d":"28"}},{"arcs":[[-20836,20945,-20494,16999,-20493,-15246,-15245,-15244,1915,-15243,-15242,-20403,-20402,-20401,-20400,-20399,-20398,-20397,-20396,-20395,-20394,-20393,-20392,-20391,20946,-15088,-15087,-20837]],"type":"Polygon","properties":{"d":"69"}},{"arcs":[[-20924,-20923,-20349,-20386,17451,17452,-20385,-16600,-16599,-20384,-16597,5899,-16596,-16595,-20611,17434,17435,17436,17437,-20514,-17628,-17627,-17626,-17625,-17624,-17623,-17622,-6051,-17621,-17620,-17619,-17618,-17617,-17616,-17615,-17614,-17613,-17612,-17611,20947]],"type":"Polygon","properties":{"d":"104"}},{"arcs":[[-11959,-11958,-13062,-13061,-13060,-20513,4822,612,3102,-20652,-20651,-20650,-20649,-20648,-20647,-20646,-20645,-20644,-20643,-20642,-20641,-20640,-20639,-20638,-20291,-20290,-20289,-20288,-20287,-20286,-20285,-20284,-11975,-11974,-11973,-11972,-11971,-11970,-11969,-11968,-11967,-11966,-11965,-11964,-11963,-11962,-11961,-11960]],"type":"Polygon","properties":{"d":"34"}},{"arcs":[[20948,20949,20950,20951,5031,13314,13315,13316,13317,13318,13319,13320,13321,13322,13323,13324,13325,13326,13327,13328,13329,13330,13331,13332,13333,13334,13335,20952,-19806,13856,13857,13858,13859,13860,13861,13862,13863,13864,13865,13866,13867,13868,13869,13870,13871,13872,13873,13874,13875,13876,13877,13878,13879,13880,10535,13881,13882,10538,13883,13884,13885,13886,13887,13888,13889,10546,13890,13891,10549,13892,13893,13894,13895,13896,13897,13898,13899,13900,13901,13902,13903,13904,10563,13905,10565,13906,13907,13908,13909,13910,13911,13912,-13362,-13361,-13360,-13359,-13358,-13357,-19805,-19804,20953,20954,13312,20955]],"type":"Polygon","properties":{"d":"37"}},{"arcs":[[20956,20957,20958,20959,20960,20961,20962,20963,20964,-20954,-19803,-19802,-19801,-19800,-19799,-19798,-19797,-19796,-19795,-19794,-19793,-19792,-19791,-19790,-19789,-19788,20965,20966,20967,20968]],"type":"Polygon","properties":{"d":"43"}},{"arcs":[[20969,-17112,-17111,-17110,20970,20971,20972,20973,4846,20974,20975,20976,20977,20978,20979,20980,20981,20982,20983,20984,20985,20986,20987,20988,20989,20990,20991,20992,20993,20994,20995,20996,20997,20998,20999,21000,21001,21002,21003,21004,21005,21006,21007,21008,21009,-20967,-20966,-19787,-20610,-20609,-20608,-19843,-19842,-19841,-19840,-19839,-19838,-19837,-19836,-19835,-19834,-19833,-19832,-19831,-19830,-19829,-19828,-19827,-19826,-19825,-19824,-19823,-19822,-19821,-501,-19820,-19819,-19818,-19817,21010,-11901]],"type":"Polygon","properties":{"d":"44"}},{"arcs":[[21011,21012,-20620,-20619,3100,21013,21014,-20344]],"type":"Polygon","properties":{"d":"114"}},{"arcs":[[-17011,-17010,-17009,-17008,1964,-17007,-20470,-20469,-20468,-20467,-20466,-20465,-20464,-20463,-20462,-20595,-20594,-20593,-20592,-20591,-20590,-20589,-20588,-20587,-20586,-20585,-20584,-20583,-20582,-20581,-20580,-20579,-20578,-20577,-20576,-20575,-20574,-20573,-20572,-20571,-20570,-20569,-20568,-20526,1959]],"type":"Polygon","properties":{"d":"73"}},{"arcs":[[15029,15030,15031,15032,15033,15034,-19058,-19847,-15000,-19846,15262,15263,15264,15265,15266,15267,15268,15269,15270,15271,15272,15273,684,15001,15002,15003,15004,15005,15006,15007,15008,15009,15010,15011,15012,15013,15014,15015,15016,15017,702,15018,15019,705,15020,15021,15022,15023,15024,15025,15026,15027,15028]],"type":"Polygon","properties":{"d":"50"}},{"arcs":[[-19662,-20066,-20065,-20064,-20063,-20062,-20061,-20060,-20059,-20058,-20057,-20056,-20055,-20054,-20053,-20052,-20051,-20050,-19768,-19767,-19766,-19765,-19764,-19763,14199,14200,14201,14202,14203,14204,14205,14206,14207,14208,14209,14210,2379,14211,14212,14213,14214,14215,14216,14217,14218,2388,14219,14220,14221,14222,14223,14224,14225,14226,14227,14228,14229,14230,14231,14232,14233,14234,14235,14236,14237,14238,14239,14240,14241,14242,14243,14244,14245,14246,14247,14248,14249,14250,14251,14252,14253,14254,14255,14256,14257,14258,14259,14260,14261,14262,14263,14264,-19059,7502,-18105,-18104,-18103,-18102,-18101]],"type":"Polygon","properties":{"d":"24"}},{"arcs":[[-19559,-17324,-20547,-20320,-19560]],"type":"Polygon","properties":{"d":"13"}},{"arcs":[[-12823,-12822,-12821,-12820,-12819,-12818,-12817,-12816,-12815,-12814,-12813,-12812,-12811,-12810,-12809,-12808,-12807,-12806,-12805,-12804,8426,-12803,-19334,-19333,-19332,-19331,-19330,-19329,-19328,-19327,-19326,-19325,-19324,-12801,-19323,12798,-19322,-19373,-19372,-19371,-19370,-19369,-7427,-19368,-19367,-19366,-19365,-19364,-19363,-19362,-19361,-19360,-7417,-19359,-19358,-19357,-19356,-19355,-19354,-19353,-19352,-19351,-19350,-19349,-19348,-19347,-19346,-19345,-19344,-19343,-19342,-19341,-19340,-19339,-19338,-19337,-19336,-19335,-19551,-19550,-19549,-19548,-19547,4698,-12824]],"type":"Polygon","properties":{"d":"4"}},{"arcs":[[-651,-17569,-17568,-648,-17567,-17566,-17565,-17564,-20658,-20657,-20656,-20655,21015,-17544,-17543,-17542,-17541,-17540,-17539,-17538,-17537,-17536,3104,3105,-20496,-20800,-20799,-20798,-20797,-20796,-20795,-20794,6624,-20793,-20792,-20791,-20790,-20789,-20788,-20787,-20786,-20785,-20784,-20783,-20782,-20781,-20780,-20779,-20778,-20777,-20776,-20775,-20774,-20773,-20772,-17571,-17570]],"type":"Polygon","properties":{"d":"86"}},{"arcs":[[-11934,-11933,-11932,-11931,-20175,4820,-20512,-11939,-11938,-11937,-11936,-11935]],"type":"Polygon","properties":{"d":"32"}},{"arcs":[[863,-20558,-20557,-20556,-20555,-20554,869,-20553,871,872,21016,21017,21018,21019,21020,21021,21022,21023,21024,21025,21026,21027,21028,21029,21030,21031,21032,-20485,-20495,-20946,-20835,-20834,-20833,-1564,-20832,-20831,-1561,21033,21034,21035,21036,21037,21038,855,21039,21040,21041,-20560,-20559]],"type":"Polygon","properties":{"d":"67"}},{"arcs":[[-20546,-20842,-11392,-11391,-11390,-11389,-11388,-11387,-11386,-11385,-11384,-11383,-11382,-11381,-11380,-11379,-11378,-11377,-11376,-11375,-11374,-11373,-11372,-11371,-11370,-11369,-11368,-11367,-11366,-11365,-11364,-11363,-11362,-11361,-11360,-11359,-11358,-11357,-11356,-11355,-11354,-11353,-11352,-11351,-11350,-11349,-11348,-11347,-11346,-11345,-11344,-20331,17314,-20330]],"type":"Polygon","properties":{"d":"17"}},{"arcs":[[15059,15060,15061,15062,15063,21042,15065,21043,15067,21044,-20561,-21042,-21041,-21040,-856,-21039,-21038,-21037,-21036,-21035,-21034,-20830,-20829,-20828,-19044,-19043,15045,-19042,15055,15056,15057,15058]],"type":"Polygon","properties":{"d":"63"}},{"arcs":[[-14191,-14190,-7462,-14189,-14188,-14187,-14186,-14185,-14184,-7455,-14183,-14182,-14181,-14180,-7450,-14179,-7622,-14178,-7620,-14177,-14176,-14175,-14174,-14173,-14172,-14171,-14170,-14169,-14168,-14167,-14166,-14165,-14164,-14163,-14162,-14161,-14160,-19762,-19761,-19760,-19759,-19758,4192,17024,17025,17026,17027,17028,17029,17030,17031,17032,17033,17034,17035,17036,17037,17038,17039,17040,17041,17042,17043,17044,17045,17046,17047,17048,17049,17050,17051,17052,17053,17054,17055,17056,17057,17058,17059,17060,17061,17062,17063,17064,17065,-20927,-16390,-16389,-16388,-16387,-16386,-16385,-16384,-16383,-16382,-16381,-16380,-16379,-16378,-16377,-16376,-16375,-16374,-16373,-16372,-16371,-16370,-16369,-16368,-16367,-9153,-16366,-16365,-16364,-16363,-16362,-16361,-16360,-16359,-16358,-16357,-16356,-16355,-16354,-16353,-16352,-16351,-16350,-16349,-16348,-16347,-16346,-16345,-16344,-16343,-16342,4214,-16341,-16340,-16339,-16338,-16337,-16336,-16335,-16334,4223,-16333,-16332]],"type":"Polygon","properties":{"d":"26"}},{"arcs":[[-20524,21045,21046,21047,21048,21049,21050,21051,21052,21053,21054,21055,-2130,21056,21057,21058,21059,21060,21061,21062,21063,2111,21064,-20615,-20614,-21013,21065,21066]],"type":"Polygon","properties":{"d":"112"}},{"arcs":[[1945,-20838,15087,-20947,-20390,21067,4704,4705,1944]],"type":"Polygon","properties":{"d":"70"}},{"arcs":[[[-16331,-16330,-16329,-16328,-16327,-16326,-16325,-16324,-16323,-16322,-16321,-16320,-16319,-16318,-16317,-16316,-16315,17468,17469,17470,17471,17472,17473,17474,17475,17476,17477,17478,17479,17480,17481,21068,17484,-19302,-19301,-20637,21069,21070,-15136,21071,21072,21073,21074,21075,21076,21077,21078,21079,21080,21081,21082,21083,21084,21085,21086,21087,21088,21089,21090,21091,21092,21093,1622,1623,1624,1625,1626,1627,1628,1629,1630,1631,1632,1633,1634,1635,1636,1637,1638,1639,1640,1641,1642,1643,1644,1645,1646,1647,1648,1649,1650,1651,1652,1653,1654,1655,1656,1657,1658,1659,1660,1661,1662,1663,1664,1665,1666,1667,1668,1669,1670,1671,1672,1673,1674,1675,1676,1677,1678,1679,1680,1681,1682,1683,1684,1685,1686,1687,1688,1689,1690,1691,1692,1693,1694,1695,1696,1697,1698,1699,1700,1701,1702,1703,1704,1705,1706,1707,1708,1709,1710,1711,1712,1713,1714,1715,1716,1717,1718,1719,1720,1721,1722,1723,1724,1725,1726,1727,1728,1729,1730,1731,1732,1733,1734,1735,1736,1737,1738,1739,1740,1741,1742,1743,1744,1745,1746,1747,1748,1749,1750,1751,1752,1753,1754,1755,1756,1757,1758,1759,1760,1761,1762,1763,1764,1765,1766,1767,1768,1769,1770,1771,1772,1773,1774,1775,1776,1777,1778,1779,1780,1781,1782,1783,1784,1785,1786,1787,1788,1789]],[[1834]],[[1835]],[[1836]],[[1837]],[[1838]],[[1839]],[[1840]],[[1841]],[[1842]],[[1843]],[[1844]],[[1845]],[[1846]],[[1847]],[[1848]],[[1849]],[[1850]]],"type":"MultiPolygon","properties":{"d":"120"}},{"arcs":[[21094,-13515,21095,-20991,-20990,-20989,-20988,-20987,-20986,-20985,-20984,-20983,-20982,-20981,-20980,-20979,-20978,-20977,-20976,-20975,-4847,-20974,-20973,-20972,21096]],"type":"Polygon","properties":{"d":"41"}},{"arcs":[[-20612,-20551,-20550,-20618,-20617,-20616,-21065,-2112,-21064,-21063,-21062,-21061,-21060,-21059,-21058,-21057,2129,-21056,-21055,-21054,-21053,-21052,-21051,-21050,-21049,-21048,-21047,-21046,-20523,-20522,-20521,-20520,2145,-20519,-20518,-20517,-20516,-20515,17460,2151,17461,17462,17463,17464,17465]],"type":"Polygon","properties":{"d":"109"}},{"arcs":[[-20918,-20917,-20566,-20819,16501,-20905,-16500,-20910,-20909,-20908,-20907,21097,21098,21099,21100,-20919]],"type":"Polygon","properties":{"d":"99"}},{"arcs":[[[1907,-19055,-20767,-20766,-20765,-20764,-20763,-20762,-20761,-20760,-20759,-20758,-20757,-20200,-20199,-20198,-20197,-20196,-20195,-20194,-20193,-20192,-20191,-20190,-20189,-20188,-7686,-20187,-20186,-20185,-20184,-20183,-20182,-20181,-20180,-20179,-20178,-20177,-20176,4768,1900,10599,1902,10600,1904,10601,1906]],[[21101,10603,4777]]],"type":"MultiPolygon","properties":{"d":"56"}},{"arcs":[[21102,21103,21104,21105,21106,21107,21108,21109,21110,21111,21112,21113,21114,4719,21115,21116,21117,21118,21119,21120,21121,21122,21123,21124,21125,21126,21127,21128,21129,21130,-20826,-20825,4737,-20824,-20823,4740,-20822,-15100,-20821,-20841,-15119,-20840,-15117,-20839,4759,4760,4761,-20771]],"type":"Polygon","properties":{"d":"61"}},{"arcs":[[21131,21132,21133,-20926,-20925,-20948,-17610,-17609,-17608,-17607,-17606,-17605,-17604,-6032,-17603,-17483,-17482,21134,21135,21136,21137,168]],"type":"Polygon","properties":{"d":"103"}},{"arcs":[[-12763,-20769,4774,-20827,-21131,-21130,-21129,-21128,-21127,-21126,-21125,-21124,-21123,-21122,-21121,-21120,-21119,-21118,-21117,-21116,-4720,-21115,-21114,-21113,-21112,-21111,-21110,-21109,-21108,-21107,-21106,-21105,-21104,-21103,-20770]],"type":"Polygon","properties":{"d":"59"}},{"arcs":[[-21069,17482,17602,6031,17603,17604,17605,17606,17607,17608,17609,17610,-20525,-21067,-21066,-21012,-20343,-1809,-1808,-20342,-20341,-20340,-20339,-20338,-20337,-20336,-20335,-20334,-20333,-20621,-17492,-17491,-1797,-17490,-17489,-17488,-17487,-17486,-17485]],"type":"Polygon","properties":{"d":"111"}},{"arcs":[[-20346,-20345,-21015,-21014,3101,-21094,-21093,-21092,-21091,-21090,-21089,-21088,-21087,-21086,-21085,-21084,-21083,-21082,-21081,-21080,-21079,-21078,-21077,-21076,-21075,-21074,-21073,21138,21139,21140,21141,21142,21143,21144,21145,21146,-20625,-20624,-20623,-20622]],"type":"Polygon","properties":{"d":"115"}},{"arcs":[[-20173,-20545,-20544,-20543,-20542,194,45]],"type":"Polygon","properties":{"d":"81"}},{"arcs":[[-19807,-20953,-13336,-13335,-13334,-13333,-13332,-13331,-13330,-13329,-13328,-13327,-13326,-13325,-13324,-13323,-13322,-13321,-13320,-13319,-13318,-13317,-13316,-13315,-5032,-20952,-20951,-20950,-20949,21147,21148,21149,21150,21151,21152,21153,21154,21155,21156,21157,21158,21159,21160,21161,21162,21163,-5010,21164,21165,21166,-5006,21167,21168,21169,-5002,21170,21171,21172,21173,21174,21175,21176,21177,21178,21179,21180,21181,21182,21183,21184,21185,21186,21187,21188,13918,13919,13920,-20307]],"type":"Polygon","properties":{"d":"38"}},{"arcs":[[-20937,-20936,-20935,-20934,-20933,-20932,-20931,-20930,-20929,-20928,-17098,-17097,-17096,-20319,-20318,-20317,21189,-21097,-20971,17109,17110,17111,-20970,11900,-21011,-19816,-19815,-19814,-19813,-19812,-19811,-19810,-19809,-19845,12710,12711,12712,12713,12714,12715,12716,12717,12718,12719,12720,12721,12722,12723,12724,12725,12726,12727,12728,12729,-20945,-20944,-20943,-20942,-20941,-20940,-20939,-20938,9748]],"type":"Polygon","properties":{"d":"45"}},{"arcs":[[-20654,-17562,-20653,-21016]],"type":"Polygon","properties":{"d":"85"}},{"arcs":[[17693,17694,17695,17696,17697,17698,17699,17700,17701,17702,17703,-17589,-20807,-20806,17599,-20564,-20916,-20915,-20914,-20913,-20912,17708,-20911,-21134,-21133,-21132,-169,-21138,-21137,-21136,-21135,-17481,-17480,-17479,-17478,-17477,-17476,-17475,-17474,-17473,-17472,-17471,-17470,-17469,-16314,-16313,-16312,-16311,-16310,-16309,-16308]],"type":"Polygon","properties":{"d":"96"}},{"arcs":[[-21070,-20636,-20635,-20634,-20633,-20632,-1588,-20631,-20630,-20629,-20628,-20627,-20626,-21147,-21146,-21145,-21144,-21143,-21142,-21141,-21140,-21139,-21072,15135,-21071]],"type":"Polygon","properties":{"d":"117"}},{"arcs":[[-17527,-17526,4702,2330,-20671,-2325,-20670,-20731,-20730,-20729,-20728,-20727]],"type":"Polygon","properties":{"d":"90"}},{"arcs":[[-21189,-21188,-21187,-21186,-21185,-21184,-21183,-21182,-21181,-21180,-21179,-21178,-21177,-21176,-21175,-21174,-21173,-21172,-21171,5001,-21170,-21169,-21168,5005,-21167,-21166,-21165,5009,-21164,-21163,-21162,-21161,-21160,-21159,-21158,-21157,-21156,-21155,-21154,-21153,-21152,-21151,-21150,-21149,-21148,-20956,-13313,-20955,-20965,-20964,-20963,-20962,-20961,-20960,-20959,-20958,-20957,-20969,-20968,-21010,-21009,-21008,-21007,-21006,-21005,-21004,-21003,-21002,-21001,-21000,-20999,-20998,-20997,-20996,-20995,-20994,-20993,-20992,-21096,13514,13310,13913,21190,-13916,21191,13917]],"type":"Polygon","properties":{"d":"42"}},{"arcs":[[-20755,-20754,-20753,-20752,-20751,-20750,-20749,-20748,-20747,-20746,-20745,-20744,-20743,-16457,-16456,-16455,-16454,-16453,-16452,-16451,-16450,-16449,-16448,-16447,-16446,-16445,-16444,-16443,-16442,-16441,-16440,-16439,-16438,-16437,-16436,-16435,-16434,-16433,-16432,-16431,-16430,-16429,-16428,-16427,-16426,-14873,-14872,-14871,-14870,-14869,-14868,-14867,-14866,-15042,-15041,-15040,-15039,-5860,-20492,-20491,-20490,-20489,-20488,-20487,-20486,-21033,-21032,-21031,-21030,-21029,-21028,-21027,-21026,-21025,-21024,-21023,-21022,-21021,-21020,-21019,-21018,-21017,-873,-872,-17143,-5843,-17142,-17141,-20756]],"type":"Polygon","properties":{"d":"54"}},{"arcs":[[-19040,-19039,-19038,-19037,-19036,-20563,-20562,-21045,-15068,-21044,-15066,-21043,-15064,-15063,-15062,-15061,-15060,-19041]],"type":"Polygon","properties":{"d":"64"}},{"arcs":[[-21068,-20389,-20388,17003,-20387,17005,17006,-1965,17007,17008,17009,17010,4703]],"type":"Polygon","properties":{"d":"71"}},{"arcs":[[-20309,-20308,-13921,-13920,-13919,-13918,-21192,13915,-21191,-13914,-13311,-21095,-21190,-20316,-20315,-20314,-20313,-20312,-20311,-20310]],"type":"Polygon","properties":{"d":"40"}},{"arcs":[[-20920,-21101,-21100,-21099,-21098,-20906,2334,-20245,-20244,-20243,-20242,-20241,-20240,-20239,-5924,-20238,-5922,-20237,-20236,-20235,-20234,-20233,-20232,-20373,-20372,-20371,-20370,-20369,-20368,-20367,-20366,-20365,-20364,-20363,-20362,-20361,-20360,-20359,-20358,-20357,-20356,-20355,-20354,-20353,-20352,-20351,-20350,-20922,-20921]],"type":"Polygon","properties":{"d":"101"}},{"arcs":[[-17731,-17730,-17729,-17728,-17727,-17726,-17725,-17724,-17723,-17722,-17721,-17720,-17719,-17718,-17717,-17716,-17715,-17714,-17713,-17712,17401,3261,17402,3263,17403,3265,17404,3267,3268,17405,3270,17406,3272,17407,3274,17408,3276,17409,3278,17410,3280,17411,3282,17412,3284,17413,3286,3287,17414,3289,17415,3291,17416,3293,17417,17418,3296,17419,3298,17420,3300,3301,17421,3303,17422,3305,-19034,-19033,-19032,-19031,-19030,-19029,-19028,-19027,-19026,-19025,-19024,-19023,-19022,-19021,-19020,-19019,-19018,-19017,-19016,-19015,-19014,-19013,-19012,-19011,-19010,-19009,-19008,-19007,-19006,-19005,-19004,-19003,-19002,-19001,-19000,-18999,-18998,-18997,-18996,-18995,-18994,-18993,-18992,-18991,-18990,-18989,-18988,-18987,-18986,-18985,-18984,-18983,-18982,-18981,-18980,-18979,-18978,-18977,-18976,-18975,-18974,-18973,-18972,-18971,-18970,-18969,-18968,-18967,-18966,-18965,-18964,-18963,-18962,-18961,-18960,-18959,-18958,-18957,-18956,-18955,-18954,-18953,-18952,-18951,-18950,-18949,-18948,-18947,-18946,-18945,-18944,-18943,-18942,-18941,-18940,-18939,-18938,-18937,-18936,-18935,-18934,-18933,-18932,-18931,-18930,-18929,-18928,-18927,-18926,-18925,-18924,-18923,-18922,-18921,-18920,-18919,-18918,-18917,-18916,-18915,-18914,-18913,-18912,-18911,-18910,-18909,-18908,-18907,-18906,-18905,-18904,-18903,-18902,-18901,-18900,-18899,-18898,-18897,-18896,-18895,-18894,-18893,-18892,-18891,-18890,-18889,-18888,-18887,-18886,-18885,-18884,-18883,-18882,-18881,-18880,-18879,-18878,-18877,-18876,-18875,-18874,-18873,-18872,-18871,-18870,-18869,-18868,-18867,-18866,-18865,-18864,-18863,-18862,-18861,-18860,-18859,-18858,-18857,-18856,-18855,-18854,-18853,-18852,-18851,-18850,-18849,-18848,-18847,-18846,-18845,-18844,-18843,-18842,-18841,-18840,-18839,-18838,-18837,-18836,-18835,-18834,-18833,-18832,-18831,-18830,-18829,-18828,-18827,-18826,-18825,-18824,-18823,-18822,-18821,-18820,-18819,-18818,-18817,-18816,-18815,-18814,-18813,-18812,-18811,-18810,-18809,-18808,-18807,-18806,-18805,-18804,-18803,-18802,-18801,-18800,-18799,-18798,-18797,-18796,-18795,-18794,-18793,-18792,-18791,-18790,-18789,-18788,-18787,-18786,-18785,-18784,-18783,-18782,-18781,-18780,-18779,-18778,-18777,-18776,-18775,-18774,-18773,-18772,-18771,-18770,-18769,-18768,-18767,-18766,-18765,-18764,-2443,-18763,-18762,-18761,-18760,-18759,-18758,-18757,-18756,-18755,-18754,-18753,-18752,-18751,-18750,-18749,-18748,-18747,-18746,-18745,-2423,-18744,-18743,-18742,-18741,-18740,-18739,-18738,-18737,-18736,-18735,-18734,-18733,-18732,-18731,-18730,-18729,-18728,-18727,-18726,-18725,-18724,-18723,-18722,-18721,-18720,-18719,-18718,-18717,-18716,-18715,-18714,-18713,-18712,-18711,-18710,-18709,-18708,-18707,-18706,-18705,-18704,-18703,-18702,-18701,-18700,-18699,-18698,-18697,-18696,-18695,-18694,-18693,-18692,-18691,-18690,-18689,-18688,-18687,-18686,-18685,-18684,-18683,-18682,-18681,-18680,-18679,-18678,-18677,-18676,-18675,-18674,-18673,-18672,-18671,-18670,-18669,-18668,-18667,-18666,-18665,-18664,-18663,-18662,-18661,-18660,-18659,-18658,-18657,-18656,-18655,-18654,-18653,-18652,-18651,-18650,-18649,-18648,-18647,-18646,-18645,-18644,-18643,-18642,-18641,-18640,-18639,-18638,-18637,-18636,-18635,-18634,-18633,-18632,-18631,-18630,-18629,-18628,-18627,-18626,-18625,-18624,-18623,-18622,-18621,-18620,-18619,-18618,-18617,-18616,-18615,-18614,-18613,-18612,-18611,-18610,-18609,-18608,-18607,-18606,-18605,-18604,-18603,-18602,-18601,-18600,-18599,-18598,-18597,-18596,-18595,-18594,-18593,-18592,-18591,-18590,-18589,-18588,-18587,-18586,-18585,-18584,-17732]],"type":"Polygon","properties":{"d":"9"}}]}}}